Command line invocation:
    /Applications/Xcode.app/Contents/Developer/usr/bin/xcodebuild -workspace FinSafarMobile.xcworkspace -configuration Debug -scheme FinSafarMobile -destination id=DB8E7F90-FB2D-4385-B320-28EACCC7A691

ComputePackagePrebuildTargetDependencyGraph

Prepare packages

CreateBuildRequest

SendProjectDescription

CreateBuildOperation

ComputeTargetDependencyGraph
note: Building targets in dependency order
note: Target dependency graph (101 targets)
    Target 'FinSafarMobile' in project 'FinSafarMobile'
        ➜ Implicit dependency on target 'Pods-FinSafarMobile' in project 'Pods' via file 'Pods_FinSafarMobile.framework' in build phase 'Link Binary'
        ➜ Implicit dependency on target 'PromisesObjC' in project 'Pods' via options '-framework FBLPromises' in build setting 'OTHER_LDFLAGS'
        ➜ Implicit dependency on target 'FirebaseCore' in project 'Pods' via options '-framework FirebaseCore' in build setting 'OTHER_LDFLAGS'
        ➜ Implicit dependency on target 'FirebaseCoreExtension' in project 'Pods' via options '-framework FirebaseCoreExtension' in build setting 'OTHER_LDFLAGS'
        ➜ Implicit dependency on target 'FirebaseCoreInternal' in project 'Pods' via options '-framework FirebaseCoreInternal' in build setting 'OTHER_LDFLAGS'
        ➜ Implicit dependency on target 'FirebaseInstallations' in project 'Pods' via options '-framework FirebaseInstallations' in build setting 'OTHER_LDFLAGS'
        ➜ Implicit dependency on target 'FirebaseMessaging' in project 'Pods' via options '-framework FirebaseMessaging' in build setting 'OTHER_LDFLAGS'
        ➜ Implicit dependency on target 'GoogleDataTransport' in project 'Pods' via options '-framework GoogleDataTransport' in build setting 'OTHER_LDFLAGS'
        ➜ Implicit dependency on target 'GoogleUtilities' in project 'Pods' via options '-framework GoogleUtilities' in build setting 'OTHER_LDFLAGS'
        ➜ Implicit dependency on target 'RCTSwiftUI' in project 'Pods' via options '-framework RCTSwiftUI' in build setting 'OTHER_LDFLAGS'
        ➜ Implicit dependency on target 'RCTSwiftUIWrapper' in project 'Pods' via options '-framework RCTSwiftUIWrapper' in build setting 'OTHER_LDFLAGS'
        ➜ Implicit dependency on target 'RNCAsyncStorage' in project 'Pods' via options '-framework RNCAsyncStorage' in build setting 'OTHER_LDFLAGS'
        ➜ Implicit dependency on target 'RNFBApp' in project 'Pods' via options '-framework RNFBApp' in build setting 'OTHER_LDFLAGS'
        ➜ Implicit dependency on target 'RNFBMessaging' in project 'Pods' via options '-framework RNFBMessaging' in build setting 'OTHER_LDFLAGS'
        ➜ Implicit dependency on target 'ReactAppDependencyProvider' in project 'Pods' via options '-framework ReactAppDependencyProvider' in build setting 'OTHER_LDFLAGS'
        ➜ Implicit dependency on target 'ReactCodegen' in project 'Pods' via options '-framework ReactCodegen' in build setting 'OTHER_LDFLAGS'
        ➜ Implicit dependency on target 'nanopb' in project 'Pods' via options '-framework nanopb' in build setting 'OTHER_LDFLAGS'
        ➜ Implicit dependency on target 'react-native-safe-area-context' in project 'Pods' via options '-framework react_native_safe_area_context' in build setting 'OTHER_LDFLAGS'
    Target 'Pods-FinSafarMobile' in project 'Pods'
        ➜ Explicit dependency on target 'FBLazyVector' in project 'Pods'
        ➜ Explicit dependency on target 'Firebase' in project 'Pods'
        ➜ Explicit dependency on target 'FirebaseCore' in project 'Pods'
        ➜ Explicit dependency on target 'FirebaseCoreExtension' in project 'Pods'
        ➜ Explicit dependency on target 'FirebaseCoreInternal' in project 'Pods'
        ➜ Explicit dependency on target 'FirebaseInstallations' in project 'Pods'
        ➜ Explicit dependency on target 'FirebaseMessaging' in project 'Pods'
        ➜ Explicit dependency on target 'GoogleDataTransport' in project 'Pods'
        ➜ Explicit dependency on target 'GoogleUtilities' in project 'Pods'
        ➜ Explicit dependency on target 'PromisesObjC' in project 'Pods'
        ➜ Explicit dependency on target 'RCTDeprecation' in project 'Pods'
        ➜ Explicit dependency on target 'RCTRequired' in project 'Pods'
        ➜ Explicit dependency on target 'RCTSwiftUI' in project 'Pods'
        ➜ Explicit dependency on target 'RCTSwiftUIWrapper' in project 'Pods'
        ➜ Explicit dependency on target 'RCTTypeSafety' in project 'Pods'
        ➜ Explicit dependency on target 'RNCAsyncStorage' in project 'Pods'
        ➜ Explicit dependency on target 'RNFBApp' in project 'Pods'
        ➜ Explicit dependency on target 'RNFBMessaging' in project 'Pods'
        ➜ Explicit dependency on target 'React' in project 'Pods'
        ➜ Explicit dependency on target 'React-Core' in project 'Pods'
        ➜ Explicit dependency on target 'React-Core-prebuilt' in project 'Pods'
        ➜ Explicit dependency on target 'React-CoreModules' in project 'Pods'
        ➜ Explicit dependency on target 'React-Fabric' in project 'Pods'
        ➜ Explicit dependency on target 'React-FabricComponents' in project 'Pods'
        ➜ Explicit dependency on target 'React-FabricImage' in project 'Pods'
        ➜ Explicit dependency on target 'React-ImageManager' in project 'Pods'
        ➜ Explicit dependency on target 'React-Mapbuffer' in project 'Pods'
        ➜ Explicit dependency on target 'React-NativeModulesApple' in project 'Pods'
        ➜ Explicit dependency on target 'React-RCTActionSheet' in project 'Pods'
        ➜ Explicit dependency on target 'React-RCTAnimation' in project 'Pods'
        ➜ Explicit dependency on target 'React-RCTAppDelegate' in project 'Pods'
        ➜ Explicit dependency on target 'React-RCTBlob' in project 'Pods'
        ➜ Explicit dependency on target 'React-RCTFBReactNativeSpec' in project 'Pods'
        ➜ Explicit dependency on target 'React-RCTFabric' in project 'Pods'
        ➜ Explicit dependency on target 'React-RCTImage' in project 'Pods'
        ➜ Explicit dependency on target 'React-RCTLinking' in project 'Pods'
        ➜ Explicit dependency on target 'React-RCTNetwork' in project 'Pods'
        ➜ Explicit dependency on target 'React-RCTRuntime' in project 'Pods'
        ➜ Explicit dependency on target 'React-RCTSettings' in project 'Pods'
        ➜ Explicit dependency on target 'React-RCTText' in project 'Pods'
        ➜ Explicit dependency on target 'React-RCTVibration' in project 'Pods'
        ➜ Explicit dependency on target 'React-RuntimeApple' in project 'Pods'
        ➜ Explicit dependency on target 'React-RuntimeCore' in project 'Pods'
        ➜ Explicit dependency on target 'React-RuntimeHermes' in project 'Pods'
        ➜ Explicit dependency on target 'React-callinvoker' in project 'Pods'
        ➜ Explicit dependency on target 'React-cxxreact' in project 'Pods'
        ➜ Explicit dependency on target 'React-debug' in project 'Pods'
        ➜ Explicit dependency on target 'React-defaultsnativemodule' in project 'Pods'
        ➜ Explicit dependency on target 'React-domnativemodule' in project 'Pods'
        ➜ Explicit dependency on target 'React-featureflags' in project 'Pods'
        ➜ Explicit dependency on target 'React-featureflagsnativemodule' in project 'Pods'
        ➜ Explicit dependency on target 'React-graphics' in project 'Pods'
        ➜ Explicit dependency on target 'React-hermes' in project 'Pods'
        ➜ Explicit dependency on target 'React-idlecallbacksnativemodule' in project 'Pods'
        ➜ Explicit dependency on target 'React-intersectionobservernativemodule' in project 'Pods'
        ➜ Explicit dependency on target 'React-jserrorhandler' in project 'Pods'
        ➜ Explicit dependency on target 'React-jsi' in project 'Pods'
        ➜ Explicit dependency on target 'React-jsiexecutor' in project 'Pods'
        ➜ Explicit dependency on target 'React-jsinspector' in project 'Pods'
        ➜ Explicit dependency on target 'React-jsinspectorcdp' in project 'Pods'
        ➜ Explicit dependency on target 'React-jsinspectornetwork' in project 'Pods'
        ➜ Explicit dependency on target 'React-jsinspectortracing' in project 'Pods'
        ➜ Explicit dependency on target 'React-jsitooling' in project 'Pods'
        ➜ Explicit dependency on target 'React-jsitracing' in project 'Pods'
        ➜ Explicit dependency on target 'React-logger' in project 'Pods'
        ➜ Explicit dependency on target 'React-microtasksnativemodule' in project 'Pods'
        ➜ Explicit dependency on target 'React-networking' in project 'Pods'
        ➜ Explicit dependency on target 'React-oscompat' in project 'Pods'
        ➜ Explicit dependency on target 'React-perflogger' in project 'Pods'
        ➜ Explicit dependency on target 'React-performancecdpmetrics' in project 'Pods'
        ➜ Explicit dependency on target 'React-performancetimeline' in project 'Pods'
        ➜ Explicit dependency on target 'React-rendererconsistency' in project 'Pods'
        ➜ Explicit dependency on target 'React-renderercss' in project 'Pods'
        ➜ Explicit dependency on target 'React-rendererdebug' in project 'Pods'
        ➜ Explicit dependency on target 'React-runtimeexecutor' in project 'Pods'
        ➜ Explicit dependency on target 'React-runtimescheduler' in project 'Pods'
        ➜ Explicit dependency on target 'React-timing' in project 'Pods'
        ➜ Explicit dependency on target 'React-utils' in project 'Pods'
        ➜ Explicit dependency on target 'React-webperformancenativemodule' in project 'Pods'
        ➜ Explicit dependency on target 'ReactAppDependencyProvider' in project 'Pods'
        ➜ Explicit dependency on target 'ReactCodegen' in project 'Pods'
        ➜ Explicit dependency on target 'ReactCommon' in project 'Pods'
        ➜ Explicit dependency on target 'ReactNativeDependencies' in project 'Pods'
        ➜ Explicit dependency on target 'Yoga' in project 'Pods'
        ➜ Explicit dependency on target 'hermes-engine' in project 'Pods'
        ➜ Explicit dependency on target 'nanopb' in project 'Pods'
        ➜ Explicit dependency on target 'react-native-safe-area-context' in project 'Pods'
    Target 'react-native-safe-area-context' in project 'Pods'
        ➜ Explicit dependency on target 'RCTRequired' in project 'Pods'
        ➜ Explicit dependency on target 'RCTTypeSafety' in project 'Pods'
        ➜ Explicit dependency on target 'React-Core' in project 'Pods'
        ➜ Explicit dependency on target 'React-Core-prebuilt' in project 'Pods'
        ➜ Explicit dependency on target 'React-Fabric' in project 'Pods'
        ➜ Explicit dependency on target 'React-ImageManager' in project 'Pods'
        ➜ Explicit dependency on target 'React-NativeModulesApple' in project 'Pods'
        ➜ Explicit dependency on target 'React-RCTFabric' in project 'Pods'
        ➜ Explicit dependency on target 'React-debug' in project 'Pods'
        ➜ Explicit dependency on target 'React-featureflags' in project 'Pods'
        ➜ Explicit dependency on target 'React-graphics' in project 'Pods'
        ➜ Explicit dependency on target 'React-jsi' in project 'Pods'
        ➜ Explicit dependency on target 'React-renderercss' in project 'Pods'
        ➜ Explicit dependency on target 'React-rendererdebug' in project 'Pods'
        ➜ Explicit dependency on target 'React-utils' in project 'Pods'
        ➜ Explicit dependency on target 'ReactCodegen' in project 'Pods'
        ➜ Explicit dependency on target 'ReactCommon' in project 'Pods'
        ➜ Explicit dependency on target 'ReactNativeDependencies' in project 'Pods'
        ➜ Explicit dependency on target 'Yoga' in project 'Pods'
        ➜ Explicit dependency on target 'hermes-engine' in project 'Pods'
    Target 'ReactAppDependencyProvider' in project 'Pods'
        ➜ Explicit dependency on target 'ReactCodegen' in project 'Pods'
    Target 'React' in project 'Pods'
        ➜ Explicit dependency on target 'React-Core' in project 'Pods'
        ➜ Explicit dependency on target 'React-RCTActionSheet' in project 'Pods'
        ➜ Explicit dependency on target 'React-RCTAnimation' in project 'Pods'
        ➜ Explicit dependency on target 'React-RCTBlob' in project 'Pods'
        ➜ Explicit dependency on target 'React-RCTImage' in project 'Pods'
        ➜ Explicit dependency on target 'React-RCTLinking' in project 'Pods'
        ➜ Explicit dependency on target 'React-RCTNetwork' in project 'Pods'
        ➜ Explicit dependency on target 'React-RCTSettings' in project 'Pods'
        ➜ Explicit dependency on target 'React-RCTText' in project 'Pods'
        ➜ Explicit dependency on target 'React-RCTVibration' in project 'Pods'
    Target 'React-RCTVibration' in project 'Pods'
        ➜ Explicit dependency on target 'React-Core' in project 'Pods'
        ➜ Explicit dependency on target 'React-Core-prebuilt' in project 'Pods'
        ➜ Explicit dependency on target 'React-jsi' in project 'Pods'
        ➜ Explicit dependency on target 'React-NativeModulesApple' in project 'Pods'
        ➜ Explicit dependency on target 'React-RCTFBReactNativeSpec' in project 'Pods'
        ➜ Explicit dependency on target 'ReactCommon' in project 'Pods'
        ➜ Explicit dependency on target 'ReactNativeDependencies' in project 'Pods'
    Target 'React-RCTSettings' in project 'Pods'
        ➜ Explicit dependency on target 'RCTTypeSafety' in project 'Pods'
        ➜ Explicit dependency on target 'React-Core' in project 'Pods'
        ➜ Explicit dependency on target 'React-Core-prebuilt' in project 'Pods'
        ➜ Explicit dependency on target 'React-jsi' in project 'Pods'
        ➜ Explicit dependency on target 'React-NativeModulesApple' in project 'Pods'
        ➜ Explicit dependency on target 'React-RCTFBReactNativeSpec' in project 'Pods'
        ➜ Explicit dependency on target 'ReactCommon' in project 'Pods'
        ➜ Explicit dependency on target 'ReactNativeDependencies' in project 'Pods'
    Target 'React-RCTLinking' in project 'Pods'
        ➜ Explicit dependency on target 'React-Core' in project 'Pods'
        ➜ Explicit dependency on target 'React-jsi' in project 'Pods'
        ➜ Explicit dependency on target 'React-NativeModulesApple' in project 'Pods'
        ➜ Explicit dependency on target 'React-RCTFBReactNativeSpec' in project 'Pods'
        ➜ Explicit dependency on target 'ReactCommon' in project 'Pods'
    Target 'React-RCTActionSheet' in project 'Pods'
        ➜ Explicit dependency on target 'React-Core' in project 'Pods'
    Target 'RNFBMessaging' in project 'Pods'
        ➜ Explicit dependency on target 'Firebase' in project 'Pods'
        ➜ Explicit dependency on target 'FirebaseCoreExtension' in project 'Pods'
        ➜ Explicit dependency on target 'RCTRequired' in project 'Pods'
        ➜ Explicit dependency on target 'RCTTypeSafety' in project 'Pods'
        ➜ Explicit dependency on target 'RNFBApp' in project 'Pods'
        ➜ Explicit dependency on target 'React-Core' in project 'Pods'
        ➜ Explicit dependency on target 'React-Core-prebuilt' in project 'Pods'
        ➜ Explicit dependency on target 'React-Fabric' in project 'Pods'
        ➜ Explicit dependency on target 'React-ImageManager' in project 'Pods'
        ➜ Explicit dependency on target 'React-NativeModulesApple' in project 'Pods'
        ➜ Explicit dependency on target 'React-RCTFabric' in project 'Pods'
        ➜ Explicit dependency on target 'React-debug' in project 'Pods'
        ➜ Explicit dependency on target 'React-featureflags' in project 'Pods'
        ➜ Explicit dependency on target 'React-graphics' in project 'Pods'
        ➜ Explicit dependency on target 'React-jsi' in project 'Pods'
        ➜ Explicit dependency on target 'React-renderercss' in project 'Pods'
        ➜ Explicit dependency on target 'React-rendererdebug' in project 'Pods'
        ➜ Explicit dependency on target 'React-utils' in project 'Pods'
        ➜ Explicit dependency on target 'ReactCodegen' in project 'Pods'
        ➜ Explicit dependency on target 'ReactCommon' in project 'Pods'
        ➜ Explicit dependency on target 'ReactNativeDependencies' in project 'Pods'
        ➜ Explicit dependency on target 'Yoga' in project 'Pods'
        ➜ Explicit dependency on target 'hermes-engine' in project 'Pods'
    Target 'RNFBApp' in project 'Pods'
        ➜ Explicit dependency on target 'Firebase' in project 'Pods'
        ➜ Explicit dependency on target 'RCTRequired' in project 'Pods'
        ➜ Explicit dependency on target 'RCTTypeSafety' in project 'Pods'
        ➜ Explicit dependency on target 'React-Core' in project 'Pods'
        ➜ Explicit dependency on target 'React-Core-prebuilt' in project 'Pods'
        ➜ Explicit dependency on target 'React-Fabric' in project 'Pods'
        ➜ Explicit dependency on target 'React-ImageManager' in project 'Pods'
        ➜ Explicit dependency on target 'React-NativeModulesApple' in project 'Pods'
        ➜ Explicit dependency on target 'React-RCTFabric' in project 'Pods'
        ➜ Explicit dependency on target 'React-debug' in project 'Pods'
        ➜ Explicit dependency on target 'React-featureflags' in project 'Pods'
        ➜ Explicit dependency on target 'React-graphics' in project 'Pods'
        ➜ Explicit dependency on target 'React-jsi' in project 'Pods'
        ➜ Explicit dependency on target 'React-renderercss' in project 'Pods'
        ➜ Explicit dependency on target 'React-rendererdebug' in project 'Pods'
        ➜ Explicit dependency on target 'React-utils' in project 'Pods'
        ➜ Explicit dependency on target 'ReactCodegen' in project 'Pods'
        ➜ Explicit dependency on target 'ReactCommon' in project 'Pods'
        ➜ Explicit dependency on target 'ReactNativeDependencies' in project 'Pods'
        ➜ Explicit dependency on target 'Yoga' in project 'Pods'
        ➜ Explicit dependency on target 'hermes-engine' in project 'Pods'
    Target 'RNCAsyncStorage' in project 'Pods'
        ➜ Explicit dependency on target 'RCTRequired' in project 'Pods'
        ➜ Explicit dependency on target 'RCTTypeSafety' in project 'Pods'
        ➜ Explicit dependency on target 'RNCAsyncStorage-RNCAsyncStorage_resources' in project 'Pods'
        ➜ Explicit dependency on target 'React-Core' in project 'Pods'
        ➜ Explicit dependency on target 'React-Core-prebuilt' in project 'Pods'
        ➜ Explicit dependency on target 'React-Fabric' in project 'Pods'
        ➜ Explicit dependency on target 'React-ImageManager' in project 'Pods'
        ➜ Explicit dependency on target 'React-NativeModulesApple' in project 'Pods'
        ➜ Explicit dependency on target 'React-RCTFabric' in project 'Pods'
        ➜ Explicit dependency on target 'React-debug' in project 'Pods'
        ➜ Explicit dependency on target 'React-featureflags' in project 'Pods'
        ➜ Explicit dependency on target 'React-graphics' in project 'Pods'
        ➜ Explicit dependency on target 'React-jsi' in project 'Pods'
        ➜ Explicit dependency on target 'React-renderercss' in project 'Pods'
        ➜ Explicit dependency on target 'React-rendererdebug' in project 'Pods'
        ➜ Explicit dependency on target 'React-utils' in project 'Pods'
        ➜ Explicit dependency on target 'ReactCodegen' in project 'Pods'
        ➜ Explicit dependency on target 'ReactCommon' in project 'Pods'
        ➜ Explicit dependency on target 'ReactNativeDependencies' in project 'Pods'
        ➜ Explicit dependency on target 'Yoga' in project 'Pods'
        ➜ Explicit dependency on target 'hermes-engine' in project 'Pods'
    Target 'ReactCodegen' in project 'Pods'
        ➜ Explicit dependency on target 'RCTRequired' in project 'Pods'
        ➜ Explicit dependency on target 'RCTTypeSafety' in project 'Pods'
        ➜ Explicit dependency on target 'React-Core' in project 'Pods'
        ➜ Explicit dependency on target 'React-Core-prebuilt' in project 'Pods'
        ➜ Explicit dependency on target 'React-Fabric' in project 'Pods'
        ➜ Explicit dependency on target 'React-FabricImage' in project 'Pods'
        ➜ Explicit dependency on target 'React-NativeModulesApple' in project 'Pods'
        ➜ Explicit dependency on target 'React-RCTAppDelegate' in project 'Pods'
        ➜ Explicit dependency on target 'React-debug' in project 'Pods'
        ➜ Explicit dependency on target 'React-featureflags' in project 'Pods'
        ➜ Explicit dependency on target 'React-graphics' in project 'Pods'
        ➜ Explicit dependency on target 'React-jsi' in project 'Pods'
        ➜ Explicit dependency on target 'React-jsiexecutor' in project 'Pods'
        ➜ Explicit dependency on target 'React-rendererdebug' in project 'Pods'
        ➜ Explicit dependency on target 'React-utils' in project 'Pods'
        ➜ Explicit dependency on target 'ReactCommon' in project 'Pods'
        ➜ Explicit dependency on target 'ReactNativeDependencies' in project 'Pods'
        ➜ Explicit dependency on target 'hermes-engine' in project 'Pods'
    Target 'React-RCTAppDelegate' in project 'Pods'
        ➜ Explicit dependency on target 'hermes-engine' in project 'Pods'
        ➜ Explicit dependency on target 'RCTRequired' in project 'Pods'
        ➜ Explicit dependency on target 'RCTTypeSafety' in project 'Pods'
        ➜ Explicit dependency on target 'React-Core' in project 'Pods'
        ➜ Explicit dependency on target 'React-Core-prebuilt' in project 'Pods'
        ➜ Explicit dependency on target 'React-CoreModules' in project 'Pods'
        ➜ Explicit dependency on target 'React-debug' in project 'Pods'
        ➜ Explicit dependency on target 'React-defaultsnativemodule' in project 'Pods'
        ➜ Explicit dependency on target 'React-Fabric' in project 'Pods'
        ➜ Explicit dependency on target 'React-featureflags' in project 'Pods'
        ➜ Explicit dependency on target 'React-graphics' in project 'Pods'
        ➜ Explicit dependency on target 'React-hermes' in project 'Pods'
        ➜ Explicit dependency on target 'React-jsitooling' in project 'Pods'
        ➜ Explicit dependency on target 'React-NativeModulesApple' in project 'Pods'
        ➜ Explicit dependency on target 'React-RCTFabric' in project 'Pods'
        ➜ Explicit dependency on target 'React-RCTFBReactNativeSpec' in project 'Pods'
        ➜ Explicit dependency on target 'React-RCTImage' in project 'Pods'
        ➜ Explicit dependency on target 'React-RCTNetwork' in project 'Pods'
        ➜ Explicit dependency on target 'React-RCTRuntime' in project 'Pods'
        ➜ Explicit dependency on target 'React-rendererdebug' in project 'Pods'
        ➜ Explicit dependency on target 'React-RuntimeApple' in project 'Pods'
        ➜ Explicit dependency on target 'React-RuntimeCore' in project 'Pods'
        ➜ Explicit dependency on target 'React-runtimeexecutor' in project 'Pods'
        ➜ Explicit dependency on target 'React-runtimescheduler' in project 'Pods'
        ➜ Explicit dependency on target 'React-utils' in project 'Pods'
        ➜ Explicit dependency on target 'ReactCommon' in project 'Pods'
        ➜ Explicit dependency on target 'ReactNativeDependencies' in project 'Pods'
    Target 'React-RCTRuntime' in project 'Pods'
        ➜ Explicit dependency on target 'hermes-engine' in project 'Pods'
        ➜ Explicit dependency on target 'React-Core' in project 'Pods'
        ➜ Explicit dependency on target 'React-Core-prebuilt' in project 'Pods'
        ➜ Explicit dependency on target 'React-debug' in project 'Pods'
        ➜ Explicit dependency on target 'React-jsi' in project 'Pods'
        ➜ Explicit dependency on target 'React-jsinspector' in project 'Pods'
        ➜ Explicit dependency on target 'React-jsinspectorcdp' in project 'Pods'
        ➜ Explicit dependency on target 'React-jsinspectortracing' in project 'Pods'
        ➜ Explicit dependency on target 'React-jsitooling' in project 'Pods'
        ➜ Explicit dependency on target 'React-RuntimeApple' in project 'Pods'
        ➜ Explicit dependency on target 'React-RuntimeCore' in project 'Pods'
        ➜ Explicit dependency on target 'React-runtimeexecutor' in project 'Pods'
        ➜ Explicit dependency on target 'React-RuntimeHermes' in project 'Pods'
        ➜ Explicit dependency on target 'React-utils' in project 'Pods'
        ➜ Explicit dependency on target 'ReactNativeDependencies' in project 'Pods'
    Target 'React-RuntimeApple' in project 'Pods'
        ➜ Explicit dependency on target 'hermes-engine' in project 'Pods'
        ➜ Explicit dependency on target 'React-callinvoker' in project 'Pods'
        ➜ Explicit dependency on target 'React-Core' in project 'Pods'
        ➜ Explicit dependency on target 'React-Core-prebuilt' in project 'Pods'
        ➜ Explicit dependency on target 'React-CoreModules' in project 'Pods'
        ➜ Explicit dependency on target 'React-cxxreact' in project 'Pods'
        ➜ Explicit dependency on target 'React-featureflags' in project 'Pods'
        ➜ Explicit dependency on target 'React-jserrorhandler' in project 'Pods'
        ➜ Explicit dependency on target 'React-jsi' in project 'Pods'
        ➜ Explicit dependency on target 'React-jsiexecutor' in project 'Pods'
        ➜ Explicit dependency on target 'React-jsinspector' in project 'Pods'
        ➜ Explicit dependency on target 'React-jsitooling' in project 'Pods'
        ➜ Explicit dependency on target 'React-Mapbuffer' in project 'Pods'
        ➜ Explicit dependency on target 'React-NativeModulesApple' in project 'Pods'
        ➜ Explicit dependency on target 'React-RCTFabric' in project 'Pods'
        ➜ Explicit dependency on target 'React-RCTFBReactNativeSpec' in project 'Pods'
        ➜ Explicit dependency on target 'React-RuntimeCore' in project 'Pods'
        ➜ Explicit dependency on target 'React-runtimeexecutor' in project 'Pods'
        ➜ Explicit dependency on target 'React-RuntimeHermes' in project 'Pods'
        ➜ Explicit dependency on target 'React-runtimescheduler' in project 'Pods'
        ➜ Explicit dependency on target 'React-utils' in project 'Pods'
        ➜ Explicit dependency on target 'ReactNativeDependencies' in project 'Pods'
    Target 'React-RuntimeHermes' in project 'Pods'
        ➜ Explicit dependency on target 'hermes-engine' in project 'Pods'
        ➜ Explicit dependency on target 'React-Core-prebuilt' in project 'Pods'
        ➜ Explicit dependency on target 'React-featureflags' in project 'Pods'
        ➜ Explicit dependency on target 'React-hermes' in project 'Pods'
        ➜ Explicit dependency on target 'React-jsi' in project 'Pods'
        ➜ Explicit dependency on target 'React-jsinspector' in project 'Pods'
        ➜ Explicit dependency on target 'React-jsinspectorcdp' in project 'Pods'
        ➜ Explicit dependency on target 'React-jsinspectortracing' in project 'Pods'
        ➜ Explicit dependency on target 'React-jsitooling' in project 'Pods'
        ➜ Explicit dependency on target 'React-jsitracing' in project 'Pods'
        ➜ Explicit dependency on target 'React-RuntimeCore' in project 'Pods'
        ➜ Explicit dependency on target 'React-runtimeexecutor' in project 'Pods'
        ➜ Explicit dependency on target 'React-utils' in project 'Pods'
        ➜ Explicit dependency on target 'ReactNativeDependencies' in project 'Pods'
    Target 'React-jsitracing' in project 'Pods'
        ➜ Explicit dependency on target 'React-jsi' in project 'Pods'
    Target 'React-RuntimeCore' in project 'Pods'
        ➜ Explicit dependency on target 'hermes-engine' in project 'Pods'
        ➜ Explicit dependency on target 'React-Core-prebuilt' in project 'Pods'
        ➜ Explicit dependency on target 'React-cxxreact' in project 'Pods'
        ➜ Explicit dependency on target 'React-Fabric' in project 'Pods'
        ➜ Explicit dependency on target 'React-featureflags' in project 'Pods'
        ➜ Explicit dependency on target 'React-jserrorhandler' in project 'Pods'
        ➜ Explicit dependency on target 'React-jsi' in project 'Pods'
        ➜ Explicit dependency on target 'React-jsiexecutor' in project 'Pods'
        ➜ Explicit dependency on target 'React-jsinspector' in project 'Pods'
        ➜ Explicit dependency on target 'React-jsitooling' in project 'Pods'
        ➜ Explicit dependency on target 'React-performancetimeline' in project 'Pods'
        ➜ Explicit dependency on target 'React-runtimeexecutor' in project 'Pods'
        ➜ Explicit dependency on target 'React-runtimescheduler' in project 'Pods'
        ➜ Explicit dependency on target 'React-utils' in project 'Pods'
        ➜ Explicit dependency on target 'ReactNativeDependencies' in project 'Pods'
    Target 'React-Mapbuffer' in project 'Pods'
        ➜ Explicit dependency on target 'React-Core-prebuilt' in project 'Pods'
        ➜ Explicit dependency on target 'React-debug' in project 'Pods'
        ➜ Explicit dependency on target 'ReactNativeDependencies' in project 'Pods'
    Target 'React-defaultsnativemodule' in project 'Pods'
        ➜ Explicit dependency on target 'hermes-engine' in project 'Pods'
        ➜ Explicit dependency on target 'React-Core-prebuilt' in project 'Pods'
        ➜ Explicit dependency on target 'React-domnativemodule' in project 'Pods'
        ➜ Explicit dependency on target 'React-featureflags' in project 'Pods'
        ➜ Explicit dependency on target 'React-featureflagsnativemodule' in project 'Pods'
        ➜ Explicit dependency on target 'React-idlecallbacksnativemodule' in project 'Pods'
        ➜ Explicit dependency on target 'React-intersectionobservernativemodule' in project 'Pods'
        ➜ Explicit dependency on target 'React-jsi' in project 'Pods'
        ➜ Explicit dependency on target 'React-jsiexecutor' in project 'Pods'
        ➜ Explicit dependency on target 'React-microtasksnativemodule' in project 'Pods'
        ➜ Explicit dependency on target 'React-RCTFBReactNativeSpec' in project 'Pods'
        ➜ Explicit dependency on target 'React-webperformancenativemodule' in project 'Pods'
        ➜ Explicit dependency on target 'ReactNativeDependencies' in project 'Pods'
        ➜ Explicit dependency on target 'Yoga' in project 'Pods'
    Target 'React-webperformancenativemodule' in project 'Pods'
        ➜ Explicit dependency on target 'hermes-engine' in project 'Pods'
        ➜ Explicit dependency on target 'React-Core-prebuilt' in project 'Pods'
        ➜ Explicit dependency on target 'React-cxxreact' in project 'Pods'
        ➜ Explicit dependency on target 'React-jsi' in project 'Pods'
        ➜ Explicit dependency on target 'React-jsiexecutor' in project 'Pods'
        ➜ Explicit dependency on target 'React-performancetimeline' in project 'Pods'
        ➜ Explicit dependency on target 'React-RCTFBReactNativeSpec' in project 'Pods'
        ➜ Explicit dependency on target 'React-runtimeexecutor' in project 'Pods'
        ➜ Explicit dependency on target 'ReactCommon' in project 'Pods'
        ➜ Explicit dependency on target 'ReactNativeDependencies' in project 'Pods'
    Target 'React-microtasksnativemodule' in project 'Pods'
        ➜ Explicit dependency on target 'hermes-engine' in project 'Pods'
        ➜ Explicit dependency on target 'React-Core-prebuilt' in project 'Pods'
        ➜ Explicit dependency on target 'React-jsi' in project 'Pods'
        ➜ Explicit dependency on target 'React-jsiexecutor' in project 'Pods'
        ➜ Explicit dependency on target 'React-RCTFBReactNativeSpec' in project 'Pods'
        ➜ Explicit dependency on target 'ReactCommon' in project 'Pods'
        ➜ Explicit dependency on target 'ReactNativeDependencies' in project 'Pods'
    Target 'React-intersectionobservernativemodule' in project 'Pods'
        ➜ Explicit dependency on target 'hermes-engine' in project 'Pods'
        ➜ Explicit dependency on target 'React-Core-prebuilt' in project 'Pods'
        ➜ Explicit dependency on target 'React-cxxreact' in project 'Pods'
        ➜ Explicit dependency on target 'React-Fabric' in project 'Pods'
        ➜ Explicit dependency on target 'React-graphics' in project 'Pods'
        ➜ Explicit dependency on target 'React-jsi' in project 'Pods'
        ➜ Explicit dependency on target 'React-jsiexecutor' in project 'Pods'
        ➜ Explicit dependency on target 'React-RCTFBReactNativeSpec' in project 'Pods'
        ➜ Explicit dependency on target 'React-runtimeexecutor' in project 'Pods'
        ➜ Explicit dependency on target 'React-runtimescheduler' in project 'Pods'
        ➜ Explicit dependency on target 'ReactCommon' in project 'Pods'
        ➜ Explicit dependency on target 'ReactNativeDependencies' in project 'Pods'
        ➜ Explicit dependency on target 'Yoga' in project 'Pods'
    Target 'React-idlecallbacksnativemodule' in project 'Pods'
        ➜ Explicit dependency on target 'hermes-engine' in project 'Pods'
        ➜ Explicit dependency on target 'React-Core-prebuilt' in project 'Pods'
        ➜ Explicit dependency on target 'React-jsi' in project 'Pods'
        ➜ Explicit dependency on target 'React-jsiexecutor' in project 'Pods'
        ➜ Explicit dependency on target 'React-RCTFBReactNativeSpec' in project 'Pods'
        ➜ Explicit dependency on target 'React-runtimeexecutor' in project 'Pods'
        ➜ Explicit dependency on target 'React-runtimescheduler' in project 'Pods'
        ➜ Explicit dependency on target 'ReactCommon' in project 'Pods'
        ➜ Explicit dependency on target 'ReactNativeDependencies' in project 'Pods'
    Target 'React-featureflagsnativemodule' in project 'Pods'
        ➜ Explicit dependency on target 'hermes-engine' in project 'Pods'
        ➜ Explicit dependency on target 'React-Core-prebuilt' in project 'Pods'
        ➜ Explicit dependency on target 'React-featureflags' in project 'Pods'
        ➜ Explicit dependency on target 'React-jsi' in project 'Pods'
        ➜ Explicit dependency on target 'React-jsiexecutor' in project 'Pods'
        ➜ Explicit dependency on target 'React-RCTFBReactNativeSpec' in project 'Pods'
        ➜ Explicit dependency on target 'ReactCommon' in project 'Pods'
        ➜ Explicit dependency on target 'ReactNativeDependencies' in project 'Pods'
    Target 'React-domnativemodule' in project 'Pods'
        ➜ Explicit dependency on target 'hermes-engine' in project 'Pods'
        ➜ Explicit dependency on target 'React-Core-prebuilt' in project 'Pods'
        ➜ Explicit dependency on target 'React-Fabric' in project 'Pods'
        ➜ Explicit dependency on target 'React-FabricComponents' in project 'Pods'
        ➜ Explicit dependency on target 'React-graphics' in project 'Pods'
        ➜ Explicit dependency on target 'React-jsi' in project 'Pods'
        ➜ Explicit dependency on target 'React-jsiexecutor' in project 'Pods'
        ➜ Explicit dependency on target 'React-RCTFBReactNativeSpec' in project 'Pods'
        ➜ Explicit dependency on target 'React-runtimeexecutor' in project 'Pods'
        ➜ Explicit dependency on target 'ReactCommon' in project 'Pods'
        ➜ Explicit dependency on target 'ReactNativeDependencies' in project 'Pods'
        ➜ Explicit dependency on target 'Yoga' in project 'Pods'
    Target 'React-CoreModules' in project 'Pods'
        ➜ Explicit dependency on target 'RCTTypeSafety' in project 'Pods'
        ➜ Explicit dependency on target 'React-Core' in project 'Pods'
        ➜ Explicit dependency on target 'React-Core-prebuilt' in project 'Pods'
        ➜ Explicit dependency on target 'React-debug' in project 'Pods'
        ➜ Explicit dependency on target 'React-jsi' in project 'Pods'
        ➜ Explicit dependency on target 'React-jsinspector' in project 'Pods'
        ➜ Explicit dependency on target 'React-jsinspectorcdp' in project 'Pods'
        ➜ Explicit dependency on target 'React-jsinspectortracing' in project 'Pods'
        ➜ Explicit dependency on target 'React-NativeModulesApple' in project 'Pods'
        ➜ Explicit dependency on target 'React-RCTBlob' in project 'Pods'
        ➜ Explicit dependency on target 'React-RCTFBReactNativeSpec' in project 'Pods'
        ➜ Explicit dependency on target 'React-RCTImage' in project 'Pods'
        ➜ Explicit dependency on target 'React-runtimeexecutor' in project 'Pods'
        ➜ Explicit dependency on target 'React-utils' in project 'Pods'
        ➜ Explicit dependency on target 'ReactCommon' in project 'Pods'
        ➜ Explicit dependency on target 'ReactNativeDependencies' in project 'Pods'
    Target 'React-RCTBlob' in project 'Pods'
        ➜ Explicit dependency on target 'hermes-engine' in project 'Pods'
        ➜ Explicit dependency on target 'React-Core' in project 'Pods'
        ➜ Explicit dependency on target 'React-Core-prebuilt' in project 'Pods'
        ➜ Explicit dependency on target 'React-jsi' in project 'Pods'
        ➜ Explicit dependency on target 'React-jsinspector' in project 'Pods'
        ➜ Explicit dependency on target 'React-jsinspectorcdp' in project 'Pods'
        ➜ Explicit dependency on target 'React-NativeModulesApple' in project 'Pods'
        ➜ Explicit dependency on target 'React-RCTFBReactNativeSpec' in project 'Pods'
        ➜ Explicit dependency on target 'React-RCTNetwork' in project 'Pods'
        ➜ Explicit dependency on target 'ReactCommon' in project 'Pods'
        ➜ Explicit dependency on target 'ReactNativeDependencies' in project 'Pods'
    Target 'React-RCTFabric' in project 'Pods'
        ➜ Explicit dependency on target 'hermes-engine' in project 'Pods'
        ➜ Explicit dependency on target 'RCTSwiftUIWrapper' in project 'Pods'
        ➜ Explicit dependency on target 'React-Core' in project 'Pods'
        ➜ Explicit dependency on target 'React-Core-prebuilt' in project 'Pods'
        ➜ Explicit dependency on target 'React-debug' in project 'Pods'
        ➜ Explicit dependency on target 'React-Fabric' in project 'Pods'
        ➜ Explicit dependency on target 'React-FabricComponents' in project 'Pods'
        ➜ Explicit dependency on target 'React-FabricImage' in project 'Pods'
        ➜ Explicit dependency on target 'React-featureflags' in project 'Pods'
        ➜ Explicit dependency on target 'React-graphics' in project 'Pods'
        ➜ Explicit dependency on target 'React-ImageManager' in project 'Pods'
        ➜ Explicit dependency on target 'React-jsi' in project 'Pods'
        ➜ Explicit dependency on target 'React-jsinspector' in project 'Pods'
        ➜ Explicit dependency on target 'React-jsinspectorcdp' in project 'Pods'
        ➜ Explicit dependency on target 'React-jsinspectortracing' in project 'Pods'
        ➜ Explicit dependency on target 'React-networking' in project 'Pods'
        ➜ Explicit dependency on target 'React-performancecdpmetrics' in project 'Pods'
        ➜ Explicit dependency on target 'React-performancetimeline' in project 'Pods'
        ➜ Explicit dependency on target 'React-RCTAnimation' in project 'Pods'
        ➜ Explicit dependency on target 'React-RCTFBReactNativeSpec' in project 'Pods'
        ➜ Explicit dependency on target 'React-RCTImage' in project 'Pods'
        ➜ Explicit dependency on target 'React-RCTText' in project 'Pods'
        ➜ Explicit dependency on target 'React-rendererconsistency' in project 'Pods'
        ➜ Explicit dependency on target 'React-renderercss' in project 'Pods'
        ➜ Explicit dependency on target 'React-rendererdebug' in project 'Pods'
        ➜ Explicit dependency on target 'React-runtimeexecutor' in project 'Pods'
        ➜ Explicit dependency on target 'React-runtimescheduler' in project 'Pods'
        ➜ Explicit dependency on target 'React-utils' in project 'Pods'
        ➜ Explicit dependency on target 'ReactNativeDependencies' in project 'Pods'
        ➜ Explicit dependency on target 'Yoga' in project 'Pods'
    Target 'React-RCTText' in project 'Pods'
        ➜ Explicit dependency on target 'React-Core' in project 'Pods'
        ➜ Explicit dependency on target 'Yoga' in project 'Pods'
    Target 'React-RCTImage' in project 'Pods'
        ➜ Explicit dependency on target 'RCTTypeSafety' in project 'Pods'
        ➜ Explicit dependency on target 'React-Core' in project 'Pods'
        ➜ Explicit dependency on target 'React-Core-prebuilt' in project 'Pods'
        ➜ Explicit dependency on target 'React-jsi' in project 'Pods'
        ➜ Explicit dependency on target 'React-NativeModulesApple' in project 'Pods'
        ➜ Explicit dependency on target 'React-RCTFBReactNativeSpec' in project 'Pods'
        ➜ Explicit dependency on target 'React-RCTNetwork' in project 'Pods'
        ➜ Explicit dependency on target 'ReactCommon' in project 'Pods'
        ➜ Explicit dependency on target 'ReactNativeDependencies' in project 'Pods'
    Target 'React-RCTNetwork' in project 'Pods'
        ➜ Explicit dependency on target 'RCTTypeSafety' in project 'Pods'
        ➜ Explicit dependency on target 'React-Core' in project 'Pods'
        ➜ Explicit dependency on target 'React-Core-prebuilt' in project 'Pods'
        ➜ Explicit dependency on target 'React-debug' in project 'Pods'
        ➜ Explicit dependency on target 'React-featureflags' in project 'Pods'
        ➜ Explicit dependency on target 'React-jsi' in project 'Pods'
        ➜ Explicit dependency on target 'React-jsinspectorcdp' in project 'Pods'
        ➜ Explicit dependency on target 'React-jsinspectornetwork' in project 'Pods'
        ➜ Explicit dependency on target 'React-NativeModulesApple' in project 'Pods'
        ➜ Explicit dependency on target 'React-networking' in project 'Pods'
        ➜ Explicit dependency on target 'React-RCTFBReactNativeSpec' in project 'Pods'
        ➜ Explicit dependency on target 'ReactCommon' in project 'Pods'
        ➜ Explicit dependency on target 'ReactNativeDependencies' in project 'Pods'
    Target 'React-RCTAnimation' in project 'Pods'
        ➜ Explicit dependency on target 'RCTTypeSafety' in project 'Pods'
        ➜ Explicit dependency on target 'React-Core' in project 'Pods'
        ➜ Explicit dependency on target 'React-Core-prebuilt' in project 'Pods'
        ➜ Explicit dependency on target 'React-debug' in project 'Pods'
        ➜ Explicit dependency on target 'React-featureflags' in project 'Pods'
        ➜ Explicit dependency on target 'React-jsi' in project 'Pods'
        ➜ Explicit dependency on target 'React-NativeModulesApple' in project 'Pods'
        ➜ Explicit dependency on target 'React-RCTFBReactNativeSpec' in project 'Pods'
        ➜ Explicit dependency on target 'ReactCommon' in project 'Pods'
        ➜ Explicit dependency on target 'ReactNativeDependencies' in project 'Pods'
    Target 'React-networking' in project 'Pods'
        ➜ Explicit dependency on target 'React-Core-prebuilt' in project 'Pods'
        ➜ Explicit dependency on target 'React-jsinspectornetwork' in project 'Pods'
        ➜ Explicit dependency on target 'React-jsinspectortracing' in project 'Pods'
        ➜ Explicit dependency on target 'React-performancetimeline' in project 'Pods'
        ➜ Explicit dependency on target 'React-timing' in project 'Pods'
        ➜ Explicit dependency on target 'ReactNativeDependencies' in project 'Pods'
    Target 'React-FabricImage' in project 'Pods'
        ➜ Explicit dependency on target 'hermes-engine' in project 'Pods'
        ➜ Explicit dependency on target 'RCTRequired' in project 'Pods'
        ➜ Explicit dependency on target 'RCTTypeSafety' in project 'Pods'
        ➜ Explicit dependency on target 'React-Core-prebuilt' in project 'Pods'
        ➜ Explicit dependency on target 'React-Fabric' in project 'Pods'
        ➜ Explicit dependency on target 'React-featureflags' in project 'Pods'
        ➜ Explicit dependency on target 'React-graphics' in project 'Pods'
        ➜ Explicit dependency on target 'React-ImageManager' in project 'Pods'
        ➜ Explicit dependency on target 'React-jsi' in project 'Pods'
        ➜ Explicit dependency on target 'React-jsiexecutor' in project 'Pods'
        ➜ Explicit dependency on target 'React-logger' in project 'Pods'
        ➜ Explicit dependency on target 'React-rendererdebug' in project 'Pods'
        ➜ Explicit dependency on target 'React-utils' in project 'Pods'
        ➜ Explicit dependency on target 'ReactCommon' in project 'Pods'
        ➜ Explicit dependency on target 'ReactNativeDependencies' in project 'Pods'
        ➜ Explicit dependency on target 'Yoga' in project 'Pods'
    Target 'React-FabricComponents' in project 'Pods'
        ➜ Explicit dependency on target 'hermes-engine' in project 'Pods'
        ➜ Explicit dependency on target 'RCTRequired' in project 'Pods'
        ➜ Explicit dependency on target 'RCTTypeSafety' in project 'Pods'
        ➜ Explicit dependency on target 'React-Core' in project 'Pods'
        ➜ Explicit dependency on target 'React-Core-prebuilt' in project 'Pods'
        ➜ Explicit dependency on target 'React-cxxreact' in project 'Pods'
        ➜ Explicit dependency on target 'React-debug' in project 'Pods'
        ➜ Explicit dependency on target 'React-Fabric' in project 'Pods'
        ➜ Explicit dependency on target 'React-featureflags' in project 'Pods'
        ➜ Explicit dependency on target 'React-graphics' in project 'Pods'
        ➜ Explicit dependency on target 'React-jsi' in project 'Pods'
        ➜ Explicit dependency on target 'React-jsiexecutor' in project 'Pods'
        ➜ Explicit dependency on target 'React-logger' in project 'Pods'
        ➜ Explicit dependency on target 'React-RCTFBReactNativeSpec' in project 'Pods'
        ➜ Explicit dependency on target 'React-rendererdebug' in project 'Pods'
        ➜ Explicit dependency on target 'React-runtimescheduler' in project 'Pods'
        ➜ Explicit dependency on target 'React-utils' in project 'Pods'
        ➜ Explicit dependency on target 'ReactCommon' in project 'Pods'
        ➜ Explicit dependency on target 'ReactNativeDependencies' in project 'Pods'
        ➜ Explicit dependency on target 'Yoga' in project 'Pods'
    Target 'React-RCTFBReactNativeSpec' in project 'Pods'
        ➜ Explicit dependency on target 'hermes-engine' in project 'Pods'
        ➜ Explicit dependency on target 'RCTRequired' in project 'Pods'
        ➜ Explicit dependency on target 'RCTTypeSafety' in project 'Pods'
        ➜ Explicit dependency on target 'React-Core' in project 'Pods'
        ➜ Explicit dependency on target 'React-Core-prebuilt' in project 'Pods'
        ➜ Explicit dependency on target 'React-debug' in project 'Pods'
        ➜ Explicit dependency on target 'React-Fabric' in project 'Pods'
        ➜ Explicit dependency on target 'React-featureflags' in project 'Pods'
        ➜ Explicit dependency on target 'React-graphics' in project 'Pods'
        ➜ Explicit dependency on target 'React-jsi' in project 'Pods'
        ➜ Explicit dependency on target 'React-NativeModulesApple' in project 'Pods'
        ➜ Explicit dependency on target 'React-rendererdebug' in project 'Pods'
        ➜ Explicit dependency on target 'React-utils' in project 'Pods'
        ➜ Explicit dependency on target 'ReactCommon' in project 'Pods'
        ➜ Explicit dependency on target 'ReactNativeDependencies' in project 'Pods'
        ➜ Explicit dependency on target 'Yoga' in project 'Pods'
    Target 'React-NativeModulesApple' in project 'Pods'
        ➜ Explicit dependency on target 'hermes-engine' in project 'Pods'
        ➜ Explicit dependency on target 'React-callinvoker' in project 'Pods'
        ➜ Explicit dependency on target 'React-Core' in project 'Pods'
        ➜ Explicit dependency on target 'React-Core-prebuilt' in project 'Pods'
        ➜ Explicit dependency on target 'React-cxxreact' in project 'Pods'
        ➜ Explicit dependency on target 'React-debug' in project 'Pods'
        ➜ Explicit dependency on target 'React-featureflags' in project 'Pods'
        ➜ Explicit dependency on target 'React-jsi' in project 'Pods'
        ➜ Explicit dependency on target 'React-jsinspector' in project 'Pods'
        ➜ Explicit dependency on target 'React-jsinspectorcdp' in project 'Pods'
        ➜ Explicit dependency on target 'React-runtimeexecutor' in project 'Pods'
        ➜ Explicit dependency on target 'ReactCommon' in project 'Pods'
        ➜ Explicit dependency on target 'ReactNativeDependencies' in project 'Pods'
    Target 'React-ImageManager' in project 'Pods'
        ➜ Explicit dependency on target 'React-Core' in project 'Pods'
        ➜ Explicit dependency on target 'React-Core-prebuilt' in project 'Pods'
        ➜ Explicit dependency on target 'React-debug' in project 'Pods'
        ➜ Explicit dependency on target 'React-Fabric' in project 'Pods'
        ➜ Explicit dependency on target 'React-graphics' in project 'Pods'
        ➜ Explicit dependency on target 'React-rendererdebug' in project 'Pods'
        ➜ Explicit dependency on target 'React-utils' in project 'Pods'
        ➜ Explicit dependency on target 'ReactNativeDependencies' in project 'Pods'
    Target 'React-Fabric' in project 'Pods'
        ➜ Explicit dependency on target 'hermes-engine' in project 'Pods'
        ➜ Explicit dependency on target 'RCTRequired' in project 'Pods'
        ➜ Explicit dependency on target 'RCTTypeSafety' in project 'Pods'
        ➜ Explicit dependency on target 'React-Core' in project 'Pods'
        ➜ Explicit dependency on target 'React-Core-prebuilt' in project 'Pods'
        ➜ Explicit dependency on target 'React-cxxreact' in project 'Pods'
        ➜ Explicit dependency on target 'React-debug' in project 'Pods'
        ➜ Explicit dependency on target 'React-featureflags' in project 'Pods'
        ➜ Explicit dependency on target 'React-graphics' in project 'Pods'
        ➜ Explicit dependency on target 'React-jsi' in project 'Pods'
        ➜ Explicit dependency on target 'React-jsiexecutor' in project 'Pods'
        ➜ Explicit dependency on target 'React-logger' in project 'Pods'
        ➜ Explicit dependency on target 'React-performancecdpmetrics' in project 'Pods'
        ➜ Explicit dependency on target 'React-performancetimeline' in project 'Pods'
        ➜ Explicit dependency on target 'React-rendererconsistency' in project 'Pods'
        ➜ Explicit dependency on target 'React-renderercss' in project 'Pods'
        ➜ Explicit dependency on target 'React-rendererdebug' in project 'Pods'
        ➜ Explicit dependency on target 'React-runtimeexecutor' in project 'Pods'
        ➜ Explicit dependency on target 'React-runtimescheduler' in project 'Pods'
        ➜ Explicit dependency on target 'React-utils' in project 'Pods'
        ➜ Explicit dependency on target 'ReactCommon' in project 'Pods'
        ➜ Explicit dependency on target 'ReactNativeDependencies' in project 'Pods'
        ➜ Explicit dependency on target 'Yoga' in project 'Pods'
    Target 'React-renderercss' in project 'Pods'
        ➜ Explicit dependency on target 'React-debug' in project 'Pods'
        ➜ Explicit dependency on target 'React-utils' in project 'Pods'
    Target 'React-performancecdpmetrics' in project 'Pods'
        ➜ Explicit dependency on target 'hermes-engine' in project 'Pods'
        ➜ Explicit dependency on target 'React-Core-prebuilt' in project 'Pods'
        ➜ Explicit dependency on target 'React-jsi' in project 'Pods'
        ➜ Explicit dependency on target 'React-performancetimeline' in project 'Pods'
        ➜ Explicit dependency on target 'React-runtimeexecutor' in project 'Pods'
        ➜ Explicit dependency on target 'React-timing' in project 'Pods'
        ➜ Explicit dependency on target 'ReactNativeDependencies' in project 'Pods'
    Target 'React-graphics' in project 'Pods'
        ➜ Explicit dependency on target 'hermes-engine' in project 'Pods'
        ➜ Explicit dependency on target 'React-Core-prebuilt' in project 'Pods'
        ➜ Explicit dependency on target 'React-jsi' in project 'Pods'
        ➜ Explicit dependency on target 'React-jsiexecutor' in project 'Pods'
        ➜ Explicit dependency on target 'React-utils' in project 'Pods'
        ➜ Explicit dependency on target 'ReactNativeDependencies' in project 'Pods'
    Target 'RNCAsyncStorage-RNCAsyncStorage_resources' in project 'Pods' (no dependencies)
    Target 'RCTTypeSafety' in project 'Pods'
        ➜ Explicit dependency on target 'FBLazyVector' in project 'Pods'
        ➜ Explicit dependency on target 'RCTRequired' in project 'Pods'
        ➜ Explicit dependency on target 'React-Core' in project 'Pods'
    Target 'React-Core' in project 'Pods'
        ➜ Explicit dependency on target 'hermes-engine' in project 'Pods'
        ➜ Explicit dependency on target 'RCTDeprecation' in project 'Pods'
        ➜ Explicit dependency on target 'React-Core-prebuilt' in project 'Pods'
        ➜ Explicit dependency on target 'React-Core-React-Core_privacy' in project 'Pods'
        ➜ Explicit dependency on target 'React-cxxreact' in project 'Pods'
        ➜ Explicit dependency on target 'React-featureflags' in project 'Pods'
        ➜ Explicit dependency on target 'React-hermes' in project 'Pods'
        ➜ Explicit dependency on target 'React-jsi' in project 'Pods'
        ➜ Explicit dependency on target 'React-jsiexecutor' in project 'Pods'
        ➜ Explicit dependency on target 'React-jsinspector' in project 'Pods'
        ➜ Explicit dependency on target 'React-jsinspectorcdp' in project 'Pods'
        ➜ Explicit dependency on target 'React-jsitooling' in project 'Pods'
        ➜ Explicit dependency on target 'React-perflogger' in project 'Pods'
        ➜ Explicit dependency on target 'React-runtimeexecutor' in project 'Pods'
        ➜ Explicit dependency on target 'React-runtimescheduler' in project 'Pods'
        ➜ Explicit dependency on target 'React-utils' in project 'Pods'
        ➜ Explicit dependency on target 'ReactNativeDependencies' in project 'Pods'
        ➜ Explicit dependency on target 'Yoga' in project 'Pods'
    Target 'Yoga' in project 'Pods' (no dependencies)
    Target 'React-runtimescheduler' in project 'Pods'
        ➜ Explicit dependency on target 'hermes-engine' in project 'Pods'
        ➜ Explicit dependency on target 'React-callinvoker' in project 'Pods'
        ➜ Explicit dependency on target 'React-Core-prebuilt' in project 'Pods'
        ➜ Explicit dependency on target 'React-cxxreact' in project 'Pods'
        ➜ Explicit dependency on target 'React-debug' in project 'Pods'
        ➜ Explicit dependency on target 'React-featureflags' in project 'Pods'
        ➜ Explicit dependency on target 'React-jsi' in project 'Pods'
        ➜ Explicit dependency on target 'React-jsinspectortracing' in project 'Pods'
        ➜ Explicit dependency on target 'React-performancetimeline' in project 'Pods'
        ➜ Explicit dependency on target 'React-rendererconsistency' in project 'Pods'
        ➜ Explicit dependency on target 'React-rendererdebug' in project 'Pods'
        ➜ Explicit dependency on target 'React-runtimeexecutor' in project 'Pods'
        ➜ Explicit dependency on target 'React-timing' in project 'Pods'
        ➜ Explicit dependency on target 'React-utils' in project 'Pods'
        ➜ Explicit dependency on target 'ReactNativeDependencies' in project 'Pods'
    Target 'React-rendererdebug' in project 'Pods'
        ➜ Explicit dependency on target 'React-Core-prebuilt' in project 'Pods'
        ➜ Explicit dependency on target 'React-debug' in project 'Pods'
        ➜ Explicit dependency on target 'ReactNativeDependencies' in project 'Pods'
    Target 'React-rendererconsistency' in project 'Pods' (no dependencies)
    Target 'React-performancetimeline' in project 'Pods'
        ➜ Explicit dependency on target 'React-Core-prebuilt' in project 'Pods'
        ➜ Explicit dependency on target 'React-featureflags' in project 'Pods'
        ➜ Explicit dependency on target 'React-jsinspector' in project 'Pods'
        ➜ Explicit dependency on target 'React-jsinspectortracing' in project 'Pods'
        ➜ Explicit dependency on target 'React-perflogger' in project 'Pods'
        ➜ Explicit dependency on target 'React-timing' in project 'Pods'
        ➜ Explicit dependency on target 'ReactNativeDependencies' in project 'Pods'
    Target 'React-hermes' in project 'Pods'
        ➜ Explicit dependency on target 'hermes-engine' in project 'Pods'
        ➜ Explicit dependency on target 'React-Core-prebuilt' in project 'Pods'
        ➜ Explicit dependency on target 'React-cxxreact' in project 'Pods'
        ➜ Explicit dependency on target 'React-jsi' in project 'Pods'
        ➜ Explicit dependency on target 'React-jsiexecutor' in project 'Pods'
        ➜ Explicit dependency on target 'React-jsinspector' in project 'Pods'
        ➜ Explicit dependency on target 'React-jsinspectorcdp' in project 'Pods'
        ➜ Explicit dependency on target 'React-jsinspectortracing' in project 'Pods'
        ➜ Explicit dependency on target 'React-jsitooling' in project 'Pods'
        ➜ Explicit dependency on target 'React-oscompat' in project 'Pods'
        ➜ Explicit dependency on target 'React-perflogger' in project 'Pods'
        ➜ Explicit dependency on target 'React-runtimeexecutor' in project 'Pods'
        ➜ Explicit dependency on target 'ReactNativeDependencies' in project 'Pods'
    Target 'React-jsiexecutor' in project 'Pods'
        ➜ Explicit dependency on target 'hermes-engine' in project 'Pods'
        ➜ Explicit dependency on target 'React-Core-prebuilt' in project 'Pods'
        ➜ Explicit dependency on target 'React-cxxreact' in project 'Pods'
        ➜ Explicit dependency on target 'React-debug' in project 'Pods'
        ➜ Explicit dependency on target 'React-jserrorhandler' in project 'Pods'
        ➜ Explicit dependency on target 'React-jsi' in project 'Pods'
        ➜ Explicit dependency on target 'React-jsinspector' in project 'Pods'
        ➜ Explicit dependency on target 'React-jsinspectorcdp' in project 'Pods'
        ➜ Explicit dependency on target 'React-jsinspectortracing' in project 'Pods'
        ➜ Explicit dependency on target 'React-jsitooling' in project 'Pods'
        ➜ Explicit dependency on target 'React-perflogger' in project 'Pods'
        ➜ Explicit dependency on target 'React-runtimeexecutor' in project 'Pods'
        ➜ Explicit dependency on target 'React-utils' in project 'Pods'
        ➜ Explicit dependency on target 'ReactNativeDependencies' in project 'Pods'
    Target 'React-jsitooling' in project 'Pods'
        ➜ Explicit dependency on target 'hermes-engine' in project 'Pods'
        ➜ Explicit dependency on target 'React-Core-prebuilt' in project 'Pods'
        ➜ Explicit dependency on target 'React-cxxreact' in project 'Pods'
        ➜ Explicit dependency on target 'React-debug' in project 'Pods'
        ➜ Explicit dependency on target 'React-jsi' in project 'Pods'
        ➜ Explicit dependency on target 'React-jsinspector' in project 'Pods'
        ➜ Explicit dependency on target 'React-jsinspectorcdp' in project 'Pods'
        ➜ Explicit dependency on target 'React-jsinspectortracing' in project 'Pods'
        ➜ Explicit dependency on target 'React-runtimeexecutor' in project 'Pods'
        ➜ Explicit dependency on target 'React-utils' in project 'Pods'
        ➜ Explicit dependency on target 'ReactNativeDependencies' in project 'Pods'
    Target 'React-jserrorhandler' in project 'Pods'
        ➜ Explicit dependency on target 'hermes-engine' in project 'Pods'
        ➜ Explicit dependency on target 'React-Core-prebuilt' in project 'Pods'
        ➜ Explicit dependency on target 'React-cxxreact' in project 'Pods'
        ➜ Explicit dependency on target 'React-debug' in project 'Pods'
        ➜ Explicit dependency on target 'React-featureflags' in project 'Pods'
        ➜ Explicit dependency on target 'React-jsi' in project 'Pods'
        ➜ Explicit dependency on target 'ReactCommon' in project 'Pods'
        ➜ Explicit dependency on target 'ReactNativeDependencies' in project 'Pods'
    Target 'ReactCommon' in project 'Pods'
        ➜ Explicit dependency on target 'hermes-engine' in project 'Pods'
        ➜ Explicit dependency on target 'React-callinvoker' in project 'Pods'
        ➜ Explicit dependency on target 'React-Core-prebuilt' in project 'Pods'
        ➜ Explicit dependency on target 'React-cxxreact' in project 'Pods'
        ➜ Explicit dependency on target 'React-debug' in project 'Pods'
        ➜ Explicit dependency on target 'React-featureflags' in project 'Pods'
        ➜ Explicit dependency on target 'React-jsi' in project 'Pods'
        ➜ Explicit dependency on target 'React-logger' in project 'Pods'
        ➜ Explicit dependency on target 'React-perflogger' in project 'Pods'
        ➜ Explicit dependency on target 'React-utils' in project 'Pods'
        ➜ Explicit dependency on target 'ReactNativeDependencies' in project 'Pods'
    Target 'React-cxxreact' in project 'Pods'
        ➜ Explicit dependency on target 'hermes-engine' in project 'Pods'
        ➜ Explicit dependency on target 'React-callinvoker' in project 'Pods'
        ➜ Explicit dependency on target 'React-Core-prebuilt' in project 'Pods'
        ➜ Explicit dependency on target 'React-cxxreact-React-cxxreact_privacy' in project 'Pods'
        ➜ Explicit dependency on target 'React-debug' in project 'Pods'
        ➜ Explicit dependency on target 'React-jsi' in project 'Pods'
        ➜ Explicit dependency on target 'React-jsinspector' in project 'Pods'
        ➜ Explicit dependency on target 'React-jsinspectorcdp' in project 'Pods'
        ➜ Explicit dependency on target 'React-jsinspectortracing' in project 'Pods'
        ➜ Explicit dependency on target 'React-logger' in project 'Pods'
        ➜ Explicit dependency on target 'React-perflogger' in project 'Pods'
        ➜ Explicit dependency on target 'React-runtimeexecutor' in project 'Pods'
        ➜ Explicit dependency on target 'React-timing' in project 'Pods'
        ➜ Explicit dependency on target 'React-utils' in project 'Pods'
        ➜ Explicit dependency on target 'ReactNativeDependencies' in project 'Pods'
    Target 'React-logger' in project 'Pods'
        ➜ Explicit dependency on target 'React-Core-prebuilt' in project 'Pods'
        ➜ Explicit dependency on target 'ReactNativeDependencies' in project 'Pods'
    Target 'React-jsinspector' in project 'Pods'
        ➜ Explicit dependency on target 'hermes-engine' in project 'Pods'
        ➜ Explicit dependency on target 'React-Core-prebuilt' in project 'Pods'
        ➜ Explicit dependency on target 'React-featureflags' in project 'Pods'
        ➜ Explicit dependency on target 'React-jsi' in project 'Pods'
        ➜ Explicit dependency on target 'React-jsinspectorcdp' in project 'Pods'
        ➜ Explicit dependency on target 'React-jsinspectornetwork' in project 'Pods'
        ➜ Explicit dependency on target 'React-jsinspectortracing' in project 'Pods'
        ➜ Explicit dependency on target 'React-oscompat' in project 'Pods'
        ➜ Explicit dependency on target 'React-perflogger' in project 'Pods'
        ➜ Explicit dependency on target 'React-runtimeexecutor' in project 'Pods'
        ➜ Explicit dependency on target 'React-utils' in project 'Pods'
        ➜ Explicit dependency on target 'ReactNativeDependencies' in project 'Pods'
    Target 'React-runtimeexecutor' in project 'Pods'
        ➜ Explicit dependency on target 'React-Core-prebuilt' in project 'Pods'
        ➜ Explicit dependency on target 'React-debug' in project 'Pods'
        ➜ Explicit dependency on target 'React-featureflags' in project 'Pods'
        ➜ Explicit dependency on target 'React-jsi' in project 'Pods'
        ➜ Explicit dependency on target 'React-utils' in project 'Pods'
        ➜ Explicit dependency on target 'ReactNativeDependencies' in project 'Pods'
    Target 'React-utils' in project 'Pods'
        ➜ Explicit dependency on target 'hermes-engine' in project 'Pods'
        ➜ Explicit dependency on target 'React-Core-prebuilt' in project 'Pods'
        ➜ Explicit dependency on target 'React-debug' in project 'Pods'
        ➜ Explicit dependency on target 'React-jsi' in project 'Pods'
        ➜ Explicit dependency on target 'ReactNativeDependencies' in project 'Pods'
    Target 'React-perflogger' in project 'Pods'
        ➜ Explicit dependency on target 'React-Core-prebuilt' in project 'Pods'
        ➜ Explicit dependency on target 'ReactNativeDependencies' in project 'Pods'
    Target 'React-jsinspectortracing' in project 'Pods'
        ➜ Explicit dependency on target 'hermes-engine' in project 'Pods'
        ➜ Explicit dependency on target 'React-Core-prebuilt' in project 'Pods'
        ➜ Explicit dependency on target 'React-jsi' in project 'Pods'
        ➜ Explicit dependency on target 'React-jsinspectornetwork' in project 'Pods'
        ➜ Explicit dependency on target 'React-oscompat' in project 'Pods'
        ➜ Explicit dependency on target 'React-timing' in project 'Pods'
        ➜ Explicit dependency on target 'ReactNativeDependencies' in project 'Pods'
    Target 'React-timing' in project 'Pods'
        ➜ Explicit dependency on target 'React-debug' in project 'Pods'
    Target 'React-oscompat' in project 'Pods' (no dependencies)
    Target 'React-jsinspectornetwork' in project 'Pods'
        ➜ Explicit dependency on target 'React-Core-prebuilt' in project 'Pods'
        ➜ Explicit dependency on target 'React-jsinspectorcdp' in project 'Pods'
        ➜ Explicit dependency on target 'ReactNativeDependencies' in project 'Pods'
    Target 'React-jsinspectorcdp' in project 'Pods'
        ➜ Explicit dependency on target 'React-Core-prebuilt' in project 'Pods'
        ➜ Explicit dependency on target 'ReactNativeDependencies' in project 'Pods'
    Target 'React-featureflags' in project 'Pods'
        ➜ Explicit dependency on target 'React-Core-prebuilt' in project 'Pods'
        ➜ Explicit dependency on target 'ReactNativeDependencies' in project 'Pods'
    Target 'React-jsi' in project 'Pods'
        ➜ Explicit dependency on target 'hermes-engine' in project 'Pods'
        ➜ Explicit dependency on target 'React-Core-prebuilt' in project 'Pods'
        ➜ Explicit dependency on target 'ReactNativeDependencies' in project 'Pods'
    Target 'React-debug' in project 'Pods' (no dependencies)
    Target 'React-cxxreact-React-cxxreact_privacy' in project 'Pods' (no dependencies)
    Target 'React-callinvoker' in project 'Pods' (no dependencies)
    Target 'React-Core-React-Core_privacy' in project 'Pods' (no dependencies)
    Target 'React-Core-prebuilt' in project 'Pods'
        ➜ Explicit dependency on target 'ReactNativeDependencies' in project 'Pods'
    Target 'ReactNativeDependencies' in project 'Pods' (no dependencies)
    Target 'hermes-engine' in project 'Pods' (no dependencies)
    Target 'RCTSwiftUIWrapper' in project 'Pods'
        ➜ Explicit dependency on target 'RCTSwiftUI' in project 'Pods'
    Target 'RCTSwiftUI' in project 'Pods' (no dependencies)
    Target 'RCTRequired' in project 'Pods' (no dependencies)
    Target 'RCTDeprecation' in project 'Pods' (no dependencies)
    Target 'FirebaseCoreExtension' in project 'Pods'
        ➜ Explicit dependency on target 'FirebaseCore' in project 'Pods'
        ➜ Explicit dependency on target 'FirebaseCoreExtension-FirebaseCoreExtension_Privacy' in project 'Pods'
    Target 'FirebaseCoreExtension-FirebaseCoreExtension_Privacy' in project 'Pods' (no dependencies)
    Target 'Firebase' in project 'Pods'
        ➜ Explicit dependency on target 'FirebaseCore' in project 'Pods'
        ➜ Explicit dependency on target 'FirebaseMessaging' in project 'Pods'
    Target 'FirebaseMessaging' in project 'Pods'
        ➜ Explicit dependency on target 'FirebaseCore' in project 'Pods'
        ➜ Explicit dependency on target 'FirebaseInstallations' in project 'Pods'
        ➜ Explicit dependency on target 'FirebaseMessaging-FirebaseMessaging_Privacy' in project 'Pods'
        ➜ Explicit dependency on target 'GoogleDataTransport' in project 'Pods'
        ➜ Explicit dependency on target 'GoogleUtilities' in project 'Pods'
        ➜ Explicit dependency on target 'nanopb' in project 'Pods'
    Target 'GoogleDataTransport' in project 'Pods'
        ➜ Explicit dependency on target 'GoogleDataTransport-GoogleDataTransport_Privacy' in project 'Pods'
        ➜ Explicit dependency on target 'PromisesObjC' in project 'Pods'
        ➜ Explicit dependency on target 'nanopb' in project 'Pods'
    Target 'nanopb' in project 'Pods'
        ➜ Explicit dependency on target 'nanopb-nanopb_Privacy' in project 'Pods'
    Target 'nanopb-nanopb_Privacy' in project 'Pods' (no dependencies)
    Target 'GoogleDataTransport-GoogleDataTransport_Privacy' in project 'Pods' (no dependencies)
    Target 'FirebaseMessaging-FirebaseMessaging_Privacy' in project 'Pods' (no dependencies)
    Target 'FirebaseInstallations' in project 'Pods'
        ➜ Explicit dependency on target 'FirebaseCore' in project 'Pods'
        ➜ Explicit dependency on target 'FirebaseInstallations-FirebaseInstallations_Privacy' in project 'Pods'
        ➜ Explicit dependency on target 'GoogleUtilities' in project 'Pods'
        ➜ Explicit dependency on target 'PromisesObjC' in project 'Pods'
    Target 'PromisesObjC' in project 'Pods'
        ➜ Explicit dependency on target 'PromisesObjC-FBLPromises_Privacy' in project 'Pods'
    Target 'PromisesObjC-FBLPromises_Privacy' in project 'Pods' (no dependencies)
    Target 'FirebaseInstallations-FirebaseInstallations_Privacy' in project 'Pods' (no dependencies)
    Target 'FirebaseCore' in project 'Pods'
        ➜ Explicit dependency on target 'FirebaseCore-FirebaseCore_Privacy' in project 'Pods'
        ➜ Explicit dependency on target 'FirebaseCoreInternal' in project 'Pods'
        ➜ Explicit dependency on target 'GoogleUtilities' in project 'Pods'
    Target 'FirebaseCoreInternal' in project 'Pods'
        ➜ Explicit dependency on target 'FirebaseCoreInternal-FirebaseCoreInternal_Privacy' in project 'Pods'
        ➜ Explicit dependency on target 'GoogleUtilities' in project 'Pods'
    Target 'GoogleUtilities' in project 'Pods'
        ➜ Explicit dependency on target 'GoogleUtilities-GoogleUtilities_Privacy' in project 'Pods'
    Target 'GoogleUtilities-GoogleUtilities_Privacy' in project 'Pods' (no dependencies)
    Target 'FirebaseCoreInternal-FirebaseCoreInternal_Privacy' in project 'Pods' (no dependencies)
    Target 'FirebaseCore-FirebaseCore_Privacy' in project 'Pods' (no dependencies)
    Target 'FBLazyVector' in project 'Pods' (no dependencies)

GatherProvisioningInputs

CreateBuildDescription

ClangStatCache /Applications/Xcode.app/Contents/Developer/Toolchains/XcodeDefault.xctoolchain/usr/bin/clang-stat-cache /Applications/Xcode.app/Contents/Developer/Platforms/iPhoneSimulator.platform/Developer/SDKs/iPhoneSimulator18.5.sdk /Users/vivek/Library/Developer/Xcode/DerivedData/SDKStatCaches.noindex/iphonesimulator18.5-22F76-d5fc8ad4295d2ef488fb7d0f804ce0c4.sdkstatcache
    cd /Users/vivek/Documents/projects/fin-safar/mobile_app/ios
    /Applications/Xcode.app/Contents/Developer/Toolchains/XcodeDefault.xctoolchain/usr/bin/clang-stat-cache /Applications/Xcode.app/Contents/Developer/Platforms/iPhoneSimulator.platform/Developer/SDKs/iPhoneSimulator18.5.sdk -o /Users/vivek/Library/Developer/Xcode/DerivedData/SDKStatCaches.noindex/iphonesimulator18.5-22F76-d5fc8ad4295d2ef488fb7d0f804ce0c4.sdkstatcache

warning: Run script build phase '[CP-User] [Hermes] Replace Hermes for the right configuration, if needed' will be run during every build because it does not specify any outputs. To address this issue, either add output dependencies to the script phase, or configure it to run in every build by unchecking "Based on dependency analysis" in the script phase. (in target 'hermes-engine' from project 'Pods')
PhaseScriptExecution [CP-User]\ [Hermes]\ Replace\ Hermes\ for\ the\ right\ configuration,\ if\ needed /Users/vivek/Library/Developer/Xcode/DerivedData/FinSafarMobile-crxdngiqgpzuzzgywsfulnakvumi/Build/Intermediates.noindex/Pods.build/Debug-iphonesimulator/hermes-engine.build/Script-46EB2E000187F0.sh (in target 'hermes-engine' from project 'Pods')
    cd /Users/vivek/Documents/projects/fin-safar/mobile_app/ios/Pods
    export ACTION\=build
    export AD_HOC_CODE_SIGNING_ALLOWED\=YES
    export ALLOW_BUILD_REQUEST_OVERRIDES\=NO
    export ALLOW_TARGET_PLATFORM_SPECIALIZATION\=NO
    export ALTERNATE_GROUP\=staff
    export ALTERNATE_MODE\=u+w,go-w,a+rX
    export ALTERNATE_OWNER\=vivek
    export ALTERNATIVE_DISTRIBUTION_WEB\=NO
    export ALWAYS_EMBED_SWIFT_STANDARD_LIBRARIES\=NO
    export ALWAYS_SEARCH_USER_PATHS\=NO
    export ALWAYS_USE_SEPARATE_HEADERMAPS\=NO
    export APPLICATION_EXTENSION_API_ONLY\=NO
    export APPLY_RULES_IN_COPY_FILES\=NO
    export APPLY_RULES_IN_COPY_HEADERS\=NO
    export APP_SHORTCUTS_ENABLE_FLEXIBLE_MATCHING\=YES
    export ARCHS\=x86_64
    export ARCHS_STANDARD\=arm64\ x86_64
    export ARCHS_STANDARD_32_64_BIT\=arm64\ x86_64
    export ARCHS_STANDARD_64_BIT\=arm64\ x86_64
    export ARCHS_STANDARD_INCLUDING_64_BIT\=arm64\ x86_64
    export ARCHS_UNIVERSAL_IPHONE_OS\=arm64\ x86_64
    export ASSETCATALOG_COMPILER_APPICON_NAME\=AppIcon
    export ASSETCATALOG_COMPILER_GLOBAL_ACCENT_COLOR_NAME\=AccentColor
    export ASSETCATALOG_FILTER_FOR_DEVICE_MODEL\=iPhone15,4
    export ASSETCATALOG_FILTER_FOR_DEVICE_OS_VERSION\=17.0.1
    export ASSETCATALOG_FILTER_FOR_THINNING_DEVICE_CONFIGURATION\=iPhone15,4
    export AUTOMATICALLY_MERGE_DEPENDENCIES\=NO
    export AVAILABLE_PLATFORMS\=android\ appletvos\ appletvsimulator\ driverkit\ iphoneos\ iphonesimulator\ macosx\ qnx\ watchos\ watchsimulator\ xros\ xrsimulator
    export BITCODE_GENERATION_MODE\=marker
    export BUILD_ACTIVE_RESOURCES_ONLY\=YES
    export BUILD_COMPONENTS\=headers\ build
    export BUILD_DIR\=/Users/vivek/Library/Developer/Xcode/DerivedData/FinSafarMobile-crxdngiqgpzuzzgywsfulnakvumi/Build/Products
    export BUILD_LIBRARY_FOR_DISTRIBUTION\=NO
    export BUILD_ROOT\=/Users/vivek/Library/Developer/Xcode/DerivedData/FinSafarMobile-crxdngiqgpzuzzgywsfulnakvumi/Build/Products
    export BUILD_STYLE\=
    export BUILD_VARIANTS\=normal
    export BUILT_PRODUCTS_DIR\=/Users/vivek/Library/Developer/Xcode/DerivedData/FinSafarMobile-crxdngiqgpzuzzgywsfulnakvumi/Build/Products/Debug-iphonesimulator/hermes-engine
    export BUNDLE_CONTENTS_FOLDER_PATH_deep\=Contents/
    export BUNDLE_EXECUTABLE_FOLDER_NAME_deep\=MacOS
    export BUNDLE_EXTENSIONS_FOLDER_PATH\=Extensions
    export BUNDLE_FORMAT\=shallow
    export BUNDLE_FRAMEWORKS_FOLDER_PATH\=Frameworks
    export BUNDLE_PLUGINS_FOLDER_PATH\=PlugIns
    export BUNDLE_PRIVATE_HEADERS_FOLDER_PATH\=PrivateHeaders
    export BUNDLE_PUBLIC_HEADERS_FOLDER_PATH\=Headers
    export CACHE_ROOT\=/var/folders/hm/dvdw0q_d2yg07bbndzyfxl9c0000gn/C/com.apple.DeveloperTools/16.4-16F6/Xcode
    export CCHROOT\=/var/folders/hm/dvdw0q_d2yg07bbndzyfxl9c0000gn/C/com.apple.DeveloperTools/16.4-16F6/Xcode
    export CHMOD\=/bin/chmod
    export CHOWN\=/usr/sbin/chown
    export CLANG_ANALYZER_LOCALIZABILITY_NONLOCALIZED\=YES
    export CLANG_ANALYZER_NONNULL\=YES
    export CLANG_ANALYZER_NUMBER_OBJECT_CONVERSION\=YES_AGGRESSIVE
    export CLANG_CACHE_FINE_GRAINED_OUTPUTS\=YES
    export CLANG_CXX_LANGUAGE_STANDARD\=c++20
    export CLANG_CXX_LIBRARY\=compiler-default
    export CLANG_ENABLE_EXPLICIT_MODULES\=YES
    export CLANG_ENABLE_MODULES\=YES
    export CLANG_ENABLE_OBJC_ARC\=YES
    export CLANG_ENABLE_OBJC_WEAK\=NO
    export CLANG_MODULES_BUILD_SESSION_FILE\=/Users/vivek/Library/Developer/Xcode/DerivedData/ModuleCache.noindex/Session.modulevalidation
    export CLANG_WARN_BLOCK_CAPTURE_AUTORELEASING\=YES
    export CLANG_WARN_BOOL_CONVERSION\=YES
    export CLANG_WARN_COMMA\=YES
    export CLANG_WARN_CONSTANT_CONVERSION\=YES
    export CLANG_WARN_DEPRECATED_OBJC_IMPLEMENTATIONS\=YES
    export CLANG_WARN_DIRECT_OBJC_ISA_USAGE\=YES_ERROR
    export CLANG_WARN_DOCUMENTATION_COMMENTS\=YES
    export CLANG_WARN_EMPTY_BODY\=YES
    export CLANG_WARN_ENUM_CONVERSION\=YES
    export CLANG_WARN_INFINITE_RECURSION\=YES
    export CLANG_WARN_INT_CONVERSION\=YES
    export CLANG_WARN_NON_LITERAL_NULL_CONVERSION\=YES
    export CLANG_WARN_OBJC_IMPLICIT_RETAIN_SELF\=YES
    export CLANG_WARN_OBJC_LITERAL_CONVERSION\=YES
    export CLANG_WARN_OBJC_ROOT_CLASS\=YES_ERROR
    export CLANG_WARN_QUOTED_INCLUDE_IN_FRAMEWORK_HEADER\=NO
    export CLANG_WARN_RANGE_LOOP_ANALYSIS\=YES
    export CLANG_WARN_STRICT_PROTOTYPES\=YES
    export CLANG_WARN_SUSPICIOUS_MOVE\=YES
    export CLANG_WARN_UNGUARDED_AVAILABILITY\=YES_AGGRESSIVE
    export CLANG_WARN_UNREACHABLE_CODE\=YES
    export CLANG_WARN__DUPLICATE_METHOD_MATCH\=YES
    export CLASS_FILE_DIR\=/Users/vivek/Library/Developer/Xcode/DerivedData/FinSafarMobile-crxdngiqgpzuzzgywsfulnakvumi/Build/Intermediates.noindex/Pods.build/Debug-iphonesimulator/hermes-engine.build/JavaClasses
    export CLEAN_PRECOMPS\=YES
    export CLONE_HEADERS\=NO
    export CODESIGNING_FOLDER_PATH\=/Users/vivek/Library/Developer/Xcode/DerivedData/FinSafarMobile-crxdngiqgpzuzzgywsfulnakvumi/Build/Products/Debug-iphonesimulator/hermes-engine/
    export CODE_SIGNING_ALLOWED\=NO
    export CODE_SIGNING_REQUIRED\=YES
    export CODE_SIGN_CONTEXT_CLASS\=XCiPhoneSimulatorCodeSignContext
    export CODE_SIGN_IDENTITY\=-
    export CODE_SIGN_INJECT_BASE_ENTITLEMENTS\=YES
    export COLOR_DIAGNOSTICS\=NO
    export COMBINE_HIDPI_IMAGES\=NO
    export COMPILATION_CACHE_CAS_PATH\=/Users/vivek/Library/Developer/Xcode/DerivedData/CompilationCache.noindex
    export COMPILATION_CACHE_KEEP_CAS_DIRECTORY\=YES
    export COMPILER_INDEX_STORE_ENABLE\=Default
    export COMPOSITE_SDK_DIRS\=/Users/vivek/Library/Developer/Xcode/DerivedData/FinSafarMobile-crxdngiqgpzuzzgywsfulnakvumi/Build/Intermediates.noindex/CompositeSDKs
    export COMPRESS_PNG_FILES\=YES
    export CONFIGURATION\=Debug
    export CONFIGURATION_BUILD_DIR\=/Users/vivek/Library/Developer/Xcode/DerivedData/FinSafarMobile-crxdngiqgpzuzzgywsfulnakvumi/Build/Products/Debug-iphonesimulator/hermes-engine
    export CONFIGURATION_TEMP_DIR\=/Users/vivek/Library/Developer/Xcode/DerivedData/FinSafarMobile-crxdngiqgpzuzzgywsfulnakvumi/Build/Intermediates.noindex/Pods.build/Debug-iphonesimulator
    export COPYING_PRESERVES_HFS_DATA\=NO
    export COPY_HEADERS_RUN_UNIFDEF\=NO
    export COPY_PHASE_STRIP\=NO
    export CORRESPONDING_DEVICE_PLATFORM_DIR\=/Applications/Xcode.app/Contents/Developer/Platforms/iPhoneOS.platform
    export CORRESPONDING_DEVICE_PLATFORM_NAME\=iphoneos
    export CORRESPONDING_DEVICE_SDK_DIR\=/Applications/Xcode.app/Contents/Developer/Platforms/iPhoneOS.platform/Developer/SDKs/iPhoneOS18.5.sdk
    export CORRESPONDING_DEVICE_SDK_NAME\=iphoneos18.5
    export CP\=/bin/cp
    export CREATE_INFOPLIST_SECTION_IN_BINARY\=NO
    export CURRENT_ARCH\=undefined_arch
    export CURRENT_VARIANT\=normal
    export DEAD_CODE_STRIPPING\=YES
    export DEBUGGING_SYMBOLS\=YES
    export DEBUG_INFORMATION_FORMAT\=dwarf
    export DEBUG_INFORMATION_VERSION\=compiler-default
    export DEFAULT_COMPILER\=com.apple.compilers.llvm.clang.1_0
    export DEFAULT_DEXT_INSTALL_PATH\=/System/Library/DriverExtensions
    export DEFAULT_KEXT_INSTALL_PATH\=/System/Library/Extensions
    export DEFINES_MODULE\=NO
    export DEPLOYMENT_LOCATION\=NO
    export DEPLOYMENT_POSTPROCESSING\=NO
    export DEPLOYMENT_TARGET_SETTING_NAME\=IPHONEOS_DEPLOYMENT_TARGET
    export DEPLOYMENT_TARGET_SUGGESTED_VALUES\=12.0\ 12.1\ 12.2\ 12.3\ 12.4\ 13.0\ 13.1\ 13.2\ 13.3\ 13.4\ 13.5\ 13.6\ 14.0\ 14.1\ 14.2\ 14.3\ 14.4\ 14.5\ 14.6\ 14.7\ 15.0\ 15.1\ 15.2\ 15.3\ 15.4\ 15.5\ 15.6\ 16.0\ 16.1\ 16.2\ 16.3\ 16.4\ 16.5\ 16.6\ 17.0\ 17.1\ 17.2\ 17.3\ 17.4\ 17.5\ 17.6\ 18.0\ 18.1\ 18.2\ 18.3\ 18.4\ 18.5
    export DERIVED_FILES_DIR\=/Users/vivek/Library/Developer/Xcode/DerivedData/FinSafarMobile-crxdngiqgpzuzzgywsfulnakvumi/Build/Intermediates.noindex/Pods.build/Debug-iphonesimulator/hermes-engine.build/DerivedSources
    export DERIVED_FILE_DIR\=/Users/vivek/Library/Developer/Xcode/DerivedData/FinSafarMobile-crxdngiqgpzuzzgywsfulnakvumi/Build/Intermediates.noindex/Pods.build/Debug-iphonesimulator/hermes-engine.build/DerivedSources
    export DERIVED_SOURCES_DIR\=/Users/vivek/Library/Developer/Xcode/DerivedData/FinSafarMobile-crxdngiqgpzuzzgywsfulnakvumi/Build/Intermediates.noindex/Pods.build/Debug-iphonesimulator/hermes-engine.build/DerivedSources
    export DEVELOPER_APPLICATIONS_DIR\=/Applications/Xcode.app/Contents/Developer/Applications
    export DEVELOPER_BIN_DIR\=/Applications/Xcode.app/Contents/Developer/usr/bin
    export DEVELOPER_DIR\=/Applications/Xcode.app/Contents/Developer
    export DEVELOPER_FRAMEWORKS_DIR\=/Applications/Xcode.app/Contents/Developer/Library/Frameworks
    export DEVELOPER_FRAMEWORKS_DIR_QUOTED\=/Applications/Xcode.app/Contents/Developer/Library/Frameworks
    export DEVELOPER_LIBRARY_DIR\=/Applications/Xcode.app/Contents/Developer/Library
    export DEVELOPER_SDK_DIR\=/Applications/Xcode.app/Contents/Developer/Platforms/MacOSX.platform/Developer/SDKs
    export DEVELOPER_TOOLS_DIR\=/Applications/Xcode.app/Contents/Developer/Tools
    export DEVELOPER_USR_DIR\=/Applications/Xcode.app/Contents/Developer/usr
    export DEVELOPMENT_LANGUAGE\=en
    export DIAGNOSE_MISSING_TARGET_DEPENDENCIES\=YES
    export DIFF\=/usr/bin/diff
    export DONT_GENERATE_INFOPLIST_FILE\=NO
    export DSTROOT\=/tmp/Pods.dst
    export DT_TOOLCHAIN_DIR\=/Applications/Xcode.app/Contents/Developer/Toolchains/XcodeDefault.xctoolchain
    export DWARF_DSYM_FILE_NAME\=.dSYM
    export DWARF_DSYM_FILE_SHOULD_ACCOMPANY_PRODUCT\=NO
    export DWARF_DSYM_FOLDER_PATH\=/Users/vivek/Library/Developer/Xcode/DerivedData/FinSafarMobile-crxdngiqgpzuzzgywsfulnakvumi/Build/Products/Debug-iphonesimulator/hermes-engine
    export DYNAMIC_LIBRARY_EXTENSION\=dylib
    export EAGER_COMPILATION_ALLOW_SCRIPTS\=NO
    export EAGER_LINKING\=NO
    export EFFECTIVE_PLATFORM_NAME\=-iphonesimulator
    export EMBEDDED_CONTENT_CONTAINS_SWIFT\=NO
    export EMBED_ASSET_PACKS_IN_PRODUCT_BUNDLE\=NO
    export ENABLE_APP_SANDBOX\=NO
    export ENABLE_BITCODE\=NO
    export ENABLE_CODE_COVERAGE\=YES
    export ENABLE_DEFAULT_HEADER_SEARCH_PATHS\=YES
    export ENABLE_DEFAULT_SEARCH_PATHS\=YES
    export ENABLE_HARDENED_RUNTIME\=NO
    export ENABLE_HEADER_DEPENDENCIES\=YES
    export ENABLE_INCOMING_NETWORK_CONNECTIONS\=NO
    export ENABLE_ON_DEMAND_RESOURCES\=NO
    export ENABLE_OUTGOING_NETWORK_CONNECTIONS\=NO
    export ENABLE_PREVIEWS\=NO
    export ENABLE_RESOURCE_ACCESS_AUDIO_INPUT\=NO
    export ENABLE_RESOURCE_ACCESS_BLUETOOTH\=NO
    export ENABLE_RESOURCE_ACCESS_CALENDARS\=NO
    export ENABLE_RESOURCE_ACCESS_CAMERA\=NO
    export ENABLE_RESOURCE_ACCESS_CONTACTS\=NO
    export ENABLE_RESOURCE_ACCESS_LOCATION\=NO
    export ENABLE_RESOURCE_ACCESS_PRINTING\=NO
    export ENABLE_RESOURCE_ACCESS_USB\=NO
    export ENABLE_SDK_IMPORTS\=NO
    export ENABLE_STRICT_OBJC_MSGSEND\=YES
    export ENABLE_TESTABILITY\=YES
    export ENABLE_TESTING_SEARCH_PATHS\=NO
    export ENABLE_USER_SCRIPT_SANDBOXING\=NO
    export ENABLE_XOJIT_PREVIEWS\=YES
    export ENFORCE_VALID_ARCHS\=YES
    export ENTITLEMENTS_DESTINATION\=__entitlements
    export ENTITLEMENTS_REQUIRED\=YES
    export EXCLUDED_INSTALLSRC_SUBDIRECTORY_PATTERNS\=.DS_Store\ .svn\ .git\ .hg\ CVS
    export EXCLUDED_RECURSIVE_SEARCH_PATH_SUBDIRECTORIES\=\*.nib\ \*.lproj\ \*.framework\ \*.gch\ \*.xcode\*\ \*.xcassets\ \(\*\)\ .DS_Store\ CVS\ .svn\ .git\ .hg\ \*.pbproj\ \*.pbxproj
    export FILE_LIST\=/Users/vivek/Library/Developer/Xcode/DerivedData/FinSafarMobile-crxdngiqgpzuzzgywsfulnakvumi/Build/Intermediates.noindex/Pods.build/Debug-iphonesimulator/hermes-engine.build/Objects/LinkFileList
    export FIXED_FILES_DIR\=/Users/vivek/Library/Developer/Xcode/DerivedData/FinSafarMobile-crxdngiqgpzuzzgywsfulnakvumi/Build/Intermediates.noindex/Pods.build/Debug-iphonesimulator/hermes-engine.build/FixedFiles
    export FRAMEWORK_SEARCH_PATHS\=\ \"/Users/vivek/Documents/projects/fin-safar/mobile_app/ios/Pods/hermes-engine/destroot/Library/Frameworks/universal\"\ \"/Users/vivek/Library/Developer/Xcode/DerivedData/FinSafarMobile-crxdngiqgpzuzzgywsfulnakvumi/Build/Products/Debug-iphonesimulator/XCFrameworkIntermediates/hermes-engine/Pre-built\"
    export FRAMEWORK_VERSION\=A
    export FUSE_BUILD_PHASES\=YES
    export FUSE_BUILD_SCRIPT_PHASES\=NO
    export GCC3_VERSION\=3.3
    export GCC_C_LANGUAGE_STANDARD\=gnu11
    export GCC_DYNAMIC_NO_PIC\=NO
    export GCC_NO_COMMON_BLOCKS\=YES
    export GCC_OBJC_LEGACY_DISPATCH\=YES
    export GCC_OPTIMIZATION_LEVEL\=0
    export GCC_PFE_FILE_C_DIALECTS\=c\ objective-c\ c++\ objective-c++
    export GCC_PREPROCESSOR_DEFINITIONS\=POD_CONFIGURATION_DEBUG\=1\ DEBUG\=1\ \ COCOAPODS\=1\ HERMES_ENABLE_DEBUGGER\=1
    export GCC_TREAT_WARNINGS_AS_ERRORS\=NO
    export GCC_VERSION\=com.apple.compilers.llvm.clang.1_0
    export GCC_VERSION_IDENTIFIER\=com_apple_compilers_llvm_clang_1_0
    export GCC_WARN_64_TO_32_BIT_CONVERSION\=YES
    export GCC_WARN_ABOUT_RETURN_TYPE\=YES_ERROR
    export GCC_WARN_INHIBIT_ALL_WARNINGS\=YES
    export GCC_WARN_UNDECLARED_SELECTOR\=YES
    export GCC_WARN_UNINITIALIZED_AUTOS\=YES_AGGRESSIVE
    export GCC_WARN_UNUSED_FUNCTION\=YES
    export GCC_WARN_UNUSED_VARIABLE\=YES
    export GENERATED_MODULEMAP_DIR\=/Users/vivek/Library/Developer/Xcode/DerivedData/FinSafarMobile-crxdngiqgpzuzzgywsfulnakvumi/Build/Intermediates.noindex/GeneratedModuleMaps-iphonesimulator
    export GENERATE_INFOPLIST_FILE\=NO
    export GENERATE_INTERMEDIATE_TEXT_BASED_STUBS\=YES
    export GENERATE_MASTER_OBJECT_FILE\=NO
    export GENERATE_PKGINFO_FILE\=NO
    export GENERATE_PROFILING_CODE\=NO
    export GENERATE_TEXT_BASED_STUBS\=NO
    export GID\=20
    export GROUP\=staff
    export HEADERMAP_INCLUDES_FLAT_ENTRIES_FOR_TARGET_BEING_BUILT\=YES
    export HEADERMAP_INCLUDES_FRAMEWORK_ENTRIES_FOR_ALL_PRODUCT_TYPES\=YES
    export HEADERMAP_INCLUDES_FRAMEWORK_ENTRIES_FOR_TARGETS_NOT_BEING_BUILT\=YES
    export HEADERMAP_INCLUDES_NONPUBLIC_NONPRIVATE_HEADERS\=YES
    export HEADERMAP_INCLUDES_PROJECT_HEADERS\=YES
    export HEADERMAP_USES_FRAMEWORK_PREFIX_ENTRIES\=YES
    export HEADERMAP_USES_VFS\=NO
    export HEADER_SEARCH_PATHS\=\ /Users/vivek/Documents/projects/fin-safar/mobile_app/ios/Pods/ReactCommon\ /Users/vivek/Documents/projects/fin-safar/mobile_app/ios/Pods/ReactCommon/react/nativemodule/core\ /Users/vivek/Documents/projects/fin-safar/mobile_app/ios/Pods/React-runtimeexecutor\ /Users/vivek/Documents/projects/fin-safar/mobile_app/ios/Pods/React-runtimeexecutor/platform/ios\ /Users/vivek/Documents/projects/fin-safar/mobile_app/ios/Pods/ReactCommon-Samples\ /Users/vivek/Documents/projects/fin-safar/mobile_app/ios/Pods/ReactCommon-Samples/platform/ios\ /Users/vivek/Documents/projects/fin-safar/mobile_app/ios/Pods/React-Fabric/react/renderer/components/view/platform/cxx\ /Users/vivek/Documents/projects/fin-safar/mobile_app/ios/Pods/React-NativeModulesApple\ /Users/vivek/Documents/projects/fin-safar/mobile_app/ios/Pods/React-graphics\ /Users/vivek/Documents/projects/fin-safar/mobile_app/ios/Pods/React-graphics/react/renderer/graphics/platform/ios\ \"/Users/vivek/Documents/projects/fin-safar/mobile_app/ios/Pods/Headers/Private\"\ \"/Users/vivek/Documents/projects/fin-safar/mobile_app/ios/Pods/Headers/Private/hermes-engine\"\ \"/Users/vivek/Documents/projects/fin-safar/mobile_app/ios/Pods/Headers/Public\"\ \"/Users/vivek/Documents/projects/fin-safar/mobile_app/ios/Pods/Headers/Public/hermes-engine\"
    export HIDE_BITCODE_SYMBOLS\=YES
    export HOME\=/Users/vivek
    export HOST_ARCH\=x86_64
    export HOST_PLATFORM\=macosx
    export ICONV\=/usr/bin/iconv
    export IMPLICIT_DEPENDENCY_DOMAIN\=default
    export INFOPLIST_ENABLE_CFBUNDLEICONS_MERGE\=YES
    export INFOPLIST_EXPAND_BUILD_SETTINGS\=YES
    export INFOPLIST_OUTPUT_FORMAT\=binary
    export INFOPLIST_PREPROCESS\=NO
    export INLINE_PRIVATE_FRAMEWORKS\=NO
    export INSTALLAPI_IGNORE_SKIP_INSTALL\=YES
    export INSTALLHDRS_COPY_PHASE\=NO
    export INSTALLHDRS_SCRIPT_PHASE\=NO
    export INSTALL_DIR\=/tmp/Pods.dst
    export INSTALL_GROUP\=staff
    export INSTALL_MODE_FLAG\=u+w,go-w,a+rX
    export INSTALL_OWNER\=vivek
    export INSTALL_ROOT\=/tmp/Pods.dst
    export IPHONEOS_DEPLOYMENT_TARGET\=15.1
    export IS_UNOPTIMIZED_BUILD\=YES
    export JAVAC_DEFAULT_FLAGS\=-J-Xms64m\ -J-XX:NewSize\=4M\ -J-Dfile.encoding\=UTF8
    export JAVA_APP_STUB\=/System/Library/Frameworks/JavaVM.framework/Resources/MacOS/JavaApplicationStub
    export JAVA_ARCHIVE_CLASSES\=YES
    export JAVA_ARCHIVE_TYPE\=JAR
    export JAVA_COMPILER\=/usr/bin/javac
    export JAVA_FRAMEWORK_RESOURCES_DIRS\=Resources
    export JAVA_JAR_FLAGS\=cv
    export JAVA_SOURCE_SUBDIR\=.
    export JAVA_USE_DEPENDENCIES\=YES
    export JAVA_ZIP_FLAGS\=-urg
    export JIKES_DEFAULT_FLAGS\=+E\ +OLDCSO
    export KEEP_PRIVATE_EXTERNS\=NO
    export LD_DEPENDENCY_INFO_FILE\=/Users/vivek/Library/Developer/Xcode/DerivedData/FinSafarMobile-crxdngiqgpzuzzgywsfulnakvumi/Build/Intermediates.noindex/Pods.build/Debug-iphonesimulator/hermes-engine.build/Objects-normal/undefined_arch/hermes-engine_dependency_info.dat
    export LD_EXPORT_SYMBOLS\=YES
    export LD_GENERATE_MAP_FILE\=NO
    export LD_MAP_FILE_PATH\=/Users/vivek/Library/Developer/Xcode/DerivedData/FinSafarMobile-crxdngiqgpzuzzgywsfulnakvumi/Build/Intermediates.noindex/Pods.build/Debug-iphonesimulator/hermes-engine.build/hermes-engine-LinkMap-normal-undefined_arch.txt
    export LD_NO_PIE\=NO
    export LD_QUOTE_LINKER_ARGUMENTS_FOR_COMPILER_DRIVER\=YES
    export LD_RUNPATH_SEARCH_PATHS\=\ @executable_path/Frameworks
    export LD_SHARED_CACHE_ELIGIBLE\=Automatic
    export LD_WARN_DUPLICATE_LIBRARIES\=NO
    export LD_WARN_UNUSED_DYLIBS\=NO
    export LEGACY_DEVELOPER_DIR\=/Applications/Xcode.app/Contents/PlugIns/Xcode3Core.ideplugin/Contents/SharedSupport/Developer
    export LEX\=lex
    export LIBRARY_DEXT_INSTALL_PATH\=/Library/DriverExtensions
    export LIBRARY_FLAG_NOSPACE\=YES
    export LIBRARY_KEXT_INSTALL_PATH\=/Library/Extensions
    export LINKER_DISPLAYS_MANGLED_NAMES\=NO
    export LINK_FILE_LIST_normal_x86_64\=/Users/vivek/Library/Developer/Xcode/DerivedData/FinSafarMobile-crxdngiqgpzuzzgywsfulnakvumi/Build/Intermediates.noindex/Pods.build/Debug-iphonesimulator/hermes-engine.build/Objects-normal/x86_64/hermes-engine.LinkFileList
    export LINK_OBJC_RUNTIME\=YES
    export LINK_WITH_STANDARD_LIBRARIES\=YES
    export LLVM_TARGET_TRIPLE_OS_VERSION\=ios15.1
    export LLVM_TARGET_TRIPLE_SUFFIX\=-simulator
    export LLVM_TARGET_TRIPLE_VENDOR\=apple
    export LM_AUX_CONST_METADATA_LIST_PATH_normal_x86_64\=/Users/vivek/Library/Developer/Xcode/DerivedData/FinSafarMobile-crxdngiqgpzuzzgywsfulnakvumi/Build/Intermediates.noindex/Pods.build/Debug-iphonesimulator/hermes-engine.build/Objects-normal/x86_64/hermes-engine.SwiftConstValuesFileList
    export LOCALIZATION_EXPORT_SUPPORTED\=YES
    export LOCALIZATION_PREFERS_STRING_CATALOGS\=NO
    export LOCALIZED_STRING_MACRO_NAMES\=NSLocalizedString\ CFCopyLocalizedString
    export LOCALIZED_STRING_SWIFTUI_SUPPORT\=YES
    export LOCAL_ADMIN_APPS_DIR\=/Applications/Utilities
    export LOCAL_APPS_DIR\=/Applications
    export LOCAL_DEVELOPER_DIR\=/Library/Developer
    export LOCAL_LIBRARY_DIR\=/Library
    export LOCROOT\=/Users/vivek/Documents/projects/fin-safar/mobile_app/ios/Pods
    export LOCSYMROOT\=/Users/vivek/Documents/projects/fin-safar/mobile_app/ios/Pods
    export MAC_OS_X_PRODUCT_BUILD_VERSION\=24G517
    export MAC_OS_X_VERSION_ACTUAL\=150704
    export MAC_OS_X_VERSION_MAJOR\=150000
    export MAC_OS_X_VERSION_MINOR\=150700
    export MAKE_MERGEABLE\=NO
    export MERGEABLE_LIBRARY\=NO
    export MERGED_BINARY_TYPE\=none
    export MERGE_LINKED_LIBRARIES\=NO
    export METAL_LIBRARY_FILE_BASE\=default
    export METAL_LIBRARY_OUTPUT_DIR\=/Users/vivek/Library/Developer/Xcode/DerivedData/FinSafarMobile-crxdngiqgpzuzzgywsfulnakvumi/Build/Products/Debug-iphonesimulator/hermes-engine/
    export MODULE_CACHE_DIR\=/Users/vivek/Library/Developer/Xcode/DerivedData/ModuleCache.noindex
    export MTL_ENABLE_DEBUG_INFO\=INCLUDE_SOURCE
    export MTL_FAST_MATH\=YES
    export NATIVE_ARCH\=x86_64
    export NATIVE_ARCH_32_BIT\=i386
    export NATIVE_ARCH_64_BIT\=x86_64
    export NATIVE_ARCH_ACTUAL\=x86_64
    export NO_COMMON\=YES
    export OBJC_ABI_VERSION\=2
    export OBJECT_FILE_DIR\=/Users/vivek/Library/Developer/Xcode/DerivedData/FinSafarMobile-crxdngiqgpzuzzgywsfulnakvumi/Build/Intermediates.noindex/Pods.build/Debug-iphonesimulator/hermes-engine.build/Objects
    export OBJECT_FILE_DIR_normal\=/Users/vivek/Library/Developer/Xcode/DerivedData/FinSafarMobile-crxdngiqgpzuzzgywsfulnakvumi/Build/Intermediates.noindex/Pods.build/Debug-iphonesimulator/hermes-engine.build/Objects-normal
    export OBJROOT\=/Users/vivek/Library/Developer/Xcode/DerivedData/FinSafarMobile-crxdngiqgpzuzzgywsfulnakvumi/Build/Intermediates.noindex
    export ONLY_ACTIVE_ARCH\=YES
    export OS\=MACOS
    export OSAC\=/usr/bin/osacompile
    export OTHER_CFLAGS\=\ -DRCT_REMOVE_LEGACY_ARCH\=1
    export OTHER_CPLUSPLUSFLAGS\=\ -DRCT_REMOVE_LEGACY_ARCH\=1\ -DRCT_REMOVE_LEGACY_ARCH\=1
    export PASCAL_STRINGS\=YES
    export PATH\=/Applications/Xcode.app/Contents/SharedFrameworks/SwiftBuild.framework/Versions/A/PlugIns/SWBBuildService.bundle/Contents/PlugIns/SWBUniversalPlatformPlugin.bundle/Contents/Frameworks/SWBUniversalPlatform.framework/Resources:/Applications/Xcode.app/Contents/Developer/Toolchains/XcodeDefault.xctoolchain/usr/bin:/Applications/Xcode.app/Contents/Developer/Toolchains/XcodeDefault.xctoolchain/usr/local/bin:/Applications/Xcode.app/Contents/Developer/Toolchains/XcodeDefault.xctoolchain/usr/libexec:/Applications/Xcode.app/Contents/Developer/Platforms/iPhoneSimulator.platform/usr/bin:/Applications/Xcode.app/Contents/Developer/Platforms/iPhoneSimulator.platform/usr/local/bin:/Applications/Xcode.app/Contents/Developer/Platforms/iPhoneSimulator.platform/Developer/usr/bin:/Applications/Xcode.app/Contents/Developer/Platforms/iPhoneSimulator.platform/Developer/usr/local/bin:/Applications/Xcode.app/Contents/Developer/usr/bin:/Applications/Xcode.app/Contents/Developer/usr/local/bin:/Users/vivek/.nvm/versions/node/v20.19.0/bin:/Library/Frameworks/Python.framework/Versions/3.12/bin:/usr/local/bin:/System/Cryptexes/App/usr/bin:/usr/bin:/bin:/usr/sbin:/sbin:/var/run/com.apple.security.cryptexd/codex.system/bootstrap/usr/local/bin:/var/run/com.apple.security.cryptexd/codex.system/bootstrap/usr/bin:/var/run/com.apple.security.cryptexd/codex.system/bootstrap/usr/appleinternal/bin:/Library/Apple/usr/bin:/usr/local/share/dotnet
    export PATH_PREFIXES_EXCLUDED_FROM_HEADER_DEPENDENCIES\=/usr/include\ /usr/local/include\ /System/Library/Frameworks\ /System/Library/PrivateFrameworks\ /Applications/Xcode.app/Contents/Developer/Headers\ /Applications/Xcode.app/Contents/Developer/SDKs\ /Applications/Xcode.app/Contents/Developer/Platforms
    export PER_ARCH_MODULE_FILE_DIR\=/Users/vivek/Library/Developer/Xcode/DerivedData/FinSafarMobile-crxdngiqgpzuzzgywsfulnakvumi/Build/Intermediates.noindex/Pods.build/Debug-iphonesimulator/hermes-engine.build/Objects-normal/undefined_arch
    export PER_ARCH_OBJECT_FILE_DIR\=/Users/vivek/Library/Developer/Xcode/DerivedData/FinSafarMobile-crxdngiqgpzuzzgywsfulnakvumi/Build/Intermediates.noindex/Pods.build/Debug-iphonesimulator/hermes-engine.build/Objects-normal/undefined_arch
    export PER_VARIANT_OBJECT_FILE_DIR\=/Users/vivek/Library/Developer/Xcode/DerivedData/FinSafarMobile-crxdngiqgpzuzzgywsfulnakvumi/Build/Intermediates.noindex/Pods.build/Debug-iphonesimulator/hermes-engine.build/Objects-normal
    export PKGINFO_FILE_PATH\=/Users/vivek/Library/Developer/Xcode/DerivedData/FinSafarMobile-crxdngiqgpzuzzgywsfulnakvumi/Build/Intermediates.noindex/Pods.build/Debug-iphonesimulator/hermes-engine.build/PkgInfo
    export PLATFORM_DEVELOPER_APPLICATIONS_DIR\=/Applications/Xcode.app/Contents/Developer/Platforms/iPhoneSimulator.platform/Developer/Applications
    export PLATFORM_DEVELOPER_BIN_DIR\=/Applications/Xcode.app/Contents/Developer/Platforms/iPhoneSimulator.platform/Developer/usr/bin
    export PLATFORM_DEVELOPER_LIBRARY_DIR\=/Applications/Xcode.app/Contents/Developer/Platforms/iPhoneSimulator.platform/Developer/Library
    export PLATFORM_DEVELOPER_SDK_DIR\=/Applications/Xcode.app/Contents/Developer/Platforms/iPhoneSimulator.platform/Developer/SDKs
    export PLATFORM_DEVELOPER_TOOLS_DIR\=/Applications/Xcode.app/Contents/Developer/Platforms/iPhoneSimulator.platform/Developer/Tools
    export PLATFORM_DEVELOPER_USR_DIR\=/Applications/Xcode.app/Contents/Developer/Platforms/iPhoneSimulator.platform/Developer/usr
    export PLATFORM_DIR\=/Applications/Xcode.app/Contents/Developer/Platforms/iPhoneSimulator.platform
    export PLATFORM_DISPLAY_NAME\=iOS\ Simulator
    export PLATFORM_FAMILY_NAME\=iOS
    export PLATFORM_NAME\=iphonesimulator
    export PLATFORM_PREFERRED_ARCH\=x86_64
    export PLATFORM_PRODUCT_BUILD_VERSION\=22F76
    export PLATFORM_REQUIRES_SWIFT_AUTOLINK_EXTRACT\=NO
    export PLATFORM_REQUIRES_SWIFT_MODULEWRAP\=NO
    export PLIST_FILE_OUTPUT_FORMAT\=binary
    export PODS_BUILD_DIR\=/Users/vivek/Library/Developer/Xcode/DerivedData/FinSafarMobile-crxdngiqgpzuzzgywsfulnakvumi/Build/Products
    export PODS_CONFIGURATION_BUILD_DIR\=/Users/vivek/Library/Developer/Xcode/DerivedData/FinSafarMobile-crxdngiqgpzuzzgywsfulnakvumi/Build/Products/Debug-iphonesimulator
    export PODS_DEVELOPMENT_LANGUAGE\=en
    export PODS_ROOT\=/Users/vivek/Documents/projects/fin-safar/mobile_app/ios/Pods
    export PODS_TARGET_SRCROOT\=/Users/vivek/Documents/projects/fin-safar/mobile_app/ios/Pods/hermes-engine
    export PODS_XCFRAMEWORKS_BUILD_DIR\=/Users/vivek/Library/Developer/Xcode/DerivedData/FinSafarMobile-crxdngiqgpzuzzgywsfulnakvumi/Build/Products/Debug-iphonesimulator/XCFrameworkIntermediates
    export PRECOMPS_INCLUDE_HEADERS_FROM_BUILT_PRODUCTS_DIR\=YES
    export PRECOMP_DESTINATION_DIR\=/Users/vivek/Library/Developer/Xcode/DerivedData/FinSafarMobile-crxdngiqgpzuzzgywsfulnakvumi/Build/Intermediates.noindex/Pods.build/Debug-iphonesimulator/hermes-engine.build/PrefixHeaders
    export PROCESSED_INFOPLIST_PATH\=/Users/vivek/Library/Developer/Xcode/DerivedData/FinSafarMobile-crxdngiqgpzuzzgywsfulnakvumi/Build/Intermediates.noindex/Pods.build/Debug-iphonesimulator/hermes-engine.build/Objects-normal/undefined_arch/Processed-Info.plist
    export PRODUCT_BUNDLE_IDENTIFIER\=org.cocoapods.hermes-engine
    export PRODUCT_MODULE_NAME\=hermes_engine
    export PRODUCT_NAME\=hermes-engine
    export PRODUCT_SETTINGS_PATH\=
    export PROFILING_CODE\=NO
    export PROJECT\=Pods
    export PROJECT_DERIVED_FILE_DIR\=/Users/vivek/Library/Developer/Xcode/DerivedData/FinSafarMobile-crxdngiqgpzuzzgywsfulnakvumi/Build/Intermediates.noindex/Pods.build/DerivedSources
    export PROJECT_DIR\=/Users/vivek/Documents/projects/fin-safar/mobile_app/ios/Pods
    export PROJECT_FILE_PATH\=/Users/vivek/Documents/projects/fin-safar/mobile_app/ios/Pods/Pods.xcodeproj
    export PROJECT_GUID\=8699adb1dd336b26511df848a716bd42
    export PROJECT_NAME\=Pods
    export PROJECT_TEMP_DIR\=/Users/vivek/Library/Developer/Xcode/DerivedData/FinSafarMobile-crxdngiqgpzuzzgywsfulnakvumi/Build/Intermediates.noindex/Pods.build
    export PROJECT_TEMP_ROOT\=/Users/vivek/Library/Developer/Xcode/DerivedData/FinSafarMobile-crxdngiqgpzuzzgywsfulnakvumi/Build/Intermediates.noindex
    export REACT_NATIVE_PATH\=/Users/vivek/Documents/projects/fin-safar/mobile_app/ios/Pods/../../node_modules/react-native
    export RECOMMENDED_IPHONEOS_DEPLOYMENT_TARGET\=15.0
    export RECURSIVE_SEARCH_PATHS_FOLLOW_SYMLINKS\=YES
    export REMOVE_CVS_FROM_RESOURCES\=YES
    export REMOVE_GIT_FROM_RESOURCES\=YES
    export REMOVE_HEADERS_FROM_EMBEDDED_BUNDLES\=YES
    export REMOVE_HG_FROM_RESOURCES\=YES
    export REMOVE_STATIC_EXECUTABLES_FROM_EMBEDDED_BUNDLES\=YES
    export REMOVE_SVN_FROM_RESOURCES\=YES
    export RESCHEDULE_INDEPENDENT_HEADERS_PHASES\=YES
    export REZ_COLLECTOR_DIR\=/Users/vivek/Library/Developer/Xcode/DerivedData/FinSafarMobile-crxdngiqgpzuzzgywsfulnakvumi/Build/Intermediates.noindex/Pods.build/Debug-iphonesimulator/hermes-engine.build/ResourceManagerResources
    export REZ_OBJECTS_DIR\=/Users/vivek/Library/Developer/Xcode/DerivedData/FinSafarMobile-crxdngiqgpzuzzgywsfulnakvumi/Build/Intermediates.noindex/Pods.build/Debug-iphonesimulator/hermes-engine.build/ResourceManagerResources/Objects
    export SCAN_ALL_SOURCE_FILES_FOR_INCLUDES\=NO
    export SCRIPT_INPUT_FILE_COUNT\=0
    export SCRIPT_INPUT_FILE_LIST_COUNT\=0
    export SCRIPT_OUTPUT_FILE_COUNT\=0
    export SCRIPT_OUTPUT_FILE_LIST_COUNT\=0
    export SDKROOT\=/Applications/Xcode.app/Contents/Developer/Platforms/iPhoneSimulator.platform/Developer/SDKs/iPhoneSimulator18.5.sdk
    export SDK_DIR\=/Applications/Xcode.app/Contents/Developer/Platforms/iPhoneSimulator.platform/Developer/SDKs/iPhoneSimulator18.5.sdk
    export SDK_DIR_iphonesimulator\=/Applications/Xcode.app/Contents/Developer/Platforms/iPhoneSimulator.platform/Developer/SDKs/iPhoneSimulator18.5.sdk
    export SDK_DIR_iphonesimulator18_5\=/Applications/Xcode.app/Contents/Developer/Platforms/iPhoneSimulator.platform/Developer/SDKs/iPhoneSimulator18.5.sdk
    export SDK_NAME\=iphonesimulator18.5
    export SDK_NAMES\=iphonesimulator18.5
    export SDK_PRODUCT_BUILD_VERSION\=22F76
    export SDK_STAT_CACHE_DIR\=/Users/vivek/Library/Developer/Xcode/DerivedData
    export SDK_STAT_CACHE_ENABLE\=YES
    export SDK_STAT_CACHE_PATH\=/Users/vivek/Library/Developer/Xcode/DerivedData/SDKStatCaches.noindex/iphonesimulator18.5-22F76-d5fc8ad4295d2ef488fb7d0f804ce0c4.sdkstatcache
    export SDK_VERSION\=18.5
    export SDK_VERSION_ACTUAL\=180500
    export SDK_VERSION_MAJOR\=180000
    export SDK_VERSION_MINOR\=180500
    export SED\=/usr/bin/sed
    export SEPARATE_STRIP\=NO
    export SEPARATE_SYMBOL_EDIT\=NO
    export SET_DIR_MODE_OWNER_GROUP\=YES
    export SET_FILE_MODE_OWNER_GROUP\=NO
    export SHALLOW_BUNDLE\=NO
    export SHARED_DERIVED_FILE_DIR\=/Users/vivek/Library/Developer/Xcode/DerivedData/FinSafarMobile-crxdngiqgpzuzzgywsfulnakvumi/Build/Products/Debug-iphonesimulator/hermes-engine/DerivedSources
    export SHARED_PRECOMPS_DIR\=/Users/vivek/Library/Developer/Xcode/DerivedData/FinSafarMobile-crxdngiqgpzuzzgywsfulnakvumi/Build/Intermediates.noindex/PrecompiledHeaders
    export SKIP_INSTALL\=YES
    export SOURCE_ROOT\=/Users/vivek/Documents/projects/fin-safar/mobile_app/ios/Pods
    export SRCROOT\=/Users/vivek/Documents/projects/fin-safar/mobile_app/ios/Pods
    export STRINGSDATA_DIR\=/Users/vivek/Library/Developer/Xcode/DerivedData/FinSafarMobile-crxdngiqgpzuzzgywsfulnakvumi/Build/Intermediates.noindex/Pods.build/Debug-iphonesimulator/hermes-engine.build/Objects-normal/undefined_arch
    export STRINGSDATA_ROOT\=/Users/vivek/Library/Developer/Xcode/DerivedData/FinSafarMobile-crxdngiqgpzuzzgywsfulnakvumi/Build/Intermediates.noindex/Pods.build/Debug-iphonesimulator/hermes-engine.build
    export STRINGS_FILE_INFOPLIST_RENAME\=YES
    export STRINGS_FILE_OUTPUT_ENCODING\=binary
    export STRIP_BITCODE_FROM_COPIED_FILES\=NO
    export STRIP_INSTALLED_PRODUCT\=NO
    export STRIP_STYLE\=all
    export STRIP_SWIFT_SYMBOLS\=YES
    export SUPPORTED_DEVICE_FAMILIES\=1,2
    export SUPPORTED_PLATFORMS\=iphoneos\ iphonesimulator
    export SUPPORTS_TEXT_BASED_API\=NO
    export SUPPRESS_WARNINGS\=NO
    export SWIFT_ACTIVE_COMPILATION_CONDITIONS\=\ DEBUG
    export SWIFT_EMIT_LOC_STRINGS\=NO
    export SWIFT_ENABLE_EXPLICIT_MODULES\=NO
    export SWIFT_OPTIMIZATION_LEVEL\=-Onone
    export SWIFT_PLATFORM_TARGET_PREFIX\=ios
    export SWIFT_RESPONSE_FILE_PATH_normal_x86_64\=/Users/vivek/Library/Developer/Xcode/DerivedData/FinSafarMobile-crxdngiqgpzuzzgywsfulnakvumi/Build/Intermediates.noindex/Pods.build/Debug-iphonesimulator/hermes-engine.build/Objects-normal/x86_64/hermes-engine.SwiftFileList
    export SWIFT_VERSION\=5.0
    export SYMROOT\=/Users/vivek/Library/Developer/Xcode/DerivedData/FinSafarMobile-crxdngiqgpzuzzgywsfulnakvumi/Build/Products
    export SYSTEM_ADMIN_APPS_DIR\=/Applications/Utilities
    export SYSTEM_APPS_DIR\=/Applications
    export SYSTEM_CORE_SERVICES_DIR\=/System/Library/CoreServices
    export SYSTEM_DEMOS_DIR\=/Applications/Extras
    export SYSTEM_DEVELOPER_APPS_DIR\=/Applications/Xcode.app/Contents/Developer/Applications
    export SYSTEM_DEVELOPER_BIN_DIR\=/Applications/Xcode.app/Contents/Developer/usr/bin
    export SYSTEM_DEVELOPER_DEMOS_DIR\=/Applications/Xcode.app/Contents/Developer/Applications/Utilities/Built\ Examples
    export SYSTEM_DEVELOPER_DIR\=/Applications/Xcode.app/Contents/Developer
    export SYSTEM_DEVELOPER_DOC_DIR\=/Applications/Xcode.app/Contents/Developer/ADC\ Reference\ Library
    export SYSTEM_DEVELOPER_GRAPHICS_TOOLS_DIR\=/Applications/Xcode.app/Contents/Developer/Applications/Graphics\ Tools
    export SYSTEM_DEVELOPER_JAVA_TOOLS_DIR\=/Applications/Xcode.app/Contents/Developer/Applications/Java\ Tools
    export SYSTEM_DEVELOPER_PERFORMANCE_TOOLS_DIR\=/Applications/Xcode.app/Contents/Developer/Applications/Performance\ Tools
    export SYSTEM_DEVELOPER_RELEASENOTES_DIR\=/Applications/Xcode.app/Contents/Developer/ADC\ Reference\ Library/releasenotes
    export SYSTEM_DEVELOPER_TOOLS\=/Applications/Xcode.app/Contents/Developer/Tools
    export SYSTEM_DEVELOPER_TOOLS_DOC_DIR\=/Applications/Xcode.app/Contents/Developer/ADC\ Reference\ Library/documentation/DeveloperTools
    export SYSTEM_DEVELOPER_TOOLS_RELEASENOTES_DIR\=/Applications/Xcode.app/Contents/Developer/ADC\ Reference\ Library/releasenotes/DeveloperTools
    export SYSTEM_DEVELOPER_USR_DIR\=/Applications/Xcode.app/Contents/Developer/usr
    export SYSTEM_DEVELOPER_UTILITIES_DIR\=/Applications/Xcode.app/Contents/Developer/Applications/Utilities
    export SYSTEM_DEXT_INSTALL_PATH\=/System/Library/DriverExtensions
    export SYSTEM_DOCUMENTATION_DIR\=/Library/Documentation
    export SYSTEM_KEXT_INSTALL_PATH\=/System/Library/Extensions
    export SYSTEM_LIBRARY_DIR\=/System/Library
    export TAPI_DEMANGLE\=YES
    export TAPI_ENABLE_PROJECT_HEADERS\=NO
    export TAPI_LANGUAGE\=objective-c
    export TAPI_LANGUAGE_STANDARD\=compiler-default
    export TAPI_USE_SRCROOT\=YES
    export TAPI_VERIFY_MODE\=Pedantic
    export TARGETED_DEVICE_FAMILY\=1,2
    export TARGETNAME\=hermes-engine
    export TARGET_BUILD_DIR\=/Users/vivek/Library/Developer/Xcode/DerivedData/FinSafarMobile-crxdngiqgpzuzzgywsfulnakvumi/Build/Products/Debug-iphonesimulator/hermes-engine
    export TARGET_DEVICE_IDENTIFIER\=DB8E7F90-FB2D-4385-B320-28EACCC7A691
    export TARGET_DEVICE_MODEL\=iPhone15,4
    export TARGET_DEVICE_OS_VERSION\=17.0.1
    export TARGET_DEVICE_PLATFORM_NAME\=iphonesimulator
    export TARGET_NAME\=hermes-engine
    export TARGET_TEMP_DIR\=/Users/vivek/Library/Developer/Xcode/DerivedData/FinSafarMobile-crxdngiqgpzuzzgywsfulnakvumi/Build/Intermediates.noindex/Pods.build/Debug-iphonesimulator/hermes-engine.build
    export TEMP_DIR\=/Users/vivek/Library/Developer/Xcode/DerivedData/FinSafarMobile-crxdngiqgpzuzzgywsfulnakvumi/Build/Intermediates.noindex/Pods.build/Debug-iphonesimulator/hermes-engine.build
    export TEMP_FILES_DIR\=/Users/vivek/Library/Developer/Xcode/DerivedData/FinSafarMobile-crxdngiqgpzuzzgywsfulnakvumi/Build/Intermediates.noindex/Pods.build/Debug-iphonesimulator/hermes-engine.build
    export TEMP_FILE_DIR\=/Users/vivek/Library/Developer/Xcode/DerivedData/FinSafarMobile-crxdngiqgpzuzzgywsfulnakvumi/Build/Intermediates.noindex/Pods.build/Debug-iphonesimulator/hermes-engine.build
    export TEMP_ROOT\=/Users/vivek/Library/Developer/Xcode/DerivedData/FinSafarMobile-crxdngiqgpzuzzgywsfulnakvumi/Build/Intermediates.noindex
    export TEMP_SANDBOX_DIR\=/Users/vivek/Library/Developer/Xcode/DerivedData/FinSafarMobile-crxdngiqgpzuzzgywsfulnakvumi/Build/Intermediates.noindex/TemporaryTaskSandboxes
    export TEST_FRAMEWORK_SEARCH_PATHS\=\ /Applications/Xcode.app/Contents/Developer/Platforms/iPhoneSimulator.platform/Developer/Library/Frameworks\ /Applications/Xcode.app/Contents/Developer/Platforms/iPhoneSimulator.platform/Developer/SDKs/iPhoneSimulator18.5.sdk/Developer/Library/Frameworks
    export TEST_LIBRARY_SEARCH_PATHS\=\ /Applications/Xcode.app/Contents/Developer/Platforms/iPhoneSimulator.platform/Developer/usr/lib
    export TOOLCHAINS\=com.apple.dt.toolchain.XcodeDefault
    export TOOLCHAIN_DIR\=/Applications/Xcode.app/Contents/Developer/Toolchains/XcodeDefault.xctoolchain
    export TREAT_MISSING_BASELINES_AS_TEST_FAILURES\=NO
    export TREAT_MISSING_SCRIPT_PHASE_OUTPUTS_AS_ERRORS\=NO
    export UID\=501
    export UNINSTALLED_PRODUCTS_DIR\=/Users/vivek/Library/Developer/Xcode/DerivedData/FinSafarMobile-crxdngiqgpzuzzgywsfulnakvumi/Build/Intermediates.noindex/UninstalledProducts
    export UNSTRIPPED_PRODUCT\=NO
    export USER\=vivek
    export USER_APPS_DIR\=/Users/vivek/Applications
    export USER_LIBRARY_DIR\=/Users/vivek/Library
    export USE_DYNAMIC_NO_PIC\=YES
    export USE_HEADERMAP\=YES
    export USE_HEADER_SYMLINKS\=NO
    export USE_HERMES\=true
    export USE_RECURSIVE_SCRIPT_INPUTS_IN_SCRIPT_PHASES\=YES
    export VALIDATE_DEVELOPMENT_ASSET_PATHS\=YES_ERROR
    export VALIDATE_PRODUCT\=NO
    export VALID_ARCHS\=arm64\ arm64e\ x86_64
    export VERBOSE_PBXCP\=NO
    export VERSION_INFO_BUILDER\=vivek
    export VERSION_INFO_FILE\=hermes-engine_vers.c
    export VERSION_INFO_STRING\=\"@\(\#\)PROGRAM:hermes-engine\ \ PROJECT:Pods-\"
    export WORKSPACE_DIR\=/Users/vivek/Documents/projects/fin-safar/mobile_app/ios
    export WRAP_ASSET_PACKS_IN_SEPARATE_DIRECTORIES\=NO
    export XCODE_APP_SUPPORT_DIR\=/Applications/Xcode.app/Contents/Developer/Library/Xcode
    export XCODE_PRODUCT_BUILD_VERSION\=16F6
    export XCODE_VERSION_ACTUAL\=1640
    export XCODE_VERSION_MAJOR\=1600
    export XCODE_VERSION_MINOR\=1640
    export XPCSERVICES_FOLDER_PATH\=/XPCServices
    export YACC\=yacc
    export _DISCOVER_COMMAND_LINE_LINKER_INPUTS\=YES
    export _DISCOVER_COMMAND_LINE_LINKER_INPUTS_INCLUDE_WL\=YES
    export __DIAGNOSE_DEPRECATED_ARCHS\=YES
    export arch\=undefined_arch
    export variant\=normal
    /bin/sh -c /Users/vivek/Library/Developer/Xcode/DerivedData/FinSafarMobile-crxdngiqgpzuzzgywsfulnakvumi/Build/Intermediates.noindex/Pods.build/Debug-iphonesimulator/hermes-engine.build/Script-46EB2E000187F0.sh
Node found at: /Users/vivek/.nvm/versions/node/v20.19.0/bin/node
No previous build detected, but Debug Configuration. No need to replace Hermes engine

PhaseScriptExecution [CP-User]\ [RNDeps]\ Replace\ React\ Native\ Dependencies\ for\ the\ right\ configuration,\ if\ needed /Users/vivek/Library/Developer/Xcode/DerivedData/FinSafarMobile-crxdngiqgpzuzzgywsfulnakvumi/Build/Intermediates.noindex/Pods.build/Debug-iphonesimulator/ReactNativeDependencies.build/Script-46EB2E000187D0.sh (in target 'ReactNativeDependencies' from project 'Pods')
    cd /Users/vivek/Documents/projects/fin-safar/mobile_app/ios/Pods
    export ACTION\=build
    export AD_HOC_CODE_SIGNING_ALLOWED\=YES
    export ALLOW_BUILD_REQUEST_OVERRIDES\=NO
    export ALLOW_TARGET_PLATFORM_SPECIALIZATION\=NO
    export ALTERNATE_GROUP\=staff
    export ALTERNATE_MODE\=u+w,go-w,a+rX
    export ALTERNATE_OWNER\=vivek
    export ALTERNATIVE_DISTRIBUTION_WEB\=NO
    export ALWAYS_EMBED_SWIFT_STANDARD_LIBRARIES\=NO
    export ALWAYS_SEARCH_USER_PATHS\=NO
    export ALWAYS_USE_SEPARATE_HEADERMAPS\=NO
    export APPLICATION_EXTENSION_API_ONLY\=NO
    export APPLY_RULES_IN_COPY_FILES\=NO
    export APPLY_RULES_IN_COPY_HEADERS\=NO
    export APP_SHORTCUTS_ENABLE_FLEXIBLE_MATCHING\=YES
    export ARCHS\=x86_64
    export ARCHS_STANDARD\=arm64\ x86_64
    export ARCHS_STANDARD_32_64_BIT\=arm64\ x86_64
    export ARCHS_STANDARD_64_BIT\=arm64\ x86_64
    export ARCHS_STANDARD_INCLUDING_64_BIT\=arm64\ x86_64
    export ARCHS_UNIVERSAL_IPHONE_OS\=arm64\ x86_64
    export ASSETCATALOG_COMPILER_APPICON_NAME\=AppIcon
    export ASSETCATALOG_COMPILER_GLOBAL_ACCENT_COLOR_NAME\=AccentColor
    export ASSETCATALOG_FILTER_FOR_DEVICE_MODEL\=iPhone15,4
    export ASSETCATALOG_FILTER_FOR_DEVICE_OS_VERSION\=17.0.1
    export ASSETCATALOG_FILTER_FOR_THINNING_DEVICE_CONFIGURATION\=iPhone15,4
    export AUTOMATICALLY_MERGE_DEPENDENCIES\=NO
    export AVAILABLE_PLATFORMS\=android\ appletvos\ appletvsimulator\ driverkit\ iphoneos\ iphonesimulator\ macosx\ qnx\ watchos\ watchsimulator\ xros\ xrsimulator
    export BITCODE_GENERATION_MODE\=marker
    export BUILD_ACTIVE_RESOURCES_ONLY\=YES
    export BUILD_COMPONENTS\=headers\ build
    export BUILD_DIR\=/Users/vivek/Library/Developer/Xcode/DerivedData/FinSafarMobile-crxdngiqgpzuzzgywsfulnakvumi/Build/Products
    export BUILD_LIBRARY_FOR_DISTRIBUTION\=NO
    export BUILD_ROOT\=/Users/vivek/Library/Developer/Xcode/DerivedData/FinSafarMobile-crxdngiqgpzuzzgywsfulnakvumi/Build/Products
    export BUILD_STYLE\=
    export BUILD_VARIANTS\=normal
    export BUILT_PRODUCTS_DIR\=/Users/vivek/Library/Developer/Xcode/DerivedData/FinSafarMobile-crxdngiqgpzuzzgywsfulnakvumi/Build/Products/Debug-iphonesimulator/ReactNativeDependencies
    export BUNDLE_CONTENTS_FOLDER_PATH_deep\=Contents/
    export BUNDLE_EXECUTABLE_FOLDER_NAME_deep\=MacOS
    export BUNDLE_EXTENSIONS_FOLDER_PATH\=Extensions
    export BUNDLE_FORMAT\=shallow
    export BUNDLE_FRAMEWORKS_FOLDER_PATH\=Frameworks
    export BUNDLE_PLUGINS_FOLDER_PATH\=PlugIns
    export BUNDLE_PRIVATE_HEADERS_FOLDER_PATH\=PrivateHeaders
    export BUNDLE_PUBLIC_HEADERS_FOLDER_PATH\=Headers
    export CACHE_ROOT\=/var/folders/hm/dvdw0q_d2yg07bbndzyfxl9c0000gn/C/com.apple.DeveloperTools/16.4-16F6/Xcode
    export CCHROOT\=/var/folders/hm/dvdw0q_d2yg07bbndzyfxl9c0000gn/C/com.apple.DeveloperTools/16.4-16F6/Xcode
    export CHMOD\=/bin/chmod
    export CHOWN\=/usr/sbin/chown
    export CLANG_ANALYZER_LOCALIZABILITY_NONLOCALIZED\=YES
    export CLANG_ANALYZER_NONNULL\=YES
    export CLANG_ANALYZER_NUMBER_OBJECT_CONVERSION\=YES_AGGRESSIVE
    export CLANG_CACHE_FINE_GRAINED_OUTPUTS\=YES
    export CLANG_CXX_LANGUAGE_STANDARD\=c++20
    export CLANG_CXX_LIBRARY\=libc++
    export CLANG_ENABLE_EXPLICIT_MODULES\=YES
    export CLANG_ENABLE_MODULES\=YES
    export CLANG_ENABLE_OBJC_ARC\=YES
    export CLANG_ENABLE_OBJC_WEAK\=NO
    export CLANG_MODULES_BUILD_SESSION_FILE\=/Users/vivek/Library/Developer/Xcode/DerivedData/ModuleCache.noindex/Session.modulevalidation
    export CLANG_WARN_BLOCK_CAPTURE_AUTORELEASING\=YES
    export CLANG_WARN_BOOL_CONVERSION\=YES
    export CLANG_WARN_COMMA\=YES
    export CLANG_WARN_CONSTANT_CONVERSION\=YES
    export CLANG_WARN_DEPRECATED_OBJC_IMPLEMENTATIONS\=YES
    export CLANG_WARN_DIRECT_OBJC_ISA_USAGE\=YES_ERROR
    export CLANG_WARN_DOCUMENTATION_COMMENTS\=YES
    export CLANG_WARN_EMPTY_BODY\=YES
    export CLANG_WARN_ENUM_CONVERSION\=YES
    export CLANG_WARN_INFINITE_RECURSION\=YES
    export CLANG_WARN_INT_CONVERSION\=YES
    export CLANG_WARN_NON_LITERAL_NULL_CONVERSION\=YES
    export CLANG_WARN_OBJC_IMPLICIT_RETAIN_SELF\=YES
    export CLANG_WARN_OBJC_LITERAL_CONVERSION\=YES
    export CLANG_WARN_OBJC_ROOT_CLASS\=YES_ERROR
    export CLANG_WARN_QUOTED_INCLUDE_IN_FRAMEWORK_HEADER\=NO
    export CLANG_WARN_RANGE_LOOP_ANALYSIS\=YES
    export CLANG_WARN_STRICT_PROTOTYPES\=YES
    export CLANG_WARN_SUSPICIOUS_MOVE\=YES
    export CLANG_WARN_UNGUARDED_AVAILABILITY\=YES_AGGRESSIVE
    export CLANG_WARN_UNREACHABLE_CODE\=YES
    export CLANG_WARN__DUPLICATE_METHOD_MATCH\=YES
    export CLASS_FILE_DIR\=/Users/vivek/Library/Developer/Xcode/DerivedData/FinSafarMobile-crxdngiqgpzuzzgywsfulnakvumi/Build/Intermediates.noindex/Pods.build/Debug-iphonesimulator/ReactNativeDependencies.build/JavaClasses
    export CLEAN_PRECOMPS\=YES
    export CLONE_HEADERS\=NO
    export CODESIGNING_FOLDER_PATH\=/Users/vivek/Library/Developer/Xcode/DerivedData/FinSafarMobile-crxdngiqgpzuzzgywsfulnakvumi/Build/Products/Debug-iphonesimulator/ReactNativeDependencies/
    export CODE_SIGNING_ALLOWED\=NO
    export CODE_SIGNING_REQUIRED\=YES
    export CODE_SIGN_CONTEXT_CLASS\=XCiPhoneSimulatorCodeSignContext
    export CODE_SIGN_IDENTITY\=-
    export CODE_SIGN_INJECT_BASE_ENTITLEMENTS\=YES
    export COLOR_DIAGNOSTICS\=NO
    export COMBINE_HIDPI_IMAGES\=NO
    export COMPILATION_CACHE_CAS_PATH\=/Users/vivek/Library/Developer/Xcode/DerivedData/CompilationCache.noindex
    export COMPILATION_CACHE_KEEP_CAS_DIRECTORY\=YES
    export COMPILER_INDEX_STORE_ENABLE\=Default
    export COMPOSITE_SDK_DIRS\=/Users/vivek/Library/Developer/Xcode/DerivedData/FinSafarMobile-crxdngiqgpzuzzgywsfulnakvumi/Build/Intermediates.noindex/CompositeSDKs
    export COMPRESS_PNG_FILES\=YES
    export CONFIGURATION\=Debug
    export CONFIGURATION_BUILD_DIR\=/Users/vivek/Library/Developer/Xcode/DerivedData/FinSafarMobile-crxdngiqgpzuzzgywsfulnakvumi/Build/Products/Debug-iphonesimulator/ReactNativeDependencies
    export CONFIGURATION_TEMP_DIR\=/Users/vivek/Library/Developer/Xcode/DerivedData/FinSafarMobile-crxdngiqgpzuzzgywsfulnakvumi/Build/Intermediates.noindex/Pods.build/Debug-iphonesimulator
    export COPYING_PRESERVES_HFS_DATA\=NO
    export COPY_HEADERS_RUN_UNIFDEF\=NO
    export COPY_PHASE_STRIP\=NO
    export CORRESPONDING_DEVICE_PLATFORM_DIR\=/Applications/Xcode.app/Contents/Developer/Platforms/iPhoneOS.platform
    export CORRESPONDING_DEVICE_PLATFORM_NAME\=iphoneos
    export CORRESPONDING_DEVICE_SDK_DIR\=/Applications/Xcode.app/Contents/Developer/Platforms/iPhoneOS.platform/Developer/SDKs/iPhoneOS18.5.sdk
    export CORRESPONDING_DEVICE_SDK_NAME\=iphoneos18.5
    export CP\=/bin/cp
    export CREATE_INFOPLIST_SECTION_IN_BINARY\=NO
    export CURRENT_ARCH\=undefined_arch
    export CURRENT_VARIANT\=normal
    export DEAD_CODE_STRIPPING\=YES
    export DEBUGGING_SYMBOLS\=YES
    export DEBUG_INFORMATION_FORMAT\=dwarf
    export DEBUG_INFORMATION_VERSION\=compiler-default
    export DEFAULT_COMPILER\=com.apple.compilers.llvm.clang.1_0
    export DEFAULT_DEXT_INSTALL_PATH\=/System/Library/DriverExtensions
    export DEFAULT_KEXT_INSTALL_PATH\=/System/Library/Extensions
    export DEFINES_MODULE\=NO
    export DEPLOYMENT_LOCATION\=NO
    export DEPLOYMENT_POSTPROCESSING\=NO
    export DEPLOYMENT_TARGET_SETTING_NAME\=IPHONEOS_DEPLOYMENT_TARGET
    export DEPLOYMENT_TARGET_SUGGESTED_VALUES\=12.0\ 12.1\ 12.2\ 12.3\ 12.4\ 13.0\ 13.1\ 13.2\ 13.3\ 13.4\ 13.5\ 13.6\ 14.0\ 14.1\ 14.2\ 14.3\ 14.4\ 14.5\ 14.6\ 14.7\ 15.0\ 15.1\ 15.2\ 15.3\ 15.4\ 15.5\ 15.6\ 16.0\ 16.1\ 16.2\ 16.3\ 16.4\ 16.5\ 16.6\ 17.0\ 17.1\ 17.2\ 17.3\ 17.4\ 17.5\ 17.6\ 18.0\ 18.1\ 18.2\ 18.3\ 18.4\ 18.5
    export DERIVED_FILES_DIR\=/Users/vivek/Library/Developer/Xcode/DerivedData/FinSafarMobile-crxdngiqgpzuzzgywsfulnakvumi/Build/Intermediates.noindex/Pods.build/Debug-iphonesimulator/ReactNativeDependencies.build/DerivedSources
    export DERIVED_FILE_DIR\=/Users/vivek/Library/Developer/Xcode/DerivedData/FinSafarMobile-crxdngiqgpzuzzgywsfulnakvumi/Build/Intermediates.noindex/Pods.build/Debug-iphonesimulator/ReactNativeDependencies.build/DerivedSources
    export DERIVED_SOURCES_DIR\=/Users/vivek/Library/Developer/Xcode/DerivedData/FinSafarMobile-crxdngiqgpzuzzgywsfulnakvumi/Build/Intermediates.noindex/Pods.build/Debug-iphonesimulator/ReactNativeDependencies.build/DerivedSources
    export DEVELOPER_APPLICATIONS_DIR\=/Applications/Xcode.app/Contents/Developer/Applications
    export DEVELOPER_BIN_DIR\=/Applications/Xcode.app/Contents/Developer/usr/bin
    export DEVELOPER_DIR\=/Applications/Xcode.app/Contents/Developer
    export DEVELOPER_FRAMEWORKS_DIR\=/Applications/Xcode.app/Contents/Developer/Library/Frameworks
    export DEVELOPER_FRAMEWORKS_DIR_QUOTED\=/Applications/Xcode.app/Contents/Developer/Library/Frameworks
    export DEVELOPER_LIBRARY_DIR\=/Applications/Xcode.app/Contents/Developer/Library
    export DEVELOPER_SDK_DIR\=/Applications/Xcode.app/Contents/Developer/Platforms/MacOSX.platform/Developer/SDKs
    export DEVELOPER_TOOLS_DIR\=/Applications/Xcode.app/Contents/Developer/Tools
    export DEVELOPER_USR_DIR\=/Applications/Xcode.app/Contents/Developer/usr
    export DEVELOPMENT_LANGUAGE\=en
    export DIAGNOSE_MISSING_TARGET_DEPENDENCIES\=YES
    export DIFF\=/usr/bin/diff
    export DONT_GENERATE_INFOPLIST_FILE\=NO
    export DSTROOT\=/tmp/Pods.dst
    export DT_TOOLCHAIN_DIR\=/Applications/Xcode.app/Contents/Developer/Toolchains/XcodeDefault.xctoolchain
    export DWARF_DSYM_FILE_NAME\=.dSYM
    export DWARF_DSYM_FILE_SHOULD_ACCOMPANY_PRODUCT\=NO
    export DWARF_DSYM_FOLDER_PATH\=/Users/vivek/Library/Developer/Xcode/DerivedData/FinSafarMobile-crxdngiqgpzuzzgywsfulnakvumi/Build/Products/Debug-iphonesimulator/ReactNativeDependencies
    export DYNAMIC_LIBRARY_EXTENSION\=dylib
    export EAGER_COMPILATION_ALLOW_SCRIPTS\=NO
    export EAGER_LINKING\=NO
    export EFFECTIVE_PLATFORM_NAME\=-iphonesimulator
    export EMBEDDED_CONTENT_CONTAINS_SWIFT\=NO
    export EMBED_ASSET_PACKS_IN_PRODUCT_BUNDLE\=NO
    export ENABLE_APP_SANDBOX\=NO
    export ENABLE_BITCODE\=NO
    export ENABLE_CODE_COVERAGE\=YES
    export ENABLE_DEFAULT_HEADER_SEARCH_PATHS\=YES
    export ENABLE_DEFAULT_SEARCH_PATHS\=YES
    export ENABLE_HARDENED_RUNTIME\=NO
    export ENABLE_HEADER_DEPENDENCIES\=YES
    export ENABLE_INCOMING_NETWORK_CONNECTIONS\=NO
    export ENABLE_ON_DEMAND_RESOURCES\=NO
    export ENABLE_OUTGOING_NETWORK_CONNECTIONS\=NO
    export ENABLE_PREVIEWS\=NO
    export ENABLE_RESOURCE_ACCESS_AUDIO_INPUT\=NO
    export ENABLE_RESOURCE_ACCESS_BLUETOOTH\=NO
    export ENABLE_RESOURCE_ACCESS_CALENDARS\=NO
    export ENABLE_RESOURCE_ACCESS_CAMERA\=NO
    export ENABLE_RESOURCE_ACCESS_CONTACTS\=NO
    export ENABLE_RESOURCE_ACCESS_LOCATION\=NO
    export ENABLE_RESOURCE_ACCESS_PRINTING\=NO
    export ENABLE_RESOURCE_ACCESS_USB\=NO
    export ENABLE_SDK_IMPORTS\=NO
    export ENABLE_STRICT_OBJC_MSGSEND\=YES
    export ENABLE_TESTABILITY\=YES
    export ENABLE_TESTING_SEARCH_PATHS\=NO
    export ENABLE_USER_SCRIPT_SANDBOXING\=NO
    export ENABLE_XOJIT_PREVIEWS\=YES
    export ENFORCE_VALID_ARCHS\=YES
    export ENTITLEMENTS_DESTINATION\=__entitlements
    export ENTITLEMENTS_REQUIRED\=YES
    export EXCLUDED_INSTALLSRC_SUBDIRECTORY_PATTERNS\=.DS_Store\ .svn\ .git\ .hg\ CVS
    export EXCLUDED_RECURSIVE_SEARCH_PATH_SUBDIRECTORIES\=\*.nib\ \*.lproj\ \*.framework\ \*.gch\ \*.xcode\*\ \*.xcassets\ \(\*\)\ .DS_Store\ CVS\ .svn\ .git\ .hg\ \*.pbproj\ \*.pbxproj
    export FILE_LIST\=/Users/vivek/Library/Developer/Xcode/DerivedData/FinSafarMobile-crxdngiqgpzuzzgywsfulnakvumi/Build/Intermediates.noindex/Pods.build/Debug-iphonesimulator/ReactNativeDependencies.build/Objects/LinkFileList
    export FIXED_FILES_DIR\=/Users/vivek/Library/Developer/Xcode/DerivedData/FinSafarMobile-crxdngiqgpzuzzgywsfulnakvumi/Build/Intermediates.noindex/Pods.build/Debug-iphonesimulator/ReactNativeDependencies.build/FixedFiles
    export FRAMEWORK_SEARCH_PATHS\=\ \"/Users/vivek/Documents/projects/fin-safar/mobile_app/ios/Pods/ReactNativeDependencies/framework/packages/react-native\"\ \"/Users/vivek/Library/Developer/Xcode/DerivedData/FinSafarMobile-crxdngiqgpzuzzgywsfulnakvumi/Build/Products/Debug-iphonesimulator/XCFrameworkIntermediates/ReactNativeDependencies\"
    export FRAMEWORK_VERSION\=A
    export FUSE_BUILD_PHASES\=YES
    export FUSE_BUILD_SCRIPT_PHASES\=NO
    export GCC3_VERSION\=3.3
    export GCC_C_LANGUAGE_STANDARD\=gnu11
    export GCC_DYNAMIC_NO_PIC\=NO
    export GCC_NO_COMMON_BLOCKS\=YES
    export GCC_OBJC_LEGACY_DISPATCH\=YES
    export GCC_OPTIMIZATION_LEVEL\=0
    export GCC_PFE_FILE_C_DIALECTS\=c\ objective-c\ c++\ objective-c++
    export GCC_PREPROCESSOR_DEFINITIONS\=POD_CONFIGURATION_DEBUG\=1\ DEBUG\=1\ \ COCOAPODS\=1
    export GCC_TREAT_WARNINGS_AS_ERRORS\=NO
    export GCC_VERSION\=com.apple.compilers.llvm.clang.1_0
    export GCC_VERSION_IDENTIFIER\=com_apple_compilers_llvm_clang_1_0
    export GCC_WARN_64_TO_32_BIT_CONVERSION\=YES
    export GCC_WARN_ABOUT_RETURN_TYPE\=YES_ERROR
    export GCC_WARN_UNDECLARED_SELECTOR\=YES
    export GCC_WARN_UNINITIALIZED_AUTOS\=YES_AGGRESSIVE
    export GCC_WARN_UNUSED_FUNCTION\=YES
    export GCC_WARN_UNUSED_VARIABLE\=YES
    export GENERATED_MODULEMAP_DIR\=/Users/vivek/Library/Developer/Xcode/DerivedData/FinSafarMobile-crxdngiqgpzuzzgywsfulnakvumi/Build/Intermediates.noindex/GeneratedModuleMaps-iphonesimulator
    export GENERATE_INFOPLIST_FILE\=NO
    export GENERATE_INTERMEDIATE_TEXT_BASED_STUBS\=YES
    export GENERATE_MASTER_OBJECT_FILE\=NO
    export GENERATE_PKGINFO_FILE\=NO
    export GENERATE_PROFILING_CODE\=NO
    export GENERATE_TEXT_BASED_STUBS\=NO
    export GID\=20
    export GROUP\=staff
    export HEADERMAP_INCLUDES_FLAT_ENTRIES_FOR_TARGET_BEING_BUILT\=YES
    export HEADERMAP_INCLUDES_FRAMEWORK_ENTRIES_FOR_ALL_PRODUCT_TYPES\=YES
    export HEADERMAP_INCLUDES_FRAMEWORK_ENTRIES_FOR_TARGETS_NOT_BEING_BUILT\=YES
    export HEADERMAP_INCLUDES_NONPUBLIC_NONPRIVATE_HEADERS\=YES
    export HEADERMAP_INCLUDES_PROJECT_HEADERS\=YES
    export HEADERMAP_USES_FRAMEWORK_PREFIX_ENTRIES\=YES
    export HEADERMAP_USES_VFS\=NO
    export HEADER_SEARCH_PATHS\=\ /Users/vivek/Documents/projects/fin-safar/mobile_app/ios/Pods/ReactCommon\ /Users/vivek/Documents/projects/fin-safar/mobile_app/ios/Pods/ReactCommon/react/nativemodule/core\ /Users/vivek/Documents/projects/fin-safar/mobile_app/ios/Pods/React-runtimeexecutor\ /Users/vivek/Documents/projects/fin-safar/mobile_app/ios/Pods/React-runtimeexecutor/platform/ios\ /Users/vivek/Documents/projects/fin-safar/mobile_app/ios/Pods/ReactCommon-Samples\ /Users/vivek/Documents/projects/fin-safar/mobile_app/ios/Pods/ReactCommon-Samples/platform/ios\ /Users/vivek/Documents/projects/fin-safar/mobile_app/ios/Pods/React-Fabric/react/renderer/components/view/platform/cxx\ /Users/vivek/Documents/projects/fin-safar/mobile_app/ios/Pods/React-NativeModulesApple\ /Users/vivek/Documents/projects/fin-safar/mobile_app/ios/Pods/React-graphics\ /Users/vivek/Documents/projects/fin-safar/mobile_app/ios/Pods/React-graphics/react/renderer/graphics/platform/ios\ \"/Users/vivek/Documents/projects/fin-safar/mobile_app/ios/Pods/Headers/Private\"\ \"/Users/vivek/Documents/projects/fin-safar/mobile_app/ios/Pods/Headers/Private/ReactNativeDependencies\"\ \"/Users/vivek/Documents/projects/fin-safar/mobile_app/ios/Pods/Headers/Public\"\ \"/Users/vivek/Documents/projects/fin-safar/mobile_app/ios/Pods/Headers/Public/ReactNativeDependencies\"
    export HIDE_BITCODE_SYMBOLS\=YES
    export HOME\=/Users/vivek
    export HOST_ARCH\=x86_64
    export HOST_PLATFORM\=macosx
    export ICONV\=/usr/bin/iconv
    export IMPLICIT_DEPENDENCY_DOMAIN\=default
    export INFOPLIST_ENABLE_CFBUNDLEICONS_MERGE\=YES
    export INFOPLIST_EXPAND_BUILD_SETTINGS\=YES
    export INFOPLIST_OUTPUT_FORMAT\=binary
    export INFOPLIST_PREPROCESS\=NO
    export INLINE_PRIVATE_FRAMEWORKS\=NO
    export INSTALLAPI_IGNORE_SKIP_INSTALL\=YES
    export INSTALLHDRS_COPY_PHASE\=NO
    export INSTALLHDRS_SCRIPT_PHASE\=NO
    export INSTALL_DIR\=/tmp/Pods.dst
    export INSTALL_GROUP\=staff
    export INSTALL_MODE_FLAG\=u+w,go-w,a+rX
    export INSTALL_OWNER\=vivek
    export INSTALL_ROOT\=/tmp/Pods.dst
    export IPHONEOS_DEPLOYMENT_TARGET\=15.1
    export IS_UNOPTIMIZED_BUILD\=YES
    export JAVAC_DEFAULT_FLAGS\=-J-Xms64m\ -J-XX:NewSize\=4M\ -J-Dfile.encoding\=UTF8
    export JAVA_APP_STUB\=/System/Library/Frameworks/JavaVM.framework/Resources/MacOS/JavaApplicationStub
    export JAVA_ARCHIVE_CLASSES\=YES
    export JAVA_ARCHIVE_TYPE\=JAR
    export JAVA_COMPILER\=/usr/bin/javac
    export JAVA_FRAMEWORK_RESOURCES_DIRS\=Resources
    export JAVA_JAR_FLAGS\=cv
    export JAVA_SOURCE_SUBDIR\=.
    export JAVA_USE_DEPENDENCIES\=YES
    export JAVA_ZIP_FLAGS\=-urg
    export JIKES_DEFAULT_FLAGS\=+E\ +OLDCSO
    export KEEP_PRIVATE_EXTERNS\=NO
    export LD_DEPENDENCY_INFO_FILE\=/Users/vivek/Library/Developer/Xcode/DerivedData/FinSafarMobile-crxdngiqgpzuzzgywsfulnakvumi/Build/Intermediates.noindex/Pods.build/Debug-iphonesimulator/ReactNativeDependencies.build/Objects-normal/undefined_arch/ReactNativeDependencies_dependency_info.dat
    export LD_EXPORT_SYMBOLS\=YES
    export LD_GENERATE_MAP_FILE\=NO
    export LD_MAP_FILE_PATH\=/Users/vivek/Library/Developer/Xcode/DerivedData/FinSafarMobile-crxdngiqgpzuzzgywsfulnakvumi/Build/Intermediates.noindex/Pods.build/Debug-iphonesimulator/ReactNativeDependencies.build/ReactNativeDependencies-LinkMap-normal-undefined_arch.txt
    export LD_NO_PIE\=NO
    export LD_QUOTE_LINKER_ARGUMENTS_FOR_COMPILER_DRIVER\=YES
    export LD_RUNPATH_SEARCH_PATHS\=\ @executable_path/Frameworks
    export LD_SHARED_CACHE_ELIGIBLE\=Automatic
    export LD_WARN_DUPLICATE_LIBRARIES\=NO
    export LD_WARN_UNUSED_DYLIBS\=NO
    export LEGACY_DEVELOPER_DIR\=/Applications/Xcode.app/Contents/PlugIns/Xcode3Core.ideplugin/Contents/SharedSupport/Developer
    export LEX\=lex
    export LIBRARY_DEXT_INSTALL_PATH\=/Library/DriverExtensions
    export LIBRARY_FLAG_NOSPACE\=YES
    export LIBRARY_KEXT_INSTALL_PATH\=/Library/Extensions
    export LINKER_DISPLAYS_MANGLED_NAMES\=NO
    export LINK_FILE_LIST_normal_x86_64\=/Users/vivek/Library/Developer/Xcode/DerivedData/FinSafarMobile-crxdngiqgpzuzzgywsfulnakvumi/Build/Intermediates.noindex/Pods.build/Debug-iphonesimulator/ReactNativeDependencies.build/Objects-normal/x86_64/ReactNativeDependencies.LinkFileList
    export LINK_OBJC_RUNTIME\=YES
    export LINK_WITH_STANDARD_LIBRARIES\=YES
    export LLVM_TARGET_TRIPLE_OS_VERSION\=ios15.1
    export LLVM_TARGET_TRIPLE_SUFFIX\=-simulator
    export LLVM_TARGET_TRIPLE_VENDOR\=apple
    export LM_AUX_CONST_METADATA_LIST_PATH_normal_x86_64\=/Users/vivek/Library/Developer/Xcode/DerivedData/FinSafarMobile-crxdngiqgpzuzzgywsfulnakvumi/Build/Intermediates.noindex/Pods.build/Debug-iphonesimulator/ReactNativeDependencies.build/Objects-normal/x86_64/ReactNativeDependencies.SwiftConstValuesFileList
    export LOCALIZATION_EXPORT_SUPPORTED\=YES
    export LOCALIZATION_PREFERS_STRING_CATALOGS\=NO
    export LOCALIZED_STRING_MACRO_NAMES\=NSLocalizedString\ CFCopyLocalizedString
    export LOCALIZED_STRING_SWIFTUI_SUPPORT\=YES
    export LOCAL_ADMIN_APPS_DIR\=/Applications/Utilities
    export LOCAL_APPS_DIR\=/Applications
    export LOCAL_DEVELOPER_DIR\=/Library/Developer
    export LOCAL_LIBRARY_DIR\=/Library
    export LOCROOT\=/Users/vivek/Documents/projects/fin-safar/mobile_app/ios/Pods
    export LOCSYMROOT\=/Users/vivek/Documents/projects/fin-safar/mobile_app/ios/Pods
    export MAC_OS_X_PRODUCT_BUILD_VERSION\=24G517
    export MAC_OS_X_VERSION_ACTUAL\=150704
    export MAC_OS_X_VERSION_MAJOR\=150000
    export MAC_OS_X_VERSION_MINOR\=150700
    export MAKE_MERGEABLE\=NO
    export MERGEABLE_LIBRARY\=NO
    export MERGED_BINARY_TYPE\=none
    export MERGE_LINKED_LIBRARIES\=NO
    export METAL_LIBRARY_FILE_BASE\=default
    export METAL_LIBRARY_OUTPUT_DIR\=/Users/vivek/Library/Developer/Xcode/DerivedData/FinSafarMobile-crxdngiqgpzuzzgywsfulnakvumi/Build/Products/Debug-iphonesimulator/ReactNativeDependencies/
    export MODULE_CACHE_DIR\=/Users/vivek/Library/Developer/Xcode/DerivedData/ModuleCache.noindex
    export MTL_ENABLE_DEBUG_INFO\=INCLUDE_SOURCE
    export MTL_FAST_MATH\=YES
    export NATIVE_ARCH\=x86_64
    export NATIVE_ARCH_32_BIT\=i386
    export NATIVE_ARCH_64_BIT\=x86_64
    export NATIVE_ARCH_ACTUAL\=x86_64
    export NO_COMMON\=YES
    export OBJC_ABI_VERSION\=2
    export OBJECT_FILE_DIR\=/Users/vivek/Library/Developer/Xcode/DerivedData/FinSafarMobile-crxdngiqgpzuzzgywsfulnakvumi/Build/Intermediates.noindex/Pods.build/Debug-iphonesimulator/ReactNativeDependencies.build/Objects
    export OBJECT_FILE_DIR_normal\=/Users/vivek/Library/Developer/Xcode/DerivedData/FinSafarMobile-crxdngiqgpzuzzgywsfulnakvumi/Build/Intermediates.noindex/Pods.build/Debug-iphonesimulator/ReactNativeDependencies.build/Objects-normal
    export OBJROOT\=/Users/vivek/Library/Developer/Xcode/DerivedData/FinSafarMobile-crxdngiqgpzuzzgywsfulnakvumi/Build/Intermediates.noindex
    export ONLY_ACTIVE_ARCH\=YES
    export OS\=MACOS
    export OSAC\=/usr/bin/osacompile
    export OTHER_CFLAGS\=\ -DRCT_REMOVE_LEGACY_ARCH\=1
    export OTHER_CPLUSPLUSFLAGS\=\ -DRCT_REMOVE_LEGACY_ARCH\=1\ -DRCT_REMOVE_LEGACY_ARCH\=1
    export PASCAL_STRINGS\=YES
    export PATH\=/Applications/Xcode.app/Contents/SharedFrameworks/SwiftBuild.framework/Versions/A/PlugIns/SWBBuildService.bundle/Contents/PlugIns/SWBUniversalPlatformPlugin.bundle/Contents/Frameworks/SWBUniversalPlatform.framework/Resources:/Applications/Xcode.app/Contents/Developer/Toolchains/XcodeDefault.xctoolchain/usr/bin:/Applications/Xcode.app/Contents/Developer/Toolchains/XcodeDefault.xctoolchain/usr/local/bin:/Applications/Xcode.app/Contents/Developer/Toolchains/XcodeDefault.xctoolchain/usr/libexec:/Applications/Xcode.app/Contents/Developer/Platforms/iPhoneSimulator.platform/usr/bin:/Applications/Xcode.app/Contents/Developer/Platforms/iPhoneSimulator.platform/usr/local/bin:/Applications/Xcode.app/Contents/Developer/Platforms/iPhoneSimulator.platform/Developer/usr/bin:/Applications/Xcode.app/Contents/Developer/Platforms/iPhoneSimulator.platform/Developer/usr/local/bin:/Applications/Xcode.app/Contents/Developer/usr/bin:/Applications/Xcode.app/Contents/Developer/usr/local/bin:/Users/vivek/.nvm/versions/node/v20.19.0/bin:/Library/Frameworks/Python.framework/Versions/3.12/bin:/usr/local/bin:/System/Cryptexes/App/usr/bin:/usr/bin:/bin:/usr/sbin:/sbin:/var/run/com.apple.security.cryptexd/codex.system/bootstrap/usr/local/bin:/var/run/com.apple.security.cryptexd/codex.system/bootstrap/usr/bin:/var/run/com.apple.security.cryptexd/codex.system/bootstrap/usr/appleinternal/bin:/Library/Apple/usr/bin:/usr/local/share/dotnet
    export PATH_PREFIXES_EXCLUDED_FROM_HEADER_DEPENDENCIES\=/usr/include\ /usr/local/include\ /System/Library/Frameworks\ /System/Library/PrivateFrameworks\ /Applications/Xcode.app/Contents/Developer/Headers\ /Applications/Xcode.app/Contents/Developer/SDKs\ /Applications/Xcode.app/Contents/Developer/Platforms
    export PER_ARCH_MODULE_FILE_DIR\=/Users/vivek/Library/Developer/Xcode/DerivedData/FinSafarMobile-crxdngiqgpzuzzgywsfulnakvumi/Build/Intermediates.noindex/Pods.build/Debug-iphonesimulator/ReactNativeDependencies.build/Objects-normal/undefined_arch
    export PER_ARCH_OBJECT_FILE_DIR\=/Users/vivek/Library/Developer/Xcode/DerivedData/FinSafarMobile-crxdngiqgpzuzzgywsfulnakvumi/Build/Intermediates.noindex/Pods.build/Debug-iphonesimulator/ReactNativeDependencies.build/Objects-normal/undefined_arch
    export PER_VARIANT_OBJECT_FILE_DIR\=/Users/vivek/Library/Developer/Xcode/DerivedData/FinSafarMobile-crxdngiqgpzuzzgywsfulnakvumi/Build/Intermediates.noindex/Pods.build/Debug-iphonesimulator/ReactNativeDependencies.build/Objects-normal
    export PKGINFO_FILE_PATH\=/Users/vivek/Library/Developer/Xcode/DerivedData/FinSafarMobile-crxdngiqgpzuzzgywsfulnakvumi/Build/Intermediates.noindex/Pods.build/Debug-iphonesimulator/ReactNativeDependencies.build/PkgInfo
    export PLATFORM_DEVELOPER_APPLICATIONS_DIR\=/Applications/Xcode.app/Contents/Developer/Platforms/iPhoneSimulator.platform/Developer/Applications
    export PLATFORM_DEVELOPER_BIN_DIR\=/Applications/Xcode.app/Contents/Developer/Platforms/iPhoneSimulator.platform/Developer/usr/bin
    export PLATFORM_DEVELOPER_LIBRARY_DIR\=/Applications/Xcode.app/Contents/Developer/Platforms/iPhoneSimulator.platform/Developer/Library
    export PLATFORM_DEVELOPER_SDK_DIR\=/Applications/Xcode.app/Contents/Developer/Platforms/iPhoneSimulator.platform/Developer/SDKs
    export PLATFORM_DEVELOPER_TOOLS_DIR\=/Applications/Xcode.app/Contents/Developer/Platforms/iPhoneSimulator.platform/Developer/Tools
    export PLATFORM_DEVELOPER_USR_DIR\=/Applications/Xcode.app/Contents/Developer/Platforms/iPhoneSimulator.platform/Developer/usr
    export PLATFORM_DIR\=/Applications/Xcode.app/Contents/Developer/Platforms/iPhoneSimulator.platform
    export PLATFORM_DISPLAY_NAME\=iOS\ Simulator
    export PLATFORM_FAMILY_NAME\=iOS
    export PLATFORM_NAME\=iphonesimulator
    export PLATFORM_PREFERRED_ARCH\=x86_64
    export PLATFORM_PRODUCT_BUILD_VERSION\=22F76
    export PLATFORM_REQUIRES_SWIFT_AUTOLINK_EXTRACT\=NO
    export PLATFORM_REQUIRES_SWIFT_MODULEWRAP\=NO
    export PLIST_FILE_OUTPUT_FORMAT\=binary
    export PODS_BUILD_DIR\=/Users/vivek/Library/Developer/Xcode/DerivedData/FinSafarMobile-crxdngiqgpzuzzgywsfulnakvumi/Build/Products
    export PODS_CONFIGURATION_BUILD_DIR\=/Users/vivek/Library/Developer/Xcode/DerivedData/FinSafarMobile-crxdngiqgpzuzzgywsfulnakvumi/Build/Products/Debug-iphonesimulator
    export PODS_DEVELOPMENT_LANGUAGE\=en
    export PODS_ROOT\=/Users/vivek/Documents/projects/fin-safar/mobile_app/ios/Pods
    export PODS_TARGET_SRCROOT\=/Users/vivek/Documents/projects/fin-safar/mobile_app/ios/Pods/ReactNativeDependencies
    export PODS_XCFRAMEWORKS_BUILD_DIR\=/Users/vivek/Library/Developer/Xcode/DerivedData/FinSafarMobile-crxdngiqgpzuzzgywsfulnakvumi/Build/Products/Debug-iphonesimulator/XCFrameworkIntermediates
    export PRECOMPS_INCLUDE_HEADERS_FROM_BUILT_PRODUCTS_DIR\=YES
    export PRECOMP_DESTINATION_DIR\=/Users/vivek/Library/Developer/Xcode/DerivedData/FinSafarMobile-crxdngiqgpzuzzgywsfulnakvumi/Build/Intermediates.noindex/Pods.build/Debug-iphonesimulator/ReactNativeDependencies.build/PrefixHeaders
    export PROCESSED_INFOPLIST_PATH\=/Users/vivek/Library/Developer/Xcode/DerivedData/FinSafarMobile-crxdngiqgpzuzzgywsfulnakvumi/Build/Intermediates.noindex/Pods.build/Debug-iphonesimulator/ReactNativeDependencies.build/Objects-normal/undefined_arch/Processed-Info.plist
    export PRODUCT_BUNDLE_IDENTIFIER\=org.cocoapods.ReactNativeDependencies
    export PRODUCT_MODULE_NAME\=ReactNativeDependencies
    export PRODUCT_NAME\=ReactNativeDependencies
    export PRODUCT_SETTINGS_PATH\=
    export PROFILING_CODE\=NO
    export PROJECT\=Pods
    export PROJECT_DERIVED_FILE_DIR\=/Users/vivek/Library/Developer/Xcode/DerivedData/FinSafarMobile-crxdngiqgpzuzzgywsfulnakvumi/Build/Intermediates.noindex/Pods.build/DerivedSources
    export PROJECT_DIR\=/Users/vivek/Documents/projects/fin-safar/mobile_app/ios/Pods
    export PROJECT_FILE_PATH\=/Users/vivek/Documents/projects/fin-safar/mobile_app/ios/Pods/Pods.xcodeproj
    export PROJECT_GUID\=8699adb1dd336b26511df848a716bd42
    export PROJECT_NAME\=Pods
    export PROJECT_TEMP_DIR\=/Users/vivek/Library/Developer/Xcode/DerivedData/FinSafarMobile-crxdngiqgpzuzzgywsfulnakvumi/Build/Intermediates.noindex/Pods.build
    export PROJECT_TEMP_ROOT\=/Users/vivek/Library/Developer/Xcode/DerivedData/FinSafarMobile-crxdngiqgpzuzzgywsfulnakvumi/Build/Intermediates.noindex
    export REACT_NATIVE_PATH\=/Users/vivek/Documents/projects/fin-safar/mobile_app/ios/Pods/../../node_modules/react-native
    export RECOMMENDED_IPHONEOS_DEPLOYMENT_TARGET\=15.0
    export RECURSIVE_SEARCH_PATHS_FOLLOW_SYMLINKS\=YES
    export REMOVE_CVS_FROM_RESOURCES\=YES
    export REMOVE_GIT_FROM_RESOURCES\=YES
    export REMOVE_HEADERS_FROM_EMBEDDED_BUNDLES\=YES
    export REMOVE_HG_FROM_RESOURCES\=YES
    export REMOVE_STATIC_EXECUTABLES_FROM_EMBEDDED_BUNDLES\=YES
    export REMOVE_SVN_FROM_RESOURCES\=YES
    export RESCHEDULE_INDEPENDENT_HEADERS_PHASES\=YES
    export REZ_COLLECTOR_DIR\=/Users/vivek/Library/Developer/Xcode/DerivedData/FinSafarMobile-crxdngiqgpzuzzgywsfulnakvumi/Build/Intermediates.noindex/Pods.build/Debug-iphonesimulator/ReactNativeDependencies.build/ResourceManagerResources
    export REZ_OBJECTS_DIR\=/Users/vivek/Library/Developer/Xcode/DerivedData/FinSafarMobile-crxdngiqgpzuzzgywsfulnakvumi/Build/Intermediates.noindex/Pods.build/Debug-iphonesimulator/ReactNativeDependencies.build/ResourceManagerResources/Objects
    export SCAN_ALL_SOURCE_FILES_FOR_INCLUDES\=NO
    export SCRIPT_INPUT_FILE_COUNT\=0
    export SCRIPT_INPUT_FILE_LIST_COUNT\=0
    export SCRIPT_OUTPUT_FILE_COUNT\=0
    export SCRIPT_OUTPUT_FILE_LIST_COUNT\=0
    export SDKROOT\=/Applications/Xcode.app/Contents/Developer/Platforms/iPhoneSimulator.platform/Developer/SDKs/iPhoneSimulator18.5.sdk
    export SDK_DIR\=/Applications/Xcode.app/Contents/Developer/Platforms/iPhoneSimulator.platform/Developer/SDKs/iPhoneSimulator18.5.sdk
    export SDK_DIR_iphonesimulator\=/Applications/Xcode.app/Contents/Developer/Platforms/iPhoneSimulator.platform/Developer/SDKs/iPhoneSimulator18.5.sdk
    export SDK_DIR_iphonesimulator18_5\=/Applications/Xcode.app/Contents/Developer/Platforms/iPhoneSimulator.platform/Developer/SDKs/iPhoneSimulator18.5.sdk
    export SDK_NAME\=iphonesimulator18.5
    export SDK_NAMES\=iphonesimulator18.5
    export SDK_PRODUCT_BUILD_VERSION\=22F76
    export SDK_STAT_CACHE_DIR\=/Users/vivek/Library/Developer/Xcode/DerivedData
    export SDK_STAT_CACHE_ENABLE\=YES
    export SDK_STAT_CACHE_PATH\=/Users/vivek/Library/Developer/Xcode/DerivedData/SDKStatCaches.noindex/iphonesimulator18.5-22F76-d5fc8ad4295d2ef488fb7d0f804ce0c4.sdkstatcache
    export SDK_VERSION\=18.5
    export SDK_VERSION_ACTUAL\=180500
    export SDK_VERSION_MAJOR\=180000
    export SDK_VERSION_MINOR\=180500
    export SED\=/usr/bin/sed
    export SEPARATE_STRIP\=NO
    export SEPARATE_SYMBOL_EDIT\=NO
    export SET_DIR_MODE_OWNER_GROUP\=YES
    export SET_FILE_MODE_OWNER_GROUP\=NO
    export SHALLOW_BUNDLE\=NO
    export SHARED_DERIVED_FILE_DIR\=/Users/vivek/Library/Developer/Xcode/DerivedData/FinSafarMobile-crxdngiqgpzuzzgywsfulnakvumi/Build/Products/Debug-iphonesimulator/ReactNativeDependencies/DerivedSources
    export SHARED_PRECOMPS_DIR\=/Users/vivek/Library/Developer/Xcode/DerivedData/FinSafarMobile-crxdngiqgpzuzzgywsfulnakvumi/Build/Intermediates.noindex/PrecompiledHeaders
    export SKIP_INSTALL\=YES
    export SOURCE_ROOT\=/Users/vivek/Documents/projects/fin-safar/mobile_app/ios/Pods
    export SRCROOT\=/Users/vivek/Documents/projects/fin-safar/mobile_app/ios/Pods
    export STRINGSDATA_DIR\=/Users/vivek/Library/Developer/Xcode/DerivedData/FinSafarMobile-crxdngiqgpzuzzgywsfulnakvumi/Build/Intermediates.noindex/Pods.build/Debug-iphonesimulator/ReactNativeDependencies.build/Objects-normal/undefined_arch
    export STRINGSDATA_ROOT\=/Users/vivek/Library/Developer/Xcode/DerivedData/FinSafarMobile-crxdngiqgpzuzzgywsfulnakvumi/Build/Intermediates.noindex/Pods.build/Debug-iphonesimulator/ReactNativeDependencies.build
    export STRINGS_FILE_INFOPLIST_RENAME\=YES
    export STRINGS_FILE_OUTPUT_ENCODING\=binary
    export STRIP_BITCODE_FROM_COPIED_FILES\=NO
    export STRIP_INSTALLED_PRODUCT\=NO
    export STRIP_STYLE\=all
    export STRIP_SWIFT_SYMBOLS\=YES
    export SUPPORTED_DEVICE_FAMILIES\=1,2
    export SUPPORTED_PLATFORMS\=iphoneos\ iphonesimulator
    export SUPPORTS_TEXT_BASED_API\=NO
    export SUPPRESS_WARNINGS\=NO
    export SWIFT_ACTIVE_COMPILATION_CONDITIONS\=\ DEBUG
    export SWIFT_EMIT_LOC_STRINGS\=NO
    export SWIFT_ENABLE_EXPLICIT_MODULES\=NO
    export SWIFT_OPTIMIZATION_LEVEL\=-Onone
    export SWIFT_PLATFORM_TARGET_PREFIX\=ios
    export SWIFT_RESPONSE_FILE_PATH_normal_x86_64\=/Users/vivek/Library/Developer/Xcode/DerivedData/FinSafarMobile-crxdngiqgpzuzzgywsfulnakvumi/Build/Intermediates.noindex/Pods.build/Debug-iphonesimulator/ReactNativeDependencies.build/Objects-normal/x86_64/ReactNativeDependencies.SwiftFileList
    export SWIFT_VERSION\=5.0
    export SYMROOT\=/Users/vivek/Library/Developer/Xcode/DerivedData/FinSafarMobile-crxdngiqgpzuzzgywsfulnakvumi/Build/Products
    export SYSTEM_ADMIN_APPS_DIR\=/Applications/Utilities
    export SYSTEM_APPS_DIR\=/Applications
    export SYSTEM_CORE_SERVICES_DIR\=/System/Library/CoreServices
    export SYSTEM_DEMOS_DIR\=/Applications/Extras
    export SYSTEM_DEVELOPER_APPS_DIR\=/Applications/Xcode.app/Contents/Developer/Applications
    export SYSTEM_DEVELOPER_BIN_DIR\=/Applications/Xcode.app/Contents/Developer/usr/bin
    export SYSTEM_DEVELOPER_DEMOS_DIR\=/Applications/Xcode.app/Contents/Developer/Applications/Utilities/Built\ Examples
    export SYSTEM_DEVELOPER_DIR\=/Applications/Xcode.app/Contents/Developer
    export SYSTEM_DEVELOPER_DOC_DIR\=/Applications/Xcode.app/Contents/Developer/ADC\ Reference\ Library
    export SYSTEM_DEVELOPER_GRAPHICS_TOOLS_DIR\=/Applications/Xcode.app/Contents/Developer/Applications/Graphics\ Tools
    export SYSTEM_DEVELOPER_JAVA_TOOLS_DIR\=/Applications/Xcode.app/Contents/Developer/Applications/Java\ Tools
    export SYSTEM_DEVELOPER_PERFORMANCE_TOOLS_DIR\=/Applications/Xcode.app/Contents/Developer/Applications/Performance\ Tools
    export SYSTEM_DEVELOPER_RELEASENOTES_DIR\=/Applications/Xcode.app/Contents/Developer/ADC\ Reference\ Library/releasenotes
    export SYSTEM_DEVELOPER_TOOLS\=/Applications/Xcode.app/Contents/Developer/Tools
    export SYSTEM_DEVELOPER_TOOLS_DOC_DIR\=/Applications/Xcode.app/Contents/Developer/ADC\ Reference\ Library/documentation/DeveloperTools
    export SYSTEM_DEVELOPER_TOOLS_RELEASENOTES_DIR\=/Applications/Xcode.app/Contents/Developer/ADC\ Reference\ Library/releasenotes/DeveloperTools
    export SYSTEM_DEVELOPER_USR_DIR\=/Applications/Xcode.app/Contents/Developer/usr
    export SYSTEM_DEVELOPER_UTILITIES_DIR\=/Applications/Xcode.app/Contents/Developer/Applications/Utilities
    export SYSTEM_DEXT_INSTALL_PATH\=/System/Library/DriverExtensions
    export SYSTEM_DOCUMENTATION_DIR\=/Library/Documentation
    export SYSTEM_KEXT_INSTALL_PATH\=/System/Library/Extensions
    export SYSTEM_LIBRARY_DIR\=/System/Library
    export TAPI_DEMANGLE\=YES
    export TAPI_ENABLE_PROJECT_HEADERS\=NO
    export TAPI_LANGUAGE\=objective-c
    export TAPI_LANGUAGE_STANDARD\=compiler-default
    export TAPI_USE_SRCROOT\=YES
    export TAPI_VERIFY_MODE\=Pedantic
    export TARGETED_DEVICE_FAMILY\=1,2
    export TARGETNAME\=ReactNativeDependencies
    export TARGET_BUILD_DIR\=/Users/vivek/Library/Developer/Xcode/DerivedData/FinSafarMobile-crxdngiqgpzuzzgywsfulnakvumi/Build/Products/Debug-iphonesimulator/ReactNativeDependencies
    export TARGET_DEVICE_IDENTIFIER\=DB8E7F90-FB2D-4385-B320-28EACCC7A691
    export TARGET_DEVICE_MODEL\=iPhone15,4
    export TARGET_DEVICE_OS_VERSION\=17.0.1
    export TARGET_DEVICE_PLATFORM_NAME\=iphonesimulator
    export TARGET_NAME\=ReactNativeDependencies
    export TARGET_TEMP_DIR\=/Users/vivek/Library/Developer/Xcode/DerivedData/FinSafarMobile-crxdngiqgpzuzzgywsfulnakvumi/Build/Intermediates.noindex/Pods.build/Debug-iphonesimulator/ReactNativeDependencies.build
    export TEMP_DIR\=/Users/vivek/Library/Developer/Xcode/DerivedData/FinSafarMobile-crxdngiqgpzuzzgywsfulnakvumi/Build/Intermediates.noindex/Pods.build/Debug-iphonesimulator/ReactNativeDependencies.build
    export TEMP_FILES_DIR\=/Users/vivek/Library/Developer/Xcode/DerivedData/FinSafarMobile-crxdngiqgpzuzzgywsfulnakvumi/Build/Intermediates.noindex/Pods.build/Debug-iphonesimulator/ReactNativeDependencies.build
    export TEMP_FILE_DIR\=/Users/vivek/Library/Developer/Xcode/DerivedData/FinSafarMobile-crxdngiqgpzuzzgywsfulnakvumi/Build/Intermediates.noindex/Pods.build/Debug-iphonesimulator/ReactNativeDependencies.build
    export TEMP_ROOT\=/Users/vivek/Library/Developer/Xcode/DerivedData/FinSafarMobile-crxdngiqgpzuzzgywsfulnakvumi/Build/Intermediates.noindex
    export TEMP_SANDBOX_DIR\=/Users/vivek/Library/Developer/Xcode/DerivedData/FinSafarMobile-crxdngiqgpzuzzgywsfulnakvumi/Build/Intermediates.noindex/TemporaryTaskSandboxes
    export TEST_FRAMEWORK_SEARCH_PATHS\=\ /Applications/Xcode.app/Contents/Developer/Platforms/iPhoneSimulator.platform/Developer/Library/Frameworks\ /Applications/Xcode.app/Contents/Developer/Platforms/iPhoneSimulator.platform/Developer/SDKs/iPhoneSimulator18.5.sdk/Developer/Library/Frameworks
    export TEST_LIBRARY_SEARCH_PATHS\=\ /Applications/Xcode.app/Contents/Developer/Platforms/iPhoneSimulator.platform/Developer/usr/lib
    export TOOLCHAINS\=com.apple.dt.toolchain.XcodeDefault
    export TOOLCHAIN_DIR\=/Applications/Xcode.app/Contents/Developer/Toolchains/XcodeDefault.xctoolchain
    export TREAT_MISSING_BASELINES_AS_TEST_FAILURES\=NO
    export TREAT_MISSING_SCRIPT_PHASE_OUTPUTS_AS_ERRORS\=NO
    export UID\=501
    export UNINSTALLED_PRODUCTS_DIR\=/Users/vivek/Library/Developer/Xcode/DerivedData/FinSafarMobile-crxdngiqgpzuzzgywsfulnakvumi/Build/Intermediates.noindex/UninstalledProducts
    export UNSTRIPPED_PRODUCT\=NO
    export USER\=vivek
    export USER_APPS_DIR\=/Users/vivek/Applications
    export USER_LIBRARY_DIR\=/Users/vivek/Library
    export USE_DYNAMIC_NO_PIC\=YES
    export USE_HEADERMAP\=YES
    export USE_HEADER_SYMLINKS\=NO
    export USE_HERMES\=true
    export USE_RECURSIVE_SCRIPT_INPUTS_IN_SCRIPT_PHASES\=YES
    export VALIDATE_DEVELOPMENT_ASSET_PATHS\=YES_ERROR
    export VALIDATE_PRODUCT\=NO
    export VALID_ARCHS\=arm64\ arm64e\ x86_64
    export VERBOSE_PBXCP\=NO
    export VERSION_INFO_BUILDER\=vivek
    export VERSION_INFO_FILE\=ReactNativeDependencies_vers.c
    export VERSION_INFO_STRING\=\"@\(\#\)PROGRAM:ReactNativeDependencies\ \ PROJECT:Pods-\"
    export WORKSPACE_DIR\=/Users/vivek/Documents/projects/fin-safar/mobile_app/ios
    export WRAP_ASSET_PACKS_IN_SEPARATE_DIRECTORIES\=NO
    export XCODE_APP_SUPPORT_DIR\=/Applications/Xcode.app/Contents/Developer/Library/Xcode
    export XCODE_PRODUCT_BUILD_VERSION\=16F6
    export XCODE_VERSION_ACTUAL\=1640
    export XCODE_VERSION_MAJOR\=1600
    export XCODE_VERSION_MINOR\=1640
    export XPCSERVICES_FOLDER_PATH\=/XPCServices
    export YACC\=yacc
    export _DISCOVER_COMMAND_LINE_LINKER_INPUTS\=YES
    export _DISCOVER_COMMAND_LINE_LINKER_INPUTS_INCLUDE_WL\=YES
    export __DIAGNOSE_DEPRECATED_ARCHS\=YES
    export arch\=undefined_arch
    export variant\=normal
    /bin/sh -c /Users/vivek/Library/Developer/Xcode/DerivedData/FinSafarMobile-crxdngiqgpzuzzgywsfulnakvumi/Build/Intermediates.noindex/Pods.build/Debug-iphonesimulator/ReactNativeDependencies.build/Script-46EB2E000187D0.sh
Node found at: /Users/vivek/.nvm/versions/node/v20.19.0/bin/node
No previous build detected, but Debug Configuration. No need to replace RNDeps

note: Run script build phase '[CP-User] [RNDeps] Replace React Native Core for the right configuration, if needed' will be run during every build because the option to run the script phase "Based on dependency analysis" is unchecked. (in target 'React-Core-prebuilt' from project 'Pods')
PhaseScriptExecution [CP-User]\ [RNDeps]\ Replace\ React\ Native\ Core\ for\ the\ right\ configuration,\ if\ needed /Users/vivek/Library/Developer/Xcode/DerivedData/FinSafarMobile-crxdngiqgpzuzzgywsfulnakvumi/Build/Intermediates.noindex/Pods.build/Debug-iphonesimulator/React-Core-prebuilt.build/Script-46EB2E00018790.sh (in target 'React-Core-prebuilt' from project 'Pods')
    cd /Users/vivek/Documents/projects/fin-safar/mobile_app/ios/Pods
    export ACTION\=build
    export AD_HOC_CODE_SIGNING_ALLOWED\=YES
    export ALLOW_BUILD_REQUEST_OVERRIDES\=NO
    export ALLOW_TARGET_PLATFORM_SPECIALIZATION\=NO
    export ALTERNATE_GROUP\=staff
    export ALTERNATE_MODE\=u+w,go-w,a+rX
    export ALTERNATE_OWNER\=vivek
    export ALTERNATIVE_DISTRIBUTION_WEB\=NO
    export ALWAYS_EMBED_SWIFT_STANDARD_LIBRARIES\=NO
    export ALWAYS_SEARCH_USER_PATHS\=NO
    export ALWAYS_USE_SEPARATE_HEADERMAPS\=NO
    export APPLICATION_EXTENSION_API_ONLY\=NO
    export APPLY_RULES_IN_COPY_FILES\=NO
    export APPLY_RULES_IN_COPY_HEADERS\=NO
    export APP_SHORTCUTS_ENABLE_FLEXIBLE_MATCHING\=YES
    export ARCHS\=x86_64
    export ARCHS_STANDARD\=arm64\ x86_64
    export ARCHS_STANDARD_32_64_BIT\=arm64\ x86_64
    export ARCHS_STANDARD_64_BIT\=arm64\ x86_64
    export ARCHS_STANDARD_INCLUDING_64_BIT\=arm64\ x86_64
    export ARCHS_UNIVERSAL_IPHONE_OS\=arm64\ x86_64
    export ASSETCATALOG_COMPILER_APPICON_NAME\=AppIcon
    export ASSETCATALOG_COMPILER_GLOBAL_ACCENT_COLOR_NAME\=AccentColor
    export ASSETCATALOG_FILTER_FOR_DEVICE_MODEL\=iPhone15,4
    export ASSETCATALOG_FILTER_FOR_DEVICE_OS_VERSION\=17.0.1
    export ASSETCATALOG_FILTER_FOR_THINNING_DEVICE_CONFIGURATION\=iPhone15,4
    export AUTOMATICALLY_MERGE_DEPENDENCIES\=NO
    export AVAILABLE_PLATFORMS\=android\ appletvos\ appletvsimulator\ driverkit\ iphoneos\ iphonesimulator\ macosx\ qnx\ watchos\ watchsimulator\ xros\ xrsimulator
    export BITCODE_GENERATION_MODE\=marker
    export BUILD_ACTIVE_RESOURCES_ONLY\=YES
    export BUILD_COMPONENTS\=headers\ build
    export BUILD_DIR\=/Users/vivek/Library/Developer/Xcode/DerivedData/FinSafarMobile-crxdngiqgpzuzzgywsfulnakvumi/Build/Products
    export BUILD_LIBRARY_FOR_DISTRIBUTION\=NO
    export BUILD_ROOT\=/Users/vivek/Library/Developer/Xcode/DerivedData/FinSafarMobile-crxdngiqgpzuzzgywsfulnakvumi/Build/Products
    export BUILD_STYLE\=
    export BUILD_VARIANTS\=normal
    export BUILT_PRODUCTS_DIR\=/Users/vivek/Library/Developer/Xcode/DerivedData/FinSafarMobile-crxdngiqgpzuzzgywsfulnakvumi/Build/Products/Debug-iphonesimulator/React-Core-prebuilt
    export BUNDLE_CONTENTS_FOLDER_PATH_deep\=Contents/
    export BUNDLE_EXECUTABLE_FOLDER_NAME_deep\=MacOS
    export BUNDLE_EXTENSIONS_FOLDER_PATH\=Extensions
    export BUNDLE_FORMAT\=shallow
    export BUNDLE_FRAMEWORKS_FOLDER_PATH\=Frameworks
    export BUNDLE_PLUGINS_FOLDER_PATH\=PlugIns
    export BUNDLE_PRIVATE_HEADERS_FOLDER_PATH\=PrivateHeaders
    export BUNDLE_PUBLIC_HEADERS_FOLDER_PATH\=Headers
    export CACHE_ROOT\=/var/folders/hm/dvdw0q_d2yg07bbndzyfxl9c0000gn/C/com.apple.DeveloperTools/16.4-16F6/Xcode
    export CCHROOT\=/var/folders/hm/dvdw0q_d2yg07bbndzyfxl9c0000gn/C/com.apple.DeveloperTools/16.4-16F6/Xcode
    export CHMOD\=/bin/chmod
    export CHOWN\=/usr/sbin/chown
    export CLANG_ANALYZER_LOCALIZABILITY_NONLOCALIZED\=YES
    export CLANG_ANALYZER_NONNULL\=YES
    export CLANG_ANALYZER_NUMBER_OBJECT_CONVERSION\=YES_AGGRESSIVE
    export CLANG_CACHE_FINE_GRAINED_OUTPUTS\=YES
    export CLANG_CXX_LANGUAGE_STANDARD\=c++20
    export CLANG_CXX_LIBRARY\=libc++
    export CLANG_ENABLE_EXPLICIT_MODULES\=YES
    export CLANG_ENABLE_MODULES\=YES
    export CLANG_ENABLE_OBJC_ARC\=YES
    export CLANG_ENABLE_OBJC_WEAK\=NO
    export CLANG_MODULES_BUILD_SESSION_FILE\=/Users/vivek/Library/Developer/Xcode/DerivedData/ModuleCache.noindex/Session.modulevalidation
    export CLANG_WARN_BLOCK_CAPTURE_AUTORELEASING\=YES
    export CLANG_WARN_BOOL_CONVERSION\=YES
    export CLANG_WARN_COMMA\=YES
    export CLANG_WARN_CONSTANT_CONVERSION\=YES
    export CLANG_WARN_DEPRECATED_OBJC_IMPLEMENTATIONS\=YES
    export CLANG_WARN_DIRECT_OBJC_ISA_USAGE\=YES_ERROR
    export CLANG_WARN_DOCUMENTATION_COMMENTS\=YES
    export CLANG_WARN_EMPTY_BODY\=YES
    export CLANG_WARN_ENUM_CONVERSION\=YES
    export CLANG_WARN_INFINITE_RECURSION\=YES
    export CLANG_WARN_INT_CONVERSION\=YES
    export CLANG_WARN_NON_LITERAL_NULL_CONVERSION\=YES
    export CLANG_WARN_OBJC_IMPLICIT_RETAIN_SELF\=YES
    export CLANG_WARN_OBJC_LITERAL_CONVERSION\=YES
    export CLANG_WARN_OBJC_ROOT_CLASS\=YES_ERROR
    export CLANG_WARN_QUOTED_INCLUDE_IN_FRAMEWORK_HEADER\=NO
    export CLANG_WARN_RANGE_LOOP_ANALYSIS\=YES
    export CLANG_WARN_STRICT_PROTOTYPES\=YES
    export CLANG_WARN_SUSPICIOUS_MOVE\=YES
    export CLANG_WARN_UNGUARDED_AVAILABILITY\=YES_AGGRESSIVE
    export CLANG_WARN_UNREACHABLE_CODE\=YES
    export CLANG_WARN__DUPLICATE_METHOD_MATCH\=YES
    export CLASS_FILE_DIR\=/Users/vivek/Library/Developer/Xcode/DerivedData/FinSafarMobile-crxdngiqgpzuzzgywsfulnakvumi/Build/Intermediates.noindex/Pods.build/Debug-iphonesimulator/React-Core-prebuilt.build/JavaClasses
    export CLEAN_PRECOMPS\=YES
    export CLONE_HEADERS\=NO
    export CODESIGNING_FOLDER_PATH\=/Users/vivek/Library/Developer/Xcode/DerivedData/FinSafarMobile-crxdngiqgpzuzzgywsfulnakvumi/Build/Products/Debug-iphonesimulator/React-Core-prebuilt/
    export CODE_SIGNING_ALLOWED\=NO
    export CODE_SIGNING_REQUIRED\=YES
    export CODE_SIGN_CONTEXT_CLASS\=XCiPhoneSimulatorCodeSignContext
    export CODE_SIGN_IDENTITY\=-
    export CODE_SIGN_INJECT_BASE_ENTITLEMENTS\=YES
    export COLOR_DIAGNOSTICS\=NO
    export COMBINE_HIDPI_IMAGES\=NO
    export COMPILATION_CACHE_CAS_PATH\=/Users/vivek/Library/Developer/Xcode/DerivedData/CompilationCache.noindex
    export COMPILATION_CACHE_KEEP_CAS_DIRECTORY\=YES
    export COMPILER_INDEX_STORE_ENABLE\=Default
    export COMPOSITE_SDK_DIRS\=/Users/vivek/Library/Developer/Xcode/DerivedData/FinSafarMobile-crxdngiqgpzuzzgywsfulnakvumi/Build/Intermediates.noindex/CompositeSDKs
    export COMPRESS_PNG_FILES\=YES
    export CONFIGURATION\=Debug
    export CONFIGURATION_BUILD_DIR\=/Users/vivek/Library/Developer/Xcode/DerivedData/FinSafarMobile-crxdngiqgpzuzzgywsfulnakvumi/Build/Products/Debug-iphonesimulator/React-Core-prebuilt
    export CONFIGURATION_TEMP_DIR\=/Users/vivek/Library/Developer/Xcode/DerivedData/FinSafarMobile-crxdngiqgpzuzzgywsfulnakvumi/Build/Intermediates.noindex/Pods.build/Debug-iphonesimulator
    export COPYING_PRESERVES_HFS_DATA\=NO
    export COPY_HEADERS_RUN_UNIFDEF\=NO
    export COPY_PHASE_STRIP\=NO
    export CORRESPONDING_DEVICE_PLATFORM_DIR\=/Applications/Xcode.app/Contents/Developer/Platforms/iPhoneOS.platform
    export CORRESPONDING_DEVICE_PLATFORM_NAME\=iphoneos
    export CORRESPONDING_DEVICE_SDK_DIR\=/Applications/Xcode.app/Contents/Developer/Platforms/iPhoneOS.platform/Developer/SDKs/iPhoneOS18.5.sdk
    export CORRESPONDING_DEVICE_SDK_NAME\=iphoneos18.5
    export CP\=/bin/cp
    export CREATE_INFOPLIST_SECTION_IN_BINARY\=NO
    export CURRENT_ARCH\=undefined_arch
    export CURRENT_VARIANT\=normal
    export DEAD_CODE_STRIPPING\=YES
    export DEBUGGING_SYMBOLS\=YES
    export DEBUG_INFORMATION_FORMAT\=dwarf
    export DEBUG_INFORMATION_VERSION\=compiler-default
    export DEFAULT_COMPILER\=com.apple.compilers.llvm.clang.1_0
    export DEFAULT_DEXT_INSTALL_PATH\=/System/Library/DriverExtensions
    export DEFAULT_KEXT_INSTALL_PATH\=/System/Library/Extensions
    export DEFINES_MODULE\=NO
    export DEPLOYMENT_LOCATION\=NO
    export DEPLOYMENT_POSTPROCESSING\=NO
    export DEPLOYMENT_TARGET_SETTING_NAME\=IPHONEOS_DEPLOYMENT_TARGET
    export DEPLOYMENT_TARGET_SUGGESTED_VALUES\=12.0\ 12.1\ 12.2\ 12.3\ 12.4\ 13.0\ 13.1\ 13.2\ 13.3\ 13.4\ 13.5\ 13.6\ 14.0\ 14.1\ 14.2\ 14.3\ 14.4\ 14.5\ 14.6\ 14.7\ 15.0\ 15.1\ 15.2\ 15.3\ 15.4\ 15.5\ 15.6\ 16.0\ 16.1\ 16.2\ 16.3\ 16.4\ 16.5\ 16.6\ 17.0\ 17.1\ 17.2\ 17.3\ 17.4\ 17.5\ 17.6\ 18.0\ 18.1\ 18.2\ 18.3\ 18.4\ 18.5
    export DERIVED_FILES_DIR\=/Users/vivek/Library/Developer/Xcode/DerivedData/FinSafarMobile-crxdngiqgpzuzzgywsfulnakvumi/Build/Intermediates.noindex/Pods.build/Debug-iphonesimulator/React-Core-prebuilt.build/DerivedSources
    export DERIVED_FILE_DIR\=/Users/vivek/Library/Developer/Xcode/DerivedData/FinSafarMobile-crxdngiqgpzuzzgywsfulnakvumi/Build/Intermediates.noindex/Pods.build/Debug-iphonesimulator/React-Core-prebuilt.build/DerivedSources
    export DERIVED_SOURCES_DIR\=/Users/vivek/Library/Developer/Xcode/DerivedData/FinSafarMobile-crxdngiqgpzuzzgywsfulnakvumi/Build/Intermediates.noindex/Pods.build/Debug-iphonesimulator/React-Core-prebuilt.build/DerivedSources
    export DEVELOPER_APPLICATIONS_DIR\=/Applications/Xcode.app/Contents/Developer/Applications
    export DEVELOPER_BIN_DIR\=/Applications/Xcode.app/Contents/Developer/usr/bin
    export DEVELOPER_DIR\=/Applications/Xcode.app/Contents/Developer
    export DEVELOPER_FRAMEWORKS_DIR\=/Applications/Xcode.app/Contents/Developer/Library/Frameworks
    export DEVELOPER_FRAMEWORKS_DIR_QUOTED\=/Applications/Xcode.app/Contents/Developer/Library/Frameworks
    export DEVELOPER_LIBRARY_DIR\=/Applications/Xcode.app/Contents/Developer/Library
    export DEVELOPER_SDK_DIR\=/Applications/Xcode.app/Contents/Developer/Platforms/MacOSX.platform/Developer/SDKs
    export DEVELOPER_TOOLS_DIR\=/Applications/Xcode.app/Contents/Developer/Tools
    export DEVELOPER_USR_DIR\=/Applications/Xcode.app/Contents/Developer/usr
    export DEVELOPMENT_LANGUAGE\=en
    export DIAGNOSE_MISSING_TARGET_DEPENDENCIES\=YES
    export DIFF\=/usr/bin/diff
    export DONT_GENERATE_INFOPLIST_FILE\=NO
    export DSTROOT\=/tmp/Pods.dst
    export DT_TOOLCHAIN_DIR\=/Applications/Xcode.app/Contents/Developer/Toolchains/XcodeDefault.xctoolchain
    export DWARF_DSYM_FILE_NAME\=.dSYM
    export DWARF_DSYM_FILE_SHOULD_ACCOMPANY_PRODUCT\=NO
    export DWARF_DSYM_FOLDER_PATH\=/Users/vivek/Library/Developer/Xcode/DerivedData/FinSafarMobile-crxdngiqgpzuzzgywsfulnakvumi/Build/Products/Debug-iphonesimulator/React-Core-prebuilt
    export DYNAMIC_LIBRARY_EXTENSION\=dylib
    export EAGER_COMPILATION_ALLOW_SCRIPTS\=NO
    export EAGER_LINKING\=NO
    export EFFECTIVE_PLATFORM_NAME\=-iphonesimulator
    export EMBEDDED_CONTENT_CONTAINS_SWIFT\=NO
    export EMBED_ASSET_PACKS_IN_PRODUCT_BUNDLE\=NO
    export ENABLE_APP_SANDBOX\=NO
    export ENABLE_BITCODE\=NO
    export ENABLE_CODE_COVERAGE\=YES
    export ENABLE_DEFAULT_HEADER_SEARCH_PATHS\=YES
    export ENABLE_DEFAULT_SEARCH_PATHS\=YES
    export ENABLE_HARDENED_RUNTIME\=NO
    export ENABLE_HEADER_DEPENDENCIES\=YES
    export ENABLE_INCOMING_NETWORK_CONNECTIONS\=NO
    export ENABLE_ON_DEMAND_RESOURCES\=NO
    export ENABLE_OUTGOING_NETWORK_CONNECTIONS\=NO
    export ENABLE_PREVIEWS\=NO
    export ENABLE_RESOURCE_ACCESS_AUDIO_INPUT\=NO
    export ENABLE_RESOURCE_ACCESS_BLUETOOTH\=NO
    export ENABLE_RESOURCE_ACCESS_CALENDARS\=NO
    export ENABLE_RESOURCE_ACCESS_CAMERA\=NO
    export ENABLE_RESOURCE_ACCESS_CONTACTS\=NO
    export ENABLE_RESOURCE_ACCESS_LOCATION\=NO
    export ENABLE_RESOURCE_ACCESS_PRINTING\=NO
    export ENABLE_RESOURCE_ACCESS_USB\=NO
    export ENABLE_SDK_IMPORTS\=NO
    export ENABLE_STRICT_OBJC_MSGSEND\=YES
    export ENABLE_TESTABILITY\=YES
    export ENABLE_TESTING_SEARCH_PATHS\=NO
    export ENABLE_USER_SCRIPT_SANDBOXING\=NO
    export ENABLE_XOJIT_PREVIEWS\=YES
    export ENFORCE_VALID_ARCHS\=YES
    export ENTITLEMENTS_DESTINATION\=__entitlements
    export ENTITLEMENTS_REQUIRED\=YES
    export EXCLUDED_INSTALLSRC_SUBDIRECTORY_PATTERNS\=.DS_Store\ .svn\ .git\ .hg\ CVS
    export EXCLUDED_RECURSIVE_SEARCH_PATH_SUBDIRECTORIES\=\*.nib\ \*.lproj\ \*.framework\ \*.gch\ \*.xcode\*\ \*.xcassets\ \(\*\)\ .DS_Store\ CVS\ .svn\ .git\ .hg\ \*.pbproj\ \*.pbxproj
    export FILE_LIST\=/Users/vivek/Library/Developer/Xcode/DerivedData/FinSafarMobile-crxdngiqgpzuzzgywsfulnakvumi/Build/Intermediates.noindex/Pods.build/Debug-iphonesimulator/React-Core-prebuilt.build/Objects/LinkFileList
    export FIXED_FILES_DIR\=/Users/vivek/Library/Developer/Xcode/DerivedData/FinSafarMobile-crxdngiqgpzuzzgywsfulnakvumi/Build/Intermediates.noindex/Pods.build/Debug-iphonesimulator/React-Core-prebuilt.build/FixedFiles
    export FRAMEWORK_SEARCH_PATHS\=\ \"/Users/vivek/Documents/projects/fin-safar/mobile_app/ios/Pods/React-Core-prebuilt\"\ \"/Users/vivek/Documents/projects/fin-safar/mobile_app/ios/Pods/ReactNativeDependencies/framework/packages/react-native\"\ \"/Users/vivek/Library/Developer/Xcode/DerivedData/FinSafarMobile-crxdngiqgpzuzzgywsfulnakvumi/Build/Products/Debug-iphonesimulator/XCFrameworkIntermediates/React-Core-prebuilt\"\ \"/Users/vivek/Library/Developer/Xcode/DerivedData/FinSafarMobile-crxdngiqgpzuzzgywsfulnakvumi/Build/Products/Debug-iphonesimulator/XCFrameworkIntermediates/ReactNativeDependencies\"
    export FRAMEWORK_VERSION\=A
    export FUSE_BUILD_PHASES\=YES
    export FUSE_BUILD_SCRIPT_PHASES\=NO
    export GCC3_VERSION\=3.3
    export GCC_C_LANGUAGE_STANDARD\=gnu11
    export GCC_DYNAMIC_NO_PIC\=NO
    export GCC_NO_COMMON_BLOCKS\=YES
    export GCC_OBJC_LEGACY_DISPATCH\=YES
    export GCC_OPTIMIZATION_LEVEL\=0
    export GCC_PFE_FILE_C_DIALECTS\=c\ objective-c\ c++\ objective-c++
    export GCC_PREPROCESSOR_DEFINITIONS\=POD_CONFIGURATION_DEBUG\=1\ DEBUG\=1\ \ COCOAPODS\=1
    export GCC_TREAT_WARNINGS_AS_ERRORS\=NO
    export GCC_VERSION\=com.apple.compilers.llvm.clang.1_0
    export GCC_VERSION_IDENTIFIER\=com_apple_compilers_llvm_clang_1_0
    export GCC_WARN_64_TO_32_BIT_CONVERSION\=YES
    export GCC_WARN_ABOUT_RETURN_TYPE\=YES_ERROR
    export GCC_WARN_UNDECLARED_SELECTOR\=YES
    export GCC_WARN_UNINITIALIZED_AUTOS\=YES_AGGRESSIVE
    export GCC_WARN_UNUSED_FUNCTION\=YES
    export GCC_WARN_UNUSED_VARIABLE\=YES
    export GENERATED_MODULEMAP_DIR\=/Users/vivek/Library/Developer/Xcode/DerivedData/FinSafarMobile-crxdngiqgpzuzzgywsfulnakvumi/Build/Intermediates.noindex/GeneratedModuleMaps-iphonesimulator
    export GENERATE_INFOPLIST_FILE\=NO
    export GENERATE_INTERMEDIATE_TEXT_BASED_STUBS\=YES
    export GENERATE_MASTER_OBJECT_FILE\=NO
    export GENERATE_PKGINFO_FILE\=NO
    export GENERATE_PROFILING_CODE\=NO
    export GENERATE_TEXT_BASED_STUBS\=NO
    export GID\=20
    export GROUP\=staff
    export HEADERMAP_INCLUDES_FLAT_ENTRIES_FOR_TARGET_BEING_BUILT\=YES
    export HEADERMAP_INCLUDES_FRAMEWORK_ENTRIES_FOR_ALL_PRODUCT_TYPES\=YES
    export HEADERMAP_INCLUDES_FRAMEWORK_ENTRIES_FOR_TARGETS_NOT_BEING_BUILT\=YES
    export HEADERMAP_INCLUDES_NONPUBLIC_NONPRIVATE_HEADERS\=YES
    export HEADERMAP_INCLUDES_PROJECT_HEADERS\=YES
    export HEADERMAP_USES_FRAMEWORK_PREFIX_ENTRIES\=YES
    export HEADERMAP_USES_VFS\=NO
    export HEADER_SEARCH_PATHS\=\ /Users/vivek/Documents/projects/fin-safar/mobile_app/ios/Pods/ReactCommon\ /Users/vivek/Documents/projects/fin-safar/mobile_app/ios/Pods/ReactCommon/react/nativemodule/core\ /Users/vivek/Documents/projects/fin-safar/mobile_app/ios/Pods/React-runtimeexecutor\ /Users/vivek/Documents/projects/fin-safar/mobile_app/ios/Pods/React-runtimeexecutor/platform/ios\ /Users/vivek/Documents/projects/fin-safar/mobile_app/ios/Pods/ReactCommon-Samples\ /Users/vivek/Documents/projects/fin-safar/mobile_app/ios/Pods/ReactCommon-Samples/platform/ios\ /Users/vivek/Documents/projects/fin-safar/mobile_app/ios/Pods/React-Fabric/react/renderer/components/view/platform/cxx\ /Users/vivek/Documents/projects/fin-safar/mobile_app/ios/Pods/React-NativeModulesApple\ /Users/vivek/Documents/projects/fin-safar/mobile_app/ios/Pods/React-graphics\ /Users/vivek/Documents/projects/fin-safar/mobile_app/ios/Pods/React-graphics/react/renderer/graphics/platform/ios\ \"/Users/vivek/Documents/projects/fin-safar/mobile_app/ios/Pods/Headers/Private\"\ \"/Users/vivek/Documents/projects/fin-safar/mobile_app/ios/Pods/Headers/Private/React-Core-prebuilt\"\ \"/Users/vivek/Documents/projects/fin-safar/mobile_app/ios/Pods/Headers/Public\"\ \"/Users/vivek/Documents/projects/fin-safar/mobile_app/ios/Pods/Headers/Public/React-Core-prebuilt\"\ \"/Users/vivek/Documents/projects/fin-safar/mobile_app/ios/Pods/Headers/Public/ReactNativeDependencies\"\ /Users/vivek/Documents/projects/fin-safar/mobile_app/ios/Pods/ReactNativeDependencies
    export HIDE_BITCODE_SYMBOLS\=YES
    export HOME\=/Users/vivek
    export HOST_ARCH\=x86_64
    export HOST_PLATFORM\=macosx
    export ICONV\=/usr/bin/iconv
    export IMPLICIT_DEPENDENCY_DOMAIN\=default
    export INFOPLIST_ENABLE_CFBUNDLEICONS_MERGE\=YES
    export INFOPLIST_EXPAND_BUILD_SETTINGS\=YES
    export INFOPLIST_OUTPUT_FORMAT\=binary
    export INFOPLIST_PREPROCESS\=NO
    export INLINE_PRIVATE_FRAMEWORKS\=NO
    export INSTALLAPI_IGNORE_SKIP_INSTALL\=YES
    export INSTALLHDRS_COPY_PHASE\=NO
    export INSTALLHDRS_SCRIPT_PHASE\=NO
    export INSTALL_DIR\=/tmp/Pods.dst
    export INSTALL_GROUP\=staff
    export INSTALL_MODE_FLAG\=u+w,go-w,a+rX
    export INSTALL_OWNER\=vivek
    export INSTALL_ROOT\=/tmp/Pods.dst
    export IPHONEOS_DEPLOYMENT_TARGET\=15.1
    export IS_UNOPTIMIZED_BUILD\=YES
    export JAVAC_DEFAULT_FLAGS\=-J-Xms64m\ -J-XX:NewSize\=4M\ -J-Dfile.encoding\=UTF8
    export JAVA_APP_STUB\=/System/Library/Frameworks/JavaVM.framework/Resources/MacOS/JavaApplicationStub
    export JAVA_ARCHIVE_CLASSES\=YES
    export JAVA_ARCHIVE_TYPE\=JAR
    export JAVA_COMPILER\=/usr/bin/javac
    export JAVA_FRAMEWORK_RESOURCES_DIRS\=Resources
    export JAVA_JAR_FLAGS\=cv
    export JAVA_SOURCE_SUBDIR\=.
    export JAVA_USE_DEPENDENCIES\=YES
    export JAVA_ZIP_FLAGS\=-urg
    export JIKES_DEFAULT_FLAGS\=+E\ +OLDCSO
    export KEEP_PRIVATE_EXTERNS\=NO
    export LD_DEPENDENCY_INFO_FILE\=/Users/vivek/Library/Developer/Xcode/DerivedData/FinSafarMobile-crxdngiqgpzuzzgywsfulnakvumi/Build/Intermediates.noindex/Pods.build/Debug-iphonesimulator/React-Core-prebuilt.build/Objects-normal/undefined_arch/React-Core-prebuilt_dependency_info.dat
    export LD_EXPORT_SYMBOLS\=YES
    export LD_GENERATE_MAP_FILE\=NO
    export LD_MAP_FILE_PATH\=/Users/vivek/Library/Developer/Xcode/DerivedData/FinSafarMobile-crxdngiqgpzuzzgywsfulnakvumi/Build/Intermediates.noindex/Pods.build/Debug-iphonesimulator/React-Core-prebuilt.build/React-Core-prebuilt-LinkMap-normal-undefined_arch.txt
    export LD_NO_PIE\=NO
    export LD_QUOTE_LINKER_ARGUMENTS_FOR_COMPILER_DRIVER\=YES
    export LD_RUNPATH_SEARCH_PATHS\=\ @executable_path/Frameworks
    export LD_SHARED_CACHE_ELIGIBLE\=Automatic
    export LD_WARN_DUPLICATE_LIBRARIES\=NO
    export LD_WARN_UNUSED_DYLIBS\=NO
    export LEGACY_DEVELOPER_DIR\=/Applications/Xcode.app/Contents/PlugIns/Xcode3Core.ideplugin/Contents/SharedSupport/Developer
    export LEX\=lex
    export LIBRARY_DEXT_INSTALL_PATH\=/Library/DriverExtensions
    export LIBRARY_FLAG_NOSPACE\=YES
    export LIBRARY_KEXT_INSTALL_PATH\=/Library/Extensions
    export LINKER_DISPLAYS_MANGLED_NAMES\=NO
    export LINK_FILE_LIST_normal_x86_64\=/Users/vivek/Library/Developer/Xcode/DerivedData/FinSafarMobile-crxdngiqgpzuzzgywsfulnakvumi/Build/Intermediates.noindex/Pods.build/Debug-iphonesimulator/React-Core-prebuilt.build/Objects-normal/x86_64/React-Core-prebuilt.LinkFileList
    export LINK_OBJC_RUNTIME\=YES
    export LINK_WITH_STANDARD_LIBRARIES\=YES
    export LLVM_TARGET_TRIPLE_OS_VERSION\=ios15.1
    export LLVM_TARGET_TRIPLE_SUFFIX\=-simulator
    export LLVM_TARGET_TRIPLE_VENDOR\=apple
    export LM_AUX_CONST_METADATA_LIST_PATH_normal_x86_64\=/Users/vivek/Library/Developer/Xcode/DerivedData/FinSafarMobile-crxdngiqgpzuzzgywsfulnakvumi/Build/Intermediates.noindex/Pods.build/Debug-iphonesimulator/React-Core-prebuilt.build/Objects-normal/x86_64/React-Core-prebuilt.SwiftConstValuesFileList
    export LOCALIZATION_EXPORT_SUPPORTED\=YES
    export LOCALIZATION_PREFERS_STRING_CATALOGS\=NO
    export LOCALIZED_STRING_MACRO_NAMES\=NSLocalizedString\ CFCopyLocalizedString
    export LOCALIZED_STRING_SWIFTUI_SUPPORT\=YES
    export LOCAL_ADMIN_APPS_DIR\=/Applications/Utilities
    export LOCAL_APPS_DIR\=/Applications
    export LOCAL_DEVELOPER_DIR\=/Library/Developer
    export LOCAL_LIBRARY_DIR\=/Library
    export LOCROOT\=/Users/vivek/Documents/projects/fin-safar/mobile_app/ios/Pods
    export LOCSYMROOT\=/Users/vivek/Documents/projects/fin-safar/mobile_app/ios/Pods
    export MAC_OS_X_PRODUCT_BUILD_VERSION\=24G517
    export MAC_OS_X_VERSION_ACTUAL\=150704
    export MAC_OS_X_VERSION_MAJOR\=150000
    export MAC_OS_X_VERSION_MINOR\=150700
    export MAKE_MERGEABLE\=NO
    export MERGEABLE_LIBRARY\=NO
    export MERGED_BINARY_TYPE\=none
    export MERGE_LINKED_LIBRARIES\=NO
    export METAL_LIBRARY_FILE_BASE\=default
    export METAL_LIBRARY_OUTPUT_DIR\=/Users/vivek/Library/Developer/Xcode/DerivedData/FinSafarMobile-crxdngiqgpzuzzgywsfulnakvumi/Build/Products/Debug-iphonesimulator/React-Core-prebuilt/
    export MODULE_CACHE_DIR\=/Users/vivek/Library/Developer/Xcode/DerivedData/ModuleCache.noindex
    export MTL_ENABLE_DEBUG_INFO\=INCLUDE_SOURCE
    export MTL_FAST_MATH\=YES
    export NATIVE_ARCH\=x86_64
    export NATIVE_ARCH_32_BIT\=i386
    export NATIVE_ARCH_64_BIT\=x86_64
    export NATIVE_ARCH_ACTUAL\=x86_64
    export NO_COMMON\=YES
    export OBJC_ABI_VERSION\=2
    export OBJECT_FILE_DIR\=/Users/vivek/Library/Developer/Xcode/DerivedData/FinSafarMobile-crxdngiqgpzuzzgywsfulnakvumi/Build/Intermediates.noindex/Pods.build/Debug-iphonesimulator/React-Core-prebuilt.build/Objects
    export OBJECT_FILE_DIR_normal\=/Users/vivek/Library/Developer/Xcode/DerivedData/FinSafarMobile-crxdngiqgpzuzzgywsfulnakvumi/Build/Intermediates.noindex/Pods.build/Debug-iphonesimulator/React-Core-prebuilt.build/Objects-normal
    export OBJROOT\=/Users/vivek/Library/Developer/Xcode/DerivedData/FinSafarMobile-crxdngiqgpzuzzgywsfulnakvumi/Build/Intermediates.noindex
    export ONLY_ACTIVE_ARCH\=YES
    export OS\=MACOS
    export OSAC\=/usr/bin/osacompile
    export OTHER_CFLAGS\=\ -DRCT_REMOVE_LEGACY_ARCH\=1
    export OTHER_CPLUSPLUSFLAGS\=\ -DRCT_REMOVE_LEGACY_ARCH\=1\ -DRCT_REMOVE_LEGACY_ARCH\=1\ -DRCT_NEW_ARCH_ENABLED\=1\ \ 
    export PASCAL_STRINGS\=YES
    export PATH\=/Applications/Xcode.app/Contents/SharedFrameworks/SwiftBuild.framework/Versions/A/PlugIns/SWBBuildService.bundle/Contents/PlugIns/SWBUniversalPlatformPlugin.bundle/Contents/Frameworks/SWBUniversalPlatform.framework/Resources:/Applications/Xcode.app/Contents/Developer/Toolchains/XcodeDefault.xctoolchain/usr/bin:/Applications/Xcode.app/Contents/Developer/Toolchains/XcodeDefault.xctoolchain/usr/local/bin:/Applications/Xcode.app/Contents/Developer/Toolchains/XcodeDefault.xctoolchain/usr/libexec:/Applications/Xcode.app/Contents/Developer/Platforms/iPhoneSimulator.platform/usr/bin:/Applications/Xcode.app/Contents/Developer/Platforms/iPhoneSimulator.platform/usr/local/bin:/Applications/Xcode.app/Contents/Developer/Platforms/iPhoneSimulator.platform/Developer/usr/bin:/Applications/Xcode.app/Contents/Developer/Platforms/iPhoneSimulator.platform/Developer/usr/local/bin:/Applications/Xcode.app/Contents/Developer/usr/bin:/Applications/Xcode.app/Contents/Developer/usr/local/bin:/Users/vivek/.nvm/versions/node/v20.19.0/bin:/Library/Frameworks/Python.framework/Versions/3.12/bin:/usr/local/bin:/System/Cryptexes/App/usr/bin:/usr/bin:/bin:/usr/sbin:/sbin:/var/run/com.apple.security.cryptexd/codex.system/bootstrap/usr/local/bin:/var/run/com.apple.security.cryptexd/codex.system/bootstrap/usr/bin:/var/run/com.apple.security.cryptexd/codex.system/bootstrap/usr/appleinternal/bin:/Library/Apple/usr/bin:/usr/local/share/dotnet
    export PATH_PREFIXES_EXCLUDED_FROM_HEADER_DEPENDENCIES\=/usr/include\ /usr/local/include\ /System/Library/Frameworks\ /System/Library/PrivateFrameworks\ /Applications/Xcode.app/Contents/Developer/Headers\ /Applications/Xcode.app/Contents/Developer/SDKs\ /Applications/Xcode.app/Contents/Developer/Platforms
    export PER_ARCH_MODULE_FILE_DIR\=/Users/vivek/Library/Developer/Xcode/DerivedData/FinSafarMobile-crxdngiqgpzuzzgywsfulnakvumi/Build/Intermediates.noindex/Pods.build/Debug-iphonesimulator/React-Core-prebuilt.build/Objects-normal/undefined_arch
    export PER_ARCH_OBJECT_FILE_DIR\=/Users/vivek/Library/Developer/Xcode/DerivedData/FinSafarMobile-crxdngiqgpzuzzgywsfulnakvumi/Build/Intermediates.noindex/Pods.build/Debug-iphonesimulator/React-Core-prebuilt.build/Objects-normal/undefined_arch
    export PER_VARIANT_OBJECT_FILE_DIR\=/Users/vivek/Library/Developer/Xcode/DerivedData/FinSafarMobile-crxdngiqgpzuzzgywsfulnakvumi/Build/Intermediates.noindex/Pods.build/Debug-iphonesimulator/React-Core-prebuilt.build/Objects-normal
    export PKGINFO_FILE_PATH\=/Users/vivek/Library/Developer/Xcode/DerivedData/FinSafarMobile-crxdngiqgpzuzzgywsfulnakvumi/Build/Intermediates.noindex/Pods.build/Debug-iphonesimulator/React-Core-prebuilt.build/PkgInfo
    export PLATFORM_DEVELOPER_APPLICATIONS_DIR\=/Applications/Xcode.app/Contents/Developer/Platforms/iPhoneSimulator.platform/Developer/Applications
    export PLATFORM_DEVELOPER_BIN_DIR\=/Applications/Xcode.app/Contents/Developer/Platforms/iPhoneSimulator.platform/Developer/usr/bin
    export PLATFORM_DEVELOPER_LIBRARY_DIR\=/Applications/Xcode.app/Contents/Developer/Platforms/iPhoneSimulator.platform/Developer/Library
    export PLATFORM_DEVELOPER_SDK_DIR\=/Applications/Xcode.app/Contents/Developer/Platforms/iPhoneSimulator.platform/Developer/SDKs
    export PLATFORM_DEVELOPER_TOOLS_DIR\=/Applications/Xcode.app/Contents/Developer/Platforms/iPhoneSimulator.platform/Developer/Tools
    export PLATFORM_DEVELOPER_USR_DIR\=/Applications/Xcode.app/Contents/Developer/Platforms/iPhoneSimulator.platform/Developer/usr
    export PLATFORM_DIR\=/Applications/Xcode.app/Contents/Developer/Platforms/iPhoneSimulator.platform
    export PLATFORM_DISPLAY_NAME\=iOS\ Simulator
    export PLATFORM_FAMILY_NAME\=iOS
    export PLATFORM_NAME\=iphonesimulator
    export PLATFORM_PREFERRED_ARCH\=x86_64
    export PLATFORM_PRODUCT_BUILD_VERSION\=22F76
    export PLATFORM_REQUIRES_SWIFT_AUTOLINK_EXTRACT\=NO
    export PLATFORM_REQUIRES_SWIFT_MODULEWRAP\=NO
    export PLIST_FILE_OUTPUT_FORMAT\=binary
    export PODS_BUILD_DIR\=/Users/vivek/Library/Developer/Xcode/DerivedData/FinSafarMobile-crxdngiqgpzuzzgywsfulnakvumi/Build/Products
    export PODS_CONFIGURATION_BUILD_DIR\=/Users/vivek/Library/Developer/Xcode/DerivedData/FinSafarMobile-crxdngiqgpzuzzgywsfulnakvumi/Build/Products/Debug-iphonesimulator
    export PODS_DEVELOPMENT_LANGUAGE\=en
    export PODS_ROOT\=/Users/vivek/Documents/projects/fin-safar/mobile_app/ios/Pods
    export PODS_TARGET_SRCROOT\=/Users/vivek/Documents/projects/fin-safar/mobile_app/ios/Pods/React-Core-prebuilt
    export PODS_XCFRAMEWORKS_BUILD_DIR\=/Users/vivek/Library/Developer/Xcode/DerivedData/FinSafarMobile-crxdngiqgpzuzzgywsfulnakvumi/Build/Products/Debug-iphonesimulator/XCFrameworkIntermediates
    export PRECOMPS_INCLUDE_HEADERS_FROM_BUILT_PRODUCTS_DIR\=YES
    export PRECOMP_DESTINATION_DIR\=/Users/vivek/Library/Developer/Xcode/DerivedData/FinSafarMobile-crxdngiqgpzuzzgywsfulnakvumi/Build/Intermediates.noindex/Pods.build/Debug-iphonesimulator/React-Core-prebuilt.build/PrefixHeaders
    export PROCESSED_INFOPLIST_PATH\=/Users/vivek/Library/Developer/Xcode/DerivedData/FinSafarMobile-crxdngiqgpzuzzgywsfulnakvumi/Build/Intermediates.noindex/Pods.build/Debug-iphonesimulator/React-Core-prebuilt.build/Objects-normal/undefined_arch/Processed-Info.plist
    export PRODUCT_BUNDLE_IDENTIFIER\=org.cocoapods.React-Core-prebuilt
    export PRODUCT_MODULE_NAME\=React_Core_prebuilt
    export PRODUCT_NAME\=React-Core-prebuilt
    export PRODUCT_SETTINGS_PATH\=
    export PROFILING_CODE\=NO
    export PROJECT\=Pods
    export PROJECT_DERIVED_FILE_DIR\=/Users/vivek/Library/Developer/Xcode/DerivedData/FinSafarMobile-crxdngiqgpzuzzgywsfulnakvumi/Build/Intermediates.noindex/Pods.build/DerivedSources
    export PROJECT_DIR\=/Users/vivek/Documents/projects/fin-safar/mobile_app/ios/Pods
    export PROJECT_FILE_PATH\=/Users/vivek/Documents/projects/fin-safar/mobile_app/ios/Pods/Pods.xcodeproj
    export PROJECT_GUID\=8699adb1dd336b26511df848a716bd42
    export PROJECT_NAME\=Pods
    export PROJECT_TEMP_DIR\=/Users/vivek/Library/Developer/Xcode/DerivedData/FinSafarMobile-crxdngiqgpzuzzgywsfulnakvumi/Build/Intermediates.noindex/Pods.build
    export PROJECT_TEMP_ROOT\=/Users/vivek/Library/Developer/Xcode/DerivedData/FinSafarMobile-crxdngiqgpzuzzgywsfulnakvumi/Build/Intermediates.noindex
    export REACT_NATIVE_PATH\=/Users/vivek/Documents/projects/fin-safar/mobile_app/ios/Pods/../../node_modules/react-native
    export RECOMMENDED_IPHONEOS_DEPLOYMENT_TARGET\=15.0
    export RECURSIVE_SEARCH_PATHS_FOLLOW_SYMLINKS\=YES
    export REMOVE_CVS_FROM_RESOURCES\=YES
    export REMOVE_GIT_FROM_RESOURCES\=YES
    export REMOVE_HEADERS_FROM_EMBEDDED_BUNDLES\=YES
    export REMOVE_HG_FROM_RESOURCES\=YES
    export REMOVE_STATIC_EXECUTABLES_FROM_EMBEDDED_BUNDLES\=YES
    export REMOVE_SVN_FROM_RESOURCES\=YES
    export RESCHEDULE_INDEPENDENT_HEADERS_PHASES\=YES
    export REZ_COLLECTOR_DIR\=/Users/vivek/Library/Developer/Xcode/DerivedData/FinSafarMobile-crxdngiqgpzuzzgywsfulnakvumi/Build/Intermediates.noindex/Pods.build/Debug-iphonesimulator/React-Core-prebuilt.build/ResourceManagerResources
    export REZ_OBJECTS_DIR\=/Users/vivek/Library/Developer/Xcode/DerivedData/FinSafarMobile-crxdngiqgpzuzzgywsfulnakvumi/Build/Intermediates.noindex/Pods.build/Debug-iphonesimulator/React-Core-prebuilt.build/ResourceManagerResources/Objects
    export SCAN_ALL_SOURCE_FILES_FOR_INCLUDES\=NO
    export SCRIPT_INPUT_FILE_COUNT\=0
    export SCRIPT_INPUT_FILE_LIST_COUNT\=0
    export SCRIPT_OUTPUT_FILE_COUNT\=0
    export SCRIPT_OUTPUT_FILE_LIST_COUNT\=0
    export SDKROOT\=/Applications/Xcode.app/Contents/Developer/Platforms/iPhoneSimulator.platform/Developer/SDKs/iPhoneSimulator18.5.sdk
    export SDK_DIR\=/Applications/Xcode.app/Contents/Developer/Platforms/iPhoneSimulator.platform/Developer/SDKs/iPhoneSimulator18.5.sdk
    export SDK_DIR_iphonesimulator\=/Applications/Xcode.app/Contents/Developer/Platforms/iPhoneSimulator.platform/Developer/SDKs/iPhoneSimulator18.5.sdk
    export SDK_DIR_iphonesimulator18_5\=/Applications/Xcode.app/Contents/Developer/Platforms/iPhoneSimulator.platform/Developer/SDKs/iPhoneSimulator18.5.sdk
    export SDK_NAME\=iphonesimulator18.5
    export SDK_NAMES\=iphonesimulator18.5
    export SDK_PRODUCT_BUILD_VERSION\=22F76
    export SDK_STAT_CACHE_DIR\=/Users/vivek/Library/Developer/Xcode/DerivedData
    export SDK_STAT_CACHE_ENABLE\=YES
    export SDK_STAT_CACHE_PATH\=/Users/vivek/Library/Developer/Xcode/DerivedData/SDKStatCaches.noindex/iphonesimulator18.5-22F76-d5fc8ad4295d2ef488fb7d0f804ce0c4.sdkstatcache
    export SDK_VERSION\=18.5
    export SDK_VERSION_ACTUAL\=180500
    export SDK_VERSION_MAJOR\=180000
    export SDK_VERSION_MINOR\=180500
    export SED\=/usr/bin/sed
    export SEPARATE_STRIP\=NO
    export SEPARATE_SYMBOL_EDIT\=NO
    export SET_DIR_MODE_OWNER_GROUP\=YES
    export SET_FILE_MODE_OWNER_GROUP\=NO
    export SHALLOW_BUNDLE\=NO
    export SHARED_DERIVED_FILE_DIR\=/Users/vivek/Library/Developer/Xcode/DerivedData/FinSafarMobile-crxdngiqgpzuzzgywsfulnakvumi/Build/Products/Debug-iphonesimulator/React-Core-prebuilt/DerivedSources
    export SHARED_PRECOMPS_DIR\=/Users/vivek/Library/Developer/Xcode/DerivedData/FinSafarMobile-crxdngiqgpzuzzgywsfulnakvumi/Build/Intermediates.noindex/PrecompiledHeaders
    export SKIP_INSTALL\=YES
    export SOURCE_ROOT\=/Users/vivek/Documents/projects/fin-safar/mobile_app/ios/Pods
    export SRCROOT\=/Users/vivek/Documents/projects/fin-safar/mobile_app/ios/Pods
    export STRINGSDATA_DIR\=/Users/vivek/Library/Developer/Xcode/DerivedData/FinSafarMobile-crxdngiqgpzuzzgywsfulnakvumi/Build/Intermediates.noindex/Pods.build/Debug-iphonesimulator/React-Core-prebuilt.build/Objects-normal/undefined_arch
    export STRINGSDATA_ROOT\=/Users/vivek/Library/Developer/Xcode/DerivedData/FinSafarMobile-crxdngiqgpzuzzgywsfulnakvumi/Build/Intermediates.noindex/Pods.build/Debug-iphonesimulator/React-Core-prebuilt.build
    export STRINGS_FILE_INFOPLIST_RENAME\=YES
    export STRINGS_FILE_OUTPUT_ENCODING\=binary
    export STRIP_BITCODE_FROM_COPIED_FILES\=NO
    export STRIP_INSTALLED_PRODUCT\=NO
    export STRIP_STYLE\=all
    export STRIP_SWIFT_SYMBOLS\=YES
    export SUPPORTED_DEVICE_FAMILIES\=1,2
    export SUPPORTED_PLATFORMS\=iphoneos\ iphonesimulator
    export SUPPORTS_TEXT_BASED_API\=NO
    export SUPPRESS_WARNINGS\=NO
    export SWIFT_ACTIVE_COMPILATION_CONDITIONS\=\ DEBUG
    export SWIFT_EMIT_LOC_STRINGS\=NO
    export SWIFT_ENABLE_EXPLICIT_MODULES\=NO
    export SWIFT_OPTIMIZATION_LEVEL\=-Onone
    export SWIFT_PLATFORM_TARGET_PREFIX\=ios
    export SWIFT_RESPONSE_FILE_PATH_normal_x86_64\=/Users/vivek/Library/Developer/Xcode/DerivedData/FinSafarMobile-crxdngiqgpzuzzgywsfulnakvumi/Build/Intermediates.noindex/Pods.build/Debug-iphonesimulator/React-Core-prebuilt.build/Objects-normal/x86_64/React-Core-prebuilt.SwiftFileList
    export SWIFT_VERSION\=5.0
    export SYMROOT\=/Users/vivek/Library/Developer/Xcode/DerivedData/FinSafarMobile-crxdngiqgpzuzzgywsfulnakvumi/Build/Products
    export SYSTEM_ADMIN_APPS_DIR\=/Applications/Utilities
    export SYSTEM_APPS_DIR\=/Applications
    export SYSTEM_CORE_SERVICES_DIR\=/System/Library/CoreServices
    export SYSTEM_DEMOS_DIR\=/Applications/Extras
    export SYSTEM_DEVELOPER_APPS_DIR\=/Applications/Xcode.app/Contents/Developer/Applications
    export SYSTEM_DEVELOPER_BIN_DIR\=/Applications/Xcode.app/Contents/Developer/usr/bin
    export SYSTEM_DEVELOPER_DEMOS_DIR\=/Applications/Xcode.app/Contents/Developer/Applications/Utilities/Built\ Examples
    export SYSTEM_DEVELOPER_DIR\=/Applications/Xcode.app/Contents/Developer
    export SYSTEM_DEVELOPER_DOC_DIR\=/Applications/Xcode.app/Contents/Developer/ADC\ Reference\ Library
    export SYSTEM_DEVELOPER_GRAPHICS_TOOLS_DIR\=/Applications/Xcode.app/Contents/Developer/Applications/Graphics\ Tools
    export SYSTEM_DEVELOPER_JAVA_TOOLS_DIR\=/Applications/Xcode.app/Contents/Developer/Applications/Java\ Tools
    export SYSTEM_DEVELOPER_PERFORMANCE_TOOLS_DIR\=/Applications/Xcode.app/Contents/Developer/Applications/Performance\ Tools
    export SYSTEM_DEVELOPER_RELEASENOTES_DIR\=/Applications/Xcode.app/Contents/Developer/ADC\ Reference\ Library/releasenotes
    export SYSTEM_DEVELOPER_TOOLS\=/Applications/Xcode.app/Contents/Developer/Tools
    export SYSTEM_DEVELOPER_TOOLS_DOC_DIR\=/Applications/Xcode.app/Contents/Developer/ADC\ Reference\ Library/documentation/DeveloperTools
    export SYSTEM_DEVELOPER_TOOLS_RELEASENOTES_DIR\=/Applications/Xcode.app/Contents/Developer/ADC\ Reference\ Library/releasenotes/DeveloperTools
    export SYSTEM_DEVELOPER_USR_DIR\=/Applications/Xcode.app/Contents/Developer/usr
    export SYSTEM_DEVELOPER_UTILITIES_DIR\=/Applications/Xcode.app/Contents/Developer/Applications/Utilities
    export SYSTEM_DEXT_INSTALL_PATH\=/System/Library/DriverExtensions
    export SYSTEM_DOCUMENTATION_DIR\=/Library/Documentation
    export SYSTEM_KEXT_INSTALL_PATH\=/System/Library/Extensions
    export SYSTEM_LIBRARY_DIR\=/System/Library
    export TAPI_DEMANGLE\=YES
    export TAPI_ENABLE_PROJECT_HEADERS\=NO
    export TAPI_LANGUAGE\=objective-c
    export TAPI_LANGUAGE_STANDARD\=compiler-default
    export TAPI_USE_SRCROOT\=YES
    export TAPI_VERIFY_MODE\=Pedantic
    export TARGETED_DEVICE_FAMILY\=1,2
    export TARGETNAME\=React-Core-prebuilt
    export TARGET_BUILD_DIR\=/Users/vivek/Library/Developer/Xcode/DerivedData/FinSafarMobile-crxdngiqgpzuzzgywsfulnakvumi/Build/Products/Debug-iphonesimulator/React-Core-prebuilt
    export TARGET_DEVICE_IDENTIFIER\=DB8E7F90-FB2D-4385-B320-28EACCC7A691
    export TARGET_DEVICE_MODEL\=iPhone15,4
    export TARGET_DEVICE_OS_VERSION\=17.0.1
    export TARGET_DEVICE_PLATFORM_NAME\=iphonesimulator
    export TARGET_NAME\=React-Core-prebuilt
    export TARGET_TEMP_DIR\=/Users/vivek/Library/Developer/Xcode/DerivedData/FinSafarMobile-crxdngiqgpzuzzgywsfulnakvumi/Build/Intermediates.noindex/Pods.build/Debug-iphonesimulator/React-Core-prebuilt.build
    export TEMP_DIR\=/Users/vivek/Library/Developer/Xcode/DerivedData/FinSafarMobile-crxdngiqgpzuzzgywsfulnakvumi/Build/Intermediates.noindex/Pods.build/Debug-iphonesimulator/React-Core-prebuilt.build
    export TEMP_FILES_DIR\=/Users/vivek/Library/Developer/Xcode/DerivedData/FinSafarMobile-crxdngiqgpzuzzgywsfulnakvumi/Build/Intermediates.noindex/Pods.build/Debug-iphonesimulator/React-Core-prebuilt.build
    export TEMP_FILE_DIR\=/Users/vivek/Library/Developer/Xcode/DerivedData/FinSafarMobile-crxdngiqgpzuzzgywsfulnakvumi/Build/Intermediates.noindex/Pods.build/Debug-iphonesimulator/React-Core-prebuilt.build
    export TEMP_ROOT\=/Users/vivek/Library/Developer/Xcode/DerivedData/FinSafarMobile-crxdngiqgpzuzzgywsfulnakvumi/Build/Intermediates.noindex
    export TEMP_SANDBOX_DIR\=/Users/vivek/Library/Developer/Xcode/DerivedData/FinSafarMobile-crxdngiqgpzuzzgywsfulnakvumi/Build/Intermediates.noindex/TemporaryTaskSandboxes
    export TEST_FRAMEWORK_SEARCH_PATHS\=\ /Applications/Xcode.app/Contents/Developer/Platforms/iPhoneSimulator.platform/Developer/Library/Frameworks\ /Applications/Xcode.app/Contents/Developer/Platforms/iPhoneSimulator.platform/Developer/SDKs/iPhoneSimulator18.5.sdk/Developer/Library/Frameworks
    export TEST_LIBRARY_SEARCH_PATHS\=\ /Applications/Xcode.app/Contents/Developer/Platforms/iPhoneSimulator.platform/Developer/usr/lib
    export TOOLCHAINS\=com.apple.dt.toolchain.XcodeDefault
    export TOOLCHAIN_DIR\=/Applications/Xcode.app/Contents/Developer/Toolchains/XcodeDefault.xctoolchain
    export TREAT_MISSING_BASELINES_AS_TEST_FAILURES\=NO
    export TREAT_MISSING_SCRIPT_PHASE_OUTPUTS_AS_ERRORS\=NO
    export UID\=501
    export UNINSTALLED_PRODUCTS_DIR\=/Users/vivek/Library/Developer/Xcode/DerivedData/FinSafarMobile-crxdngiqgpzuzzgywsfulnakvumi/Build/Intermediates.noindex/UninstalledProducts
    export UNSTRIPPED_PRODUCT\=NO
    export USER\=vivek
    export USER_APPS_DIR\=/Users/vivek/Applications
    export USER_LIBRARY_DIR\=/Users/vivek/Library
    export USE_DYNAMIC_NO_PIC\=YES
    export USE_HEADERMAP\=YES
    export USE_HEADER_SYMLINKS\=NO
    export USE_HERMES\=true
    export USE_RECURSIVE_SCRIPT_INPUTS_IN_SCRIPT_PHASES\=YES
    export VALIDATE_DEVELOPMENT_ASSET_PATHS\=YES_ERROR
    export VALIDATE_PRODUCT\=NO
    export VALID_ARCHS\=arm64\ arm64e\ x86_64
    export VERBOSE_PBXCP\=NO
    export VERSION_INFO_BUILDER\=vivek
    export VERSION_INFO_FILE\=React-Core-prebuilt_vers.c
    export VERSION_INFO_STRING\=\"@\(\#\)PROGRAM:React-Core-prebuilt\ \ PROJECT:Pods-\"
    export WORKSPACE_DIR\=/Users/vivek/Documents/projects/fin-safar/mobile_app/ios
    export WRAP_ASSET_PACKS_IN_SEPARATE_DIRECTORIES\=NO
    export XCODE_APP_SUPPORT_DIR\=/Applications/Xcode.app/Contents/Developer/Library/Xcode
    export XCODE_PRODUCT_BUILD_VERSION\=16F6
    export XCODE_VERSION_ACTUAL\=1640
    export XCODE_VERSION_MAJOR\=1600
    export XCODE_VERSION_MINOR\=1640
    export XPCSERVICES_FOLDER_PATH\=/XPCServices
    export YACC\=yacc
    export _DISCOVER_COMMAND_LINE_LINKER_INPUTS\=YES
    export _DISCOVER_COMMAND_LINE_LINKER_INPUTS_INCLUDE_WL\=YES
    export __DIAGNOSE_DEPRECATED_ARCHS\=YES
    export arch\=undefined_arch
    export variant\=normal
    /bin/sh -c /Users/vivek/Library/Developer/Xcode/DerivedData/FinSafarMobile-crxdngiqgpzuzzgywsfulnakvumi/Build/Intermediates.noindex/Pods.build/Debug-iphonesimulator/React-Core-prebuilt.build/Script-46EB2E00018790.sh
Node found at: /Users/vivek/.nvm/versions/node/v20.19.0/bin/node
No previous build detected, but Debug Configuration. No need to replace React-Core-prebuilt

note: Run script build phase '[CP-User] [RN]Check FBReactNativeSpec' will be run during every build because the option to run the script phase "Based on dependency analysis" is unchecked. (in target 'React-RCTFBReactNativeSpec' from project 'Pods')
PhaseScriptExecution [CP-User]\ [RN]Check\ FBReactNativeSpec /Users/vivek/Library/Developer/Xcode/DerivedData/FinSafarMobile-crxdngiqgpzuzzgywsfulnakvumi/Build/Intermediates.noindex/Pods.build/Debug-iphonesimulator/React-RCTFBReactNativeSpec.build/Script-46EB2E000187A0.sh (in target 'React-RCTFBReactNativeSpec' from project 'Pods')
    cd /Users/vivek/Documents/projects/fin-safar/mobile_app/ios/Pods
    export ACTION\=build
    export AD_HOC_CODE_SIGNING_ALLOWED\=YES
    export ALLOW_BUILD_REQUEST_OVERRIDES\=NO
    export ALLOW_TARGET_PLATFORM_SPECIALIZATION\=NO
    export ALTERNATE_GROUP\=staff
    export ALTERNATE_MODE\=u+w,go-w,a+rX
    export ALTERNATE_OWNER\=vivek
    export ALTERNATIVE_DISTRIBUTION_WEB\=NO
    export ALWAYS_EMBED_SWIFT_STANDARD_LIBRARIES\=NO
    export ALWAYS_SEARCH_USER_PATHS\=NO
    export ALWAYS_USE_SEPARATE_HEADERMAPS\=NO
    export APPLICATION_EXTENSION_API_ONLY\=NO
    export APPLY_RULES_IN_COPY_FILES\=NO
    export APPLY_RULES_IN_COPY_HEADERS\=NO
    export APP_SHORTCUTS_ENABLE_FLEXIBLE_MATCHING\=YES
    export ARCHS\=x86_64
    export ARCHS_STANDARD\=arm64\ x86_64
    export ARCHS_STANDARD_32_64_BIT\=arm64\ x86_64
    export ARCHS_STANDARD_64_BIT\=arm64\ x86_64
    export ARCHS_STANDARD_INCLUDING_64_BIT\=arm64\ x86_64
    export ARCHS_UNIVERSAL_IPHONE_OS\=arm64\ x86_64
    export ASSETCATALOG_COMPILER_APPICON_NAME\=AppIcon
    export ASSETCATALOG_COMPILER_GLOBAL_ACCENT_COLOR_NAME\=AccentColor
    export ASSETCATALOG_FILTER_FOR_DEVICE_MODEL\=iPhone15,4
    export ASSETCATALOG_FILTER_FOR_DEVICE_OS_VERSION\=17.0.1
    export ASSETCATALOG_FILTER_FOR_THINNING_DEVICE_CONFIGURATION\=iPhone15,4
    export AUTOMATICALLY_MERGE_DEPENDENCIES\=NO
    export AVAILABLE_PLATFORMS\=android\ appletvos\ appletvsimulator\ driverkit\ iphoneos\ iphonesimulator\ macosx\ qnx\ watchos\ watchsimulator\ xros\ xrsimulator
    export BITCODE_GENERATION_MODE\=marker
    export BUILD_ACTIVE_RESOURCES_ONLY\=YES
    export BUILD_COMPONENTS\=headers\ build
    export BUILD_DIR\=/Users/vivek/Library/Developer/Xcode/DerivedData/FinSafarMobile-crxdngiqgpzuzzgywsfulnakvumi/Build/Products
    export BUILD_LIBRARY_FOR_DISTRIBUTION\=NO
    export BUILD_ROOT\=/Users/vivek/Library/Developer/Xcode/DerivedData/FinSafarMobile-crxdngiqgpzuzzgywsfulnakvumi/Build/Products
    export BUILD_STYLE\=
    export BUILD_VARIANTS\=normal
    export BUILT_PRODUCTS_DIR\=/Users/vivek/Library/Developer/Xcode/DerivedData/FinSafarMobile-crxdngiqgpzuzzgywsfulnakvumi/Build/Products/Debug-iphonesimulator/React-RCTFBReactNativeSpec
    export BUNDLE_CONTENTS_FOLDER_PATH_deep\=Contents/
    export BUNDLE_EXECUTABLE_FOLDER_NAME_deep\=MacOS
    export BUNDLE_EXTENSIONS_FOLDER_PATH\=Extensions
    export BUNDLE_FORMAT\=shallow
    export BUNDLE_FRAMEWORKS_FOLDER_PATH\=Frameworks
    export BUNDLE_PLUGINS_FOLDER_PATH\=PlugIns
    export BUNDLE_PRIVATE_HEADERS_FOLDER_PATH\=PrivateHeaders
    export BUNDLE_PUBLIC_HEADERS_FOLDER_PATH\=Headers
    export CACHE_ROOT\=/var/folders/hm/dvdw0q_d2yg07bbndzyfxl9c0000gn/C/com.apple.DeveloperTools/16.4-16F6/Xcode
    export CCHROOT\=/var/folders/hm/dvdw0q_d2yg07bbndzyfxl9c0000gn/C/com.apple.DeveloperTools/16.4-16F6/Xcode
    export CHMOD\=/bin/chmod
    export CHOWN\=/usr/sbin/chown
    export CLANG_ANALYZER_LOCALIZABILITY_NONLOCALIZED\=YES
    export CLANG_ANALYZER_NONNULL\=YES
    export CLANG_ANALYZER_NUMBER_OBJECT_CONVERSION\=YES_AGGRESSIVE
    export CLANG_CACHE_FINE_GRAINED_OUTPUTS\=YES
    export CLANG_CXX_LANGUAGE_STANDARD\=c++20
    export CLANG_CXX_LIBRARY\=libc++
    export CLANG_ENABLE_EXPLICIT_MODULES\=YES
    export CLANG_ENABLE_MODULES\=YES
    export CLANG_ENABLE_OBJC_ARC\=YES
    export CLANG_ENABLE_OBJC_WEAK\=NO
    export CLANG_MODULES_BUILD_SESSION_FILE\=/Users/vivek/Library/Developer/Xcode/DerivedData/ModuleCache.noindex/Session.modulevalidation
    export CLANG_WARN_BLOCK_CAPTURE_AUTORELEASING\=YES
    export CLANG_WARN_BOOL_CONVERSION\=YES
    export CLANG_WARN_COMMA\=YES
    export CLANG_WARN_CONSTANT_CONVERSION\=YES
    export CLANG_WARN_DEPRECATED_OBJC_IMPLEMENTATIONS\=YES
    export CLANG_WARN_DIRECT_OBJC_ISA_USAGE\=YES_ERROR
    export CLANG_WARN_DOCUMENTATION_COMMENTS\=YES
    export CLANG_WARN_EMPTY_BODY\=YES
    export CLANG_WARN_ENUM_CONVERSION\=YES
    export CLANG_WARN_INFINITE_RECURSION\=YES
    export CLANG_WARN_INT_CONVERSION\=YES
    export CLANG_WARN_NON_LITERAL_NULL_CONVERSION\=YES
    export CLANG_WARN_OBJC_IMPLICIT_RETAIN_SELF\=YES
    export CLANG_WARN_OBJC_LITERAL_CONVERSION\=YES
    export CLANG_WARN_OBJC_ROOT_CLASS\=YES_ERROR
    export CLANG_WARN_QUOTED_INCLUDE_IN_FRAMEWORK_HEADER\=NO
    export CLANG_WARN_RANGE_LOOP_ANALYSIS\=YES
    export CLANG_WARN_STRICT_PROTOTYPES\=YES
    export CLANG_WARN_SUSPICIOUS_MOVE\=YES
    export CLANG_WARN_UNGUARDED_AVAILABILITY\=YES_AGGRESSIVE
    export CLANG_WARN_UNREACHABLE_CODE\=YES
    export CLANG_WARN__DUPLICATE_METHOD_MATCH\=YES
    export CLASS_FILE_DIR\=/Users/vivek/Library/Developer/Xcode/DerivedData/FinSafarMobile-crxdngiqgpzuzzgywsfulnakvumi/Build/Intermediates.noindex/Pods.build/Debug-iphonesimulator/React-RCTFBReactNativeSpec.build/JavaClasses
    export CLEAN_PRECOMPS\=YES
    export CLONE_HEADERS\=NO
    export CODESIGNING_FOLDER_PATH\=/Users/vivek/Library/Developer/Xcode/DerivedData/FinSafarMobile-crxdngiqgpzuzzgywsfulnakvumi/Build/Products/Debug-iphonesimulator/React-RCTFBReactNativeSpec/
    export CODE_SIGNING_ALLOWED\=NO
    export CODE_SIGNING_REQUIRED\=YES
    export CODE_SIGN_CONTEXT_CLASS\=XCiPhoneSimulatorCodeSignContext
    export CODE_SIGN_IDENTITY\=-
    export CODE_SIGN_INJECT_BASE_ENTITLEMENTS\=YES
    export COLOR_DIAGNOSTICS\=NO
    export COMBINE_HIDPI_IMAGES\=NO
    export COMPILATION_CACHE_CAS_PATH\=/Users/vivek/Library/Developer/Xcode/DerivedData/CompilationCache.noindex
    export COMPILATION_CACHE_KEEP_CAS_DIRECTORY\=YES
    export COMPILER_INDEX_STORE_ENABLE\=Default
    export COMPOSITE_SDK_DIRS\=/Users/vivek/Library/Developer/Xcode/DerivedData/FinSafarMobile-crxdngiqgpzuzzgywsfulnakvumi/Build/Intermediates.noindex/CompositeSDKs
    export COMPRESS_PNG_FILES\=YES
    export CONFIGURATION\=Debug
    export CONFIGURATION_BUILD_DIR\=/Users/vivek/Library/Developer/Xcode/DerivedData/FinSafarMobile-crxdngiqgpzuzzgywsfulnakvumi/Build/Products/Debug-iphonesimulator/React-RCTFBReactNativeSpec
    export CONFIGURATION_TEMP_DIR\=/Users/vivek/Library/Developer/Xcode/DerivedData/FinSafarMobile-crxdngiqgpzuzzgywsfulnakvumi/Build/Intermediates.noindex/Pods.build/Debug-iphonesimulator
    export COPYING_PRESERVES_HFS_DATA\=NO
    export COPY_HEADERS_RUN_UNIFDEF\=NO
    export COPY_PHASE_STRIP\=NO
    export CORRESPONDING_DEVICE_PLATFORM_DIR\=/Applications/Xcode.app/Contents/Developer/Platforms/iPhoneOS.platform
    export CORRESPONDING_DEVICE_PLATFORM_NAME\=iphoneos
    export CORRESPONDING_DEVICE_SDK_DIR\=/Applications/Xcode.app/Contents/Developer/Platforms/iPhoneOS.platform/Developer/SDKs/iPhoneOS18.5.sdk
    export CORRESPONDING_DEVICE_SDK_NAME\=iphoneos18.5
    export CP\=/bin/cp
    export CREATE_INFOPLIST_SECTION_IN_BINARY\=NO
    export CURRENT_ARCH\=undefined_arch
    export CURRENT_VARIANT\=normal
    export DEAD_CODE_STRIPPING\=YES
    export DEBUGGING_SYMBOLS\=YES
    export DEBUG_INFORMATION_FORMAT\=dwarf
    export DEBUG_INFORMATION_VERSION\=compiler-default
    export DEFAULT_COMPILER\=com.apple.compilers.llvm.clang.1_0
    export DEFAULT_DEXT_INSTALL_PATH\=/System/Library/DriverExtensions
    export DEFAULT_KEXT_INSTALL_PATH\=/System/Library/Extensions
    export DEFINES_MODULE\=NO
    export DEPLOYMENT_LOCATION\=NO
    export DEPLOYMENT_POSTPROCESSING\=NO
    export DEPLOYMENT_TARGET_SETTING_NAME\=IPHONEOS_DEPLOYMENT_TARGET
    export DEPLOYMENT_TARGET_SUGGESTED_VALUES\=12.0\ 12.1\ 12.2\ 12.3\ 12.4\ 13.0\ 13.1\ 13.2\ 13.3\ 13.4\ 13.5\ 13.6\ 14.0\ 14.1\ 14.2\ 14.3\ 14.4\ 14.5\ 14.6\ 14.7\ 15.0\ 15.1\ 15.2\ 15.3\ 15.4\ 15.5\ 15.6\ 16.0\ 16.1\ 16.2\ 16.3\ 16.4\ 16.5\ 16.6\ 17.0\ 17.1\ 17.2\ 17.3\ 17.4\ 17.5\ 17.6\ 18.0\ 18.1\ 18.2\ 18.3\ 18.4\ 18.5
    export DERIVED_FILES_DIR\=/Users/vivek/Library/Developer/Xcode/DerivedData/FinSafarMobile-crxdngiqgpzuzzgywsfulnakvumi/Build/Intermediates.noindex/Pods.build/Debug-iphonesimulator/React-RCTFBReactNativeSpec.build/DerivedSources
    export DERIVED_FILE_DIR\=/Users/vivek/Library/Developer/Xcode/DerivedData/FinSafarMobile-crxdngiqgpzuzzgywsfulnakvumi/Build/Intermediates.noindex/Pods.build/Debug-iphonesimulator/React-RCTFBReactNativeSpec.build/DerivedSources
    export DERIVED_SOURCES_DIR\=/Users/vivek/Library/Developer/Xcode/DerivedData/FinSafarMobile-crxdngiqgpzuzzgywsfulnakvumi/Build/Intermediates.noindex/Pods.build/Debug-iphonesimulator/React-RCTFBReactNativeSpec.build/DerivedSources
    export DEVELOPER_APPLICATIONS_DIR\=/Applications/Xcode.app/Contents/Developer/Applications
    export DEVELOPER_BIN_DIR\=/Applications/Xcode.app/Contents/Developer/usr/bin
    export DEVELOPER_DIR\=/Applications/Xcode.app/Contents/Developer
    export DEVELOPER_FRAMEWORKS_DIR\=/Applications/Xcode.app/Contents/Developer/Library/Frameworks
    export DEVELOPER_FRAMEWORKS_DIR_QUOTED\=/Applications/Xcode.app/Contents/Developer/Library/Frameworks
    export DEVELOPER_LIBRARY_DIR\=/Applications/Xcode.app/Contents/Developer/Library
    export DEVELOPER_SDK_DIR\=/Applications/Xcode.app/Contents/Developer/Platforms/MacOSX.platform/Developer/SDKs
    export DEVELOPER_TOOLS_DIR\=/Applications/Xcode.app/Contents/Developer/Tools
    export DEVELOPER_USR_DIR\=/Applications/Xcode.app/Contents/Developer/usr
    export DEVELOPMENT_LANGUAGE\=en
    export DIAGNOSE_MISSING_TARGET_DEPENDENCIES\=YES
    export DIFF\=/usr/bin/diff
    export DONT_GENERATE_INFOPLIST_FILE\=NO
    export DSTROOT\=/tmp/Pods.dst
    export DT_TOOLCHAIN_DIR\=/Applications/Xcode.app/Contents/Developer/Toolchains/XcodeDefault.xctoolchain
    export DWARF_DSYM_FILE_NAME\=.dSYM
    export DWARF_DSYM_FILE_SHOULD_ACCOMPANY_PRODUCT\=NO
    export DWARF_DSYM_FOLDER_PATH\=/Users/vivek/Library/Developer/Xcode/DerivedData/FinSafarMobile-crxdngiqgpzuzzgywsfulnakvumi/Build/Products/Debug-iphonesimulator/React-RCTFBReactNativeSpec
    export DYNAMIC_LIBRARY_EXTENSION\=dylib
    export EAGER_COMPILATION_ALLOW_SCRIPTS\=NO
    export EAGER_LINKING\=NO
    export EFFECTIVE_PLATFORM_NAME\=-iphonesimulator
    export EMBEDDED_CONTENT_CONTAINS_SWIFT\=NO
    export EMBED_ASSET_PACKS_IN_PRODUCT_BUNDLE\=NO
    export ENABLE_APP_SANDBOX\=NO
    export ENABLE_BITCODE\=NO
    export ENABLE_CODE_COVERAGE\=YES
    export ENABLE_DEFAULT_HEADER_SEARCH_PATHS\=YES
    export ENABLE_DEFAULT_SEARCH_PATHS\=YES
    export ENABLE_HARDENED_RUNTIME\=NO
    export ENABLE_HEADER_DEPENDENCIES\=YES
    export ENABLE_INCOMING_NETWORK_CONNECTIONS\=NO
    export ENABLE_ON_DEMAND_RESOURCES\=NO
    export ENABLE_OUTGOING_NETWORK_CONNECTIONS\=NO
    export ENABLE_PREVIEWS\=NO
    export ENABLE_RESOURCE_ACCESS_AUDIO_INPUT\=NO
    export ENABLE_RESOURCE_ACCESS_BLUETOOTH\=NO
    export ENABLE_RESOURCE_ACCESS_CALENDARS\=NO
    export ENABLE_RESOURCE_ACCESS_CAMERA\=NO
    export ENABLE_RESOURCE_ACCESS_CONTACTS\=NO
    export ENABLE_RESOURCE_ACCESS_LOCATION\=NO
    export ENABLE_RESOURCE_ACCESS_PRINTING\=NO
    export ENABLE_RESOURCE_ACCESS_USB\=NO
    export ENABLE_SDK_IMPORTS\=NO
    export ENABLE_STRICT_OBJC_MSGSEND\=YES
    export ENABLE_TESTABILITY\=YES
    export ENABLE_TESTING_SEARCH_PATHS\=NO
    export ENABLE_USER_SCRIPT_SANDBOXING\=NO
    export ENABLE_XOJIT_PREVIEWS\=YES
    export ENFORCE_VALID_ARCHS\=YES
    export ENTITLEMENTS_DESTINATION\=__entitlements
    export ENTITLEMENTS_REQUIRED\=YES
    export EXCLUDED_INSTALLSRC_SUBDIRECTORY_PATTERNS\=.DS_Store\ .svn\ .git\ .hg\ CVS
    export EXCLUDED_RECURSIVE_SEARCH_PATH_SUBDIRECTORIES\=\*.nib\ \*.lproj\ \*.framework\ \*.gch\ \*.xcode\*\ \*.xcassets\ \(\*\)\ .DS_Store\ CVS\ .svn\ .git\ .hg\ \*.pbproj\ \*.pbxproj
    export FILE_LIST\=/Users/vivek/Library/Developer/Xcode/DerivedData/FinSafarMobile-crxdngiqgpzuzzgywsfulnakvumi/Build/Intermediates.noindex/Pods.build/Debug-iphonesimulator/React-RCTFBReactNativeSpec.build/Objects/LinkFileList
    export FIXED_FILES_DIR\=/Users/vivek/Library/Developer/Xcode/DerivedData/FinSafarMobile-crxdngiqgpzuzzgywsfulnakvumi/Build/Intermediates.noindex/Pods.build/Debug-iphonesimulator/React-RCTFBReactNativeSpec.build/FixedFiles
    export FRAMEWORK_SEARCH_PATHS\=\ \"/Users/vivek/Documents/projects/fin-safar/mobile_app/ios/Pods/React-Core-prebuilt\"\ \"/Users/vivek/Documents/projects/fin-safar/mobile_app/ios/Pods/ReactNativeDependencies/framework/packages/react-native\"\ \"/Users/vivek/Documents/projects/fin-safar/mobile_app/ios/Pods/hermes-engine/destroot/Library/Frameworks/universal\"\ \"/Users/vivek/Library/Developer/Xcode/DerivedData/FinSafarMobile-crxdngiqgpzuzzgywsfulnakvumi/Build/Products/Debug-iphonesimulator/XCFrameworkIntermediates/React-Core-prebuilt\"\ \"/Users/vivek/Library/Developer/Xcode/DerivedData/FinSafarMobile-crxdngiqgpzuzzgywsfulnakvumi/Build/Products/Debug-iphonesimulator/XCFrameworkIntermediates/ReactNativeDependencies\"\ \"/Users/vivek/Library/Developer/Xcode/DerivedData/FinSafarMobile-crxdngiqgpzuzzgywsfulnakvumi/Build/Products/Debug-iphonesimulator/XCFrameworkIntermediates/hermes-engine/Pre-built\"
    export FRAMEWORK_VERSION\=A
    export FUSE_BUILD_PHASES\=YES
    export FUSE_BUILD_SCRIPT_PHASES\=NO
    export GCC3_VERSION\=3.3
    export GCC_C_LANGUAGE_STANDARD\=gnu11
    export GCC_DYNAMIC_NO_PIC\=NO
    export GCC_NO_COMMON_BLOCKS\=YES
    export GCC_OBJC_LEGACY_DISPATCH\=YES
    export GCC_OPTIMIZATION_LEVEL\=0
    export GCC_PFE_FILE_C_DIALECTS\=c\ objective-c\ c++\ objective-c++
    export GCC_PREPROCESSOR_DEFINITIONS\=POD_CONFIGURATION_DEBUG\=1\ DEBUG\=1\ \ COCOAPODS\=1
    export GCC_TREAT_WARNINGS_AS_ERRORS\=NO
    export GCC_VERSION\=com.apple.compilers.llvm.clang.1_0
    export GCC_VERSION_IDENTIFIER\=com_apple_compilers_llvm_clang_1_0
    export GCC_WARN_64_TO_32_BIT_CONVERSION\=YES
    export GCC_WARN_ABOUT_RETURN_TYPE\=YES_ERROR
    export GCC_WARN_UNDECLARED_SELECTOR\=YES
    export GCC_WARN_UNINITIALIZED_AUTOS\=YES_AGGRESSIVE
    export GCC_WARN_UNUSED_FUNCTION\=YES
    export GCC_WARN_UNUSED_VARIABLE\=YES
    export GENERATED_MODULEMAP_DIR\=/Users/vivek/Library/Developer/Xcode/DerivedData/FinSafarMobile-crxdngiqgpzuzzgywsfulnakvumi/Build/Intermediates.noindex/GeneratedModuleMaps-iphonesimulator
    export GENERATE_INFOPLIST_FILE\=NO
    export GENERATE_INTERMEDIATE_TEXT_BASED_STUBS\=YES
    export GENERATE_MASTER_OBJECT_FILE\=NO
    export GENERATE_PKGINFO_FILE\=NO
    export GENERATE_PROFILING_CODE\=NO
    export GENERATE_TEXT_BASED_STUBS\=NO
    export GID\=20
    export GROUP\=staff
    export HEADERMAP_INCLUDES_FLAT_ENTRIES_FOR_TARGET_BEING_BUILT\=YES
    export HEADERMAP_INCLUDES_FRAMEWORK_ENTRIES_FOR_ALL_PRODUCT_TYPES\=YES
    export HEADERMAP_INCLUDES_FRAMEWORK_ENTRIES_FOR_TARGETS_NOT_BEING_BUILT\=YES
    export HEADERMAP_INCLUDES_NONPUBLIC_NONPRIVATE_HEADERS\=YES
    export HEADERMAP_INCLUDES_PROJECT_HEADERS\=YES
    export HEADERMAP_USES_FRAMEWORK_PREFIX_ENTRIES\=YES
    export HEADERMAP_USES_VFS\=NO
    export HEADER_SEARCH_PATHS\=\ /Users/vivek/Documents/projects/fin-safar/mobile_app/ios/Pods/ReactCommon\ /Users/vivek/Documents/projects/fin-safar/mobile_app/ios/Pods/ReactCommon/react/nativemodule/core\ /Users/vivek/Documents/projects/fin-safar/mobile_app/ios/Pods/React-runtimeexecutor\ /Users/vivek/Documents/projects/fin-safar/mobile_app/ios/Pods/React-runtimeexecutor/platform/ios\ /Users/vivek/Documents/projects/fin-safar/mobile_app/ios/Pods/ReactCommon-Samples\ /Users/vivek/Documents/projects/fin-safar/mobile_app/ios/Pods/ReactCommon-Samples/platform/ios\ /Users/vivek/Documents/projects/fin-safar/mobile_app/ios/Pods/React-Fabric/react/renderer/components/view/platform/cxx\ /Users/vivek/Documents/projects/fin-safar/mobile_app/ios/Pods/React-NativeModulesApple\ /Users/vivek/Documents/projects/fin-safar/mobile_app/ios/Pods/React-graphics\ /Users/vivek/Documents/projects/fin-safar/mobile_app/ios/Pods/React-graphics/react/renderer/graphics/platform/ios\ \"/Users/vivek/Documents/projects/fin-safar/mobile_app/ios/Pods/Headers/Private\"\ \"/Users/vivek/Documents/projects/fin-safar/mobile_app/ios/Pods/Headers/Private/React-RCTFBReactNativeSpec\"\ \"/Users/vivek/Documents/projects/fin-safar/mobile_app/ios/Pods/Headers/Public\"\ \"/Users/vivek/Documents/projects/fin-safar/mobile_app/ios/Pods/Headers/Public/FBLazyVector\"\ \"/Users/vivek/Documents/projects/fin-safar/mobile_app/ios/Pods/Headers/Public/RCTRequired\"\ \"/Users/vivek/Documents/projects/fin-safar/mobile_app/ios/Pods/Headers/Public/RCTTypeSafety\"\ \"/Users/vivek/Documents/projects/fin-safar/mobile_app/ios/Pods/Headers/Public/React-Core\"\ \"/Users/vivek/Documents/projects/fin-safar/mobile_app/ios/Pods/Headers/Public/React-Core-prebuilt\"\ \"/Users/vivek/Documents/projects/fin-safar/mobile_app/ios/Pods/Headers/Public/React-Fabric\"\ \"/Users/vivek/Documents/projects/fin-safar/mobile_app/ios/Pods/Headers/Public/React-NativeModulesApple\"\ \"/Users/vivek/Documents/projects/fin-safar/mobile_app/ios/Pods/Headers/Public/React-RCTFBReactNativeSpec\"\ \"/Users/vivek/Documents/projects/fin-safar/mobile_app/ios/Pods/Headers/Public/React-callinvoker\"\ \"/Users/vivek/Documents/projects/fin-safar/mobile_app/ios/Pods/Headers/Public/React-cxxreact\"\ \"/Users/vivek/Documents/projects/fin-safar/mobile_app/ios/Pods/Headers/Public/React-debug\"\ \"/Users/vivek/Documents/projects/fin-safar/mobile_app/ios/Pods/Headers/Public/React-featureflags\"\ \"/Users/vivek/Documents/projects/fin-safar/mobile_app/ios/Pods/Headers/Public/React-graphics\"\ \"/Users/vivek/Documents/projects/fin-safar/mobile_app/ios/Pods/Headers/Public/React-hermes\"\ \"/Users/vivek/Documents/projects/fin-safar/mobile_app/ios/Pods/Headers/Public/React-jserrorhandler\"\ \"/Users/vivek/Documents/projects/fin-safar/mobile_app/ios/Pods/Headers/Public/React-jsi\"\ \"/Users/vivek/Documents/projects/fin-safar/mobile_app/ios/Pods/Headers/Public/React-jsiexecutor\"\ \"/Users/vivek/Documents/projects/fin-safar/mobile_app/ios/Pods/Headers/Public/React-jsinspector\"\ \"/Users/vivek/Documents/projects/fin-safar/mobile_app/ios/Pods/Headers/Public/React-jsinspectorcdp\"\ \"/Users/vivek/Documents/projects/fin-safar/mobile_app/ios/Pods/Headers/Public/React-jsinspectornetwork\"\ \"/Users/vivek/Documents/projects/fin-safar/mobile_app/ios/Pods/Headers/Public/React-jsinspectortracing\"\ \"/Users/vivek/Documents/projects/fin-safar/mobile_app/ios/Pods/Headers/Public/React-jsitooling\"\ \"/Users/vivek/Documents/projects/fin-safar/mobile_app/ios/Pods/Headers/Public/React-logger\"\ \"/Users/vivek/Documents/projects/fin-safar/mobile_app/ios/Pods/Headers/Public/React-oscompat\"\ \"/Users/vivek/Documents/projects/fin-safar/mobile_app/ios/Pods/Headers/Public/React-perflogger\"\ \"/Users/vivek/Documents/projects/fin-safar/mobile_app/ios/Pods/Headers/Public/React-performancecdpmetrics\"\ \"/Users/vivek/Documents/projects/fin-safar/mobile_app/ios/Pods/Headers/Public/React-performancetimeline\"\ \"/Users/vivek/Documents/projects/fin-safar/mobile_app/ios/Pods/Headers/Public/React-rendererconsistency\"\ \"/Users/vivek/Documents/projects/fin-safar/mobile_app/ios/Pods/Headers/Public/React-renderercss\"\ \"/Users/vivek/Documents/projects/fin-safar/mobile_app/ios/Pods/Headers/Public/React-rendererdebug\"\ \"/Users/vivek/Documents/projects/fin-safar/mobile_app/ios/Pods/Headers/Public/React-runtimeexecutor\"\ \"/Users/vivek/Documents/projects/fin-safar/mobile_app/ios/Pods/Headers/Public/React-runtimescheduler\"\ \"/Users/vivek/Documents/projects/fin-safar/mobile_app/ios/Pods/Headers/Public/React-timing\"\ \"/Users/vivek/Documents/projects/fin-safar/mobile_app/ios/Pods/Headers/Public/React-utils\"\ \"/Users/vivek/Documents/projects/fin-safar/mobile_app/ios/Pods/Headers/Public/ReactCommon\"\ \"/Users/vivek/Documents/projects/fin-safar/mobile_app/ios/Pods/Headers/Public/ReactNativeDependencies\"\ \"/Users/vivek/Documents/projects/fin-safar/mobile_app/ios/Pods/Headers/Public/Yoga\"\ \"/Users/vivek/Documents/projects/fin-safar/mobile_app/ios/Pods/Headers/Public/hermes-engine\"\ \"/Users/vivek/Documents/projects/fin-safar/mobile_app/ios/Pods/../../node_modules/react-native/React/FBReactNativeSpec\"\ \"/Users/vivek/Documents/projects/fin-safar/mobile_app/ios/Pods/Headers/Private/Yoga\"\ \"/Users/vivek/Documents/projects/fin-safar/mobile_app/ios/Pods/ReactCommon\"\ \"/Users/vivek/Documents/projects/fin-safar/mobile_app/ios/Pods/ReactCommon/react/nativemodule/core\"\ \"/Users/vivek/Documents/projects/fin-safar/mobile_app/ios/Pods/ReactCommon\"\ \"/Users/vivek/Documents/projects/fin-safar/mobile_app/ios/Pods/ReactCommon/react/nativemodule/bridging\"\ \"/Users/vivek/Documents/projects/fin-safar/mobile_app/ios/Pods/../../node_modules/react-native/React/FBReactNativeSpec\"\ \"/Users/vivek/Documents/projects/fin-safar/mobile_app/ios/Pods/Headers/Private/Yoga\"\ \"/Users/vivek/Documents/projects/fin-safar/mobile_app/ios/Pods/ReactCommon\"\ \"/Users/vivek/Documents/projects/fin-safar/mobile_app/ios/Pods/ReactCommon/react/nativemodule/core\"\ \"/Users/vivek/Documents/projects/fin-safar/mobile_app/ios/Pods/ReactCommon\"\ \"/Users/vivek/Documents/projects/fin-safar/mobile_app/ios/Pods/ReactCommon/react/nativemodule/bridging\"\ \"/Users/vivek/Documents/projects/fin-safar/mobile_app/ios/Pods/React-featureflags\"\ \"/Users/vivek/Documents/projects/fin-safar/mobile_app/ios/Pods/React-debug\"\ \"/Users/vivek/Documents/projects/fin-safar/mobile_app/ios/Pods/React-rendererdebug\"\ \"/Users/vivek/Documents/projects/fin-safar/mobile_app/ios/Pods/React-utils\"\ \"/Users/vivek/Documents/projects/fin-safar/mobile_app/ios/Pods/React-graphics\"\ \"/Users/vivek/Documents/projects/fin-safar/mobile_app/ios/Pods/React-graphics/react/renderer/graphics/platform/ios\"\ \"/Users/vivek/Documents/projects/fin-safar/mobile_app/ios/Pods/React-Fabric\"\ \"/Users/vivek/Documents/projects/fin-safar/mobile_app/ios/Pods/React-Fabric/react/renderer/components/view/platform/cxx\"\ \"/Users/vivek/Documents/projects/fin-safar/mobile_app/ios/Pods/ReactCommon\"\ \"/Users/vivek/Documents/projects/fin-safar/mobile_app/ios/Pods/ReactCommon/react/nativemodule/core\"\ \"/Users/vivek/Documents/projects/fin-safar/mobile_app/ios/Pods/React-runtimeexecutor\"\ \"/Users/vivek/Documents/projects/fin-safar/mobile_app/ios/Pods/React-runtimeexecutor/platform/ios\"
    export HIDE_BITCODE_SYMBOLS\=YES
    export HOME\=/Users/vivek
    export HOST_ARCH\=x86_64
    export HOST_PLATFORM\=macosx
    export ICONV\=/usr/bin/iconv
    export IMPLICIT_DEPENDENCY_DOMAIN\=default
    export INFOPLIST_ENABLE_CFBUNDLEICONS_MERGE\=YES
    export INFOPLIST_EXPAND_BUILD_SETTINGS\=YES
    export INFOPLIST_OUTPUT_FORMAT\=binary
    export INFOPLIST_PREPROCESS\=NO
    export INLINE_PRIVATE_FRAMEWORKS\=NO
    export INSTALLAPI_IGNORE_SKIP_INSTALL\=YES
    export INSTALLHDRS_COPY_PHASE\=NO
    export INSTALLHDRS_SCRIPT_PHASE\=NO
    export INSTALL_DIR\=/tmp/Pods.dst
    export INSTALL_GROUP\=staff
    export INSTALL_MODE_FLAG\=u+w,go-w,a+rX
    export INSTALL_OWNER\=vivek
    export INSTALL_ROOT\=/tmp/Pods.dst
    export IPHONEOS_DEPLOYMENT_TARGET\=15.1
    export IS_UNOPTIMIZED_BUILD\=YES
    export JAVAC_DEFAULT_FLAGS\=-J-Xms64m\ -J-XX:NewSize\=4M\ -J-Dfile.encoding\=UTF8
    export JAVA_APP_STUB\=/System/Library/Frameworks/JavaVM.framework/Resources/MacOS/JavaApplicationStub
    export JAVA_ARCHIVE_CLASSES\=YES
    export JAVA_ARCHIVE_TYPE\=JAR
    export JAVA_COMPILER\=/usr/bin/javac
    export JAVA_FRAMEWORK_RESOURCES_DIRS\=Resources
    export JAVA_JAR_FLAGS\=cv
    export JAVA_SOURCE_SUBDIR\=.
    export JAVA_USE_DEPENDENCIES\=YES
    export JAVA_ZIP_FLAGS\=-urg
    export JIKES_DEFAULT_FLAGS\=+E\ +OLDCSO
    export KEEP_PRIVATE_EXTERNS\=NO
    export LD_DEPENDENCY_INFO_FILE\=/Users/vivek/Library/Developer/Xcode/DerivedData/FinSafarMobile-crxdngiqgpzuzzgywsfulnakvumi/Build/Intermediates.noindex/Pods.build/Debug-iphonesimulator/React-RCTFBReactNativeSpec.build/Objects-normal/undefined_arch/React-RCTFBReactNativeSpec_dependency_info.dat
    export LD_EXPORT_SYMBOLS\=YES
    export LD_GENERATE_MAP_FILE\=NO
    export LD_MAP_FILE_PATH\=/Users/vivek/Library/Developer/Xcode/DerivedData/FinSafarMobile-crxdngiqgpzuzzgywsfulnakvumi/Build/Intermediates.noindex/Pods.build/Debug-iphonesimulator/React-RCTFBReactNativeSpec.build/React-RCTFBReactNativeSpec-LinkMap-normal-undefined_arch.txt
    export LD_NO_PIE\=NO
    export LD_QUOTE_LINKER_ARGUMENTS_FOR_COMPILER_DRIVER\=YES
    export LD_RUNPATH_SEARCH_PATHS\=\ @executable_path/Frameworks
    export LD_SHARED_CACHE_ELIGIBLE\=Automatic
    export LD_WARN_DUPLICATE_LIBRARIES\=NO
    export LD_WARN_UNUSED_DYLIBS\=NO
    export LEGACY_DEVELOPER_DIR\=/Applications/Xcode.app/Contents/PlugIns/Xcode3Core.ideplugin/Contents/SharedSupport/Developer
    export LEX\=lex
    export LIBRARY_DEXT_INSTALL_PATH\=/Library/DriverExtensions
    export LIBRARY_FLAG_NOSPACE\=YES
    export LIBRARY_KEXT_INSTALL_PATH\=/Library/Extensions
    export LINKER_DISPLAYS_MANGLED_NAMES\=NO
    export LINK_FILE_LIST_normal_x86_64\=/Users/vivek/Library/Developer/Xcode/DerivedData/FinSafarMobile-crxdngiqgpzuzzgywsfulnakvumi/Build/Intermediates.noindex/Pods.build/Debug-iphonesimulator/React-RCTFBReactNativeSpec.build/Objects-normal/x86_64/React-RCTFBReactNativeSpec.LinkFileList
    export LINK_OBJC_RUNTIME\=YES
    export LINK_WITH_STANDARD_LIBRARIES\=YES
    export LLVM_TARGET_TRIPLE_OS_VERSION\=ios15.1
    export LLVM_TARGET_TRIPLE_SUFFIX\=-simulator
    export LLVM_TARGET_TRIPLE_VENDOR\=apple
    export LM_AUX_CONST_METADATA_LIST_PATH_normal_x86_64\=/Users/vivek/Library/Developer/Xcode/DerivedData/FinSafarMobile-crxdngiqgpzuzzgywsfulnakvumi/Build/Intermediates.noindex/Pods.build/Debug-iphonesimulator/React-RCTFBReactNativeSpec.build/Objects-normal/x86_64/React-RCTFBReactNativeSpec.SwiftConstValuesFileList
    export LOCALIZATION_EXPORT_SUPPORTED\=YES
    export LOCALIZATION_PREFERS_STRING_CATALOGS\=NO
    export LOCALIZED_STRING_MACRO_NAMES\=NSLocalizedString\ CFCopyLocalizedString
    export LOCALIZED_STRING_SWIFTUI_SUPPORT\=YES
    export LOCAL_ADMIN_APPS_DIR\=/Applications/Utilities
    export LOCAL_APPS_DIR\=/Applications
    export LOCAL_DEVELOPER_DIR\=/Library/Developer
    export LOCAL_LIBRARY_DIR\=/Library
    export LOCROOT\=/Users/vivek/Documents/projects/fin-safar/mobile_app/ios/Pods
    export LOCSYMROOT\=/Users/vivek/Documents/projects/fin-safar/mobile_app/ios/Pods
    export MAC_OS_X_PRODUCT_BUILD_VERSION\=24G517
    export MAC_OS_X_VERSION_ACTUAL\=150704
    export MAC_OS_X_VERSION_MAJOR\=150000
    export MAC_OS_X_VERSION_MINOR\=150700
    export MAKE_MERGEABLE\=NO
    export MERGEABLE_LIBRARY\=NO
    export MERGED_BINARY_TYPE\=none
    export MERGE_LINKED_LIBRARIES\=NO
    export METAL_LIBRARY_FILE_BASE\=default
    export METAL_LIBRARY_OUTPUT_DIR\=/Users/vivek/Library/Developer/Xcode/DerivedData/FinSafarMobile-crxdngiqgpzuzzgywsfulnakvumi/Build/Products/Debug-iphonesimulator/React-RCTFBReactNativeSpec/
    export MODULE_CACHE_DIR\=/Users/vivek/Library/Developer/Xcode/DerivedData/ModuleCache.noindex
    export MTL_ENABLE_DEBUG_INFO\=INCLUDE_SOURCE
    export MTL_FAST_MATH\=YES
    export NATIVE_ARCH\=x86_64
    export NATIVE_ARCH_32_BIT\=i386
    export NATIVE_ARCH_64_BIT\=x86_64
    export NATIVE_ARCH_ACTUAL\=x86_64
    export NO_COMMON\=YES
    export OBJC_ABI_VERSION\=2
    export OBJECT_FILE_DIR\=/Users/vivek/Library/Developer/Xcode/DerivedData/FinSafarMobile-crxdngiqgpzuzzgywsfulnakvumi/Build/Intermediates.noindex/Pods.build/Debug-iphonesimulator/React-RCTFBReactNativeSpec.build/Objects
    export OBJECT_FILE_DIR_normal\=/Users/vivek/Library/Developer/Xcode/DerivedData/FinSafarMobile-crxdngiqgpzuzzgywsfulnakvumi/Build/Intermediates.noindex/Pods.build/Debug-iphonesimulator/React-RCTFBReactNativeSpec.build/Objects-normal
    export OBJROOT\=/Users/vivek/Library/Developer/Xcode/DerivedData/FinSafarMobile-crxdngiqgpzuzzgywsfulnakvumi/Build/Intermediates.noindex
    export ONLY_ACTIVE_ARCH\=YES
    export OS\=MACOS
    export OSAC\=/usr/bin/osacompile
    export OTHER_CFLAGS\=\ -DRCT_REMOVE_LEGACY_ARCH\=1
    export OTHER_CPLUSPLUSFLAGS\=\ -DRCT_REMOVE_LEGACY_ARCH\=1\ -DRCT_REMOVE_LEGACY_ARCH\=1
    export PASCAL_STRINGS\=YES
    export PATH\=/Applications/Xcode.app/Contents/SharedFrameworks/SwiftBuild.framework/Versions/A/PlugIns/SWBBuildService.bundle/Contents/PlugIns/SWBUniversalPlatformPlugin.bundle/Contents/Frameworks/SWBUniversalPlatform.framework/Resources:/Applications/Xcode.app/Contents/Developer/Toolchains/XcodeDefault.xctoolchain/usr/bin:/Applications/Xcode.app/Contents/Developer/Toolchains/XcodeDefault.xctoolchain/usr/local/bin:/Applications/Xcode.app/Contents/Developer/Toolchains/XcodeDefault.xctoolchain/usr/libexec:/Applications/Xcode.app/Contents/Developer/Platforms/iPhoneSimulator.platform/usr/bin:/Applications/Xcode.app/Contents/Developer/Platforms/iPhoneSimulator.platform/usr/local/bin:/Applications/Xcode.app/Contents/Developer/Platforms/iPhoneSimulator.platform/Developer/usr/bin:/Applications/Xcode.app/Contents/Developer/Platforms/iPhoneSimulator.platform/Developer/usr/local/bin:/Applications/Xcode.app/Contents/Developer/usr/bin:/Applications/Xcode.app/Contents/Developer/usr/local/bin:/Users/vivek/.nvm/versions/node/v20.19.0/bin:/Library/Frameworks/Python.framework/Versions/3.12/bin:/usr/local/bin:/System/Cryptexes/App/usr/bin:/usr/bin:/bin:/usr/sbin:/sbin:/var/run/com.apple.security.cryptexd/codex.system/bootstrap/usr/local/bin:/var/run/com.apple.security.cryptexd/codex.system/bootstrap/usr/bin:/var/run/com.apple.security.cryptexd/codex.system/bootstrap/usr/appleinternal/bin:/Library/Apple/usr/bin:/usr/local/share/dotnet
    export PATH_PREFIXES_EXCLUDED_FROM_HEADER_DEPENDENCIES\=/usr/include\ /usr/local/include\ /System/Library/Frameworks\ /System/Library/PrivateFrameworks\ /Applications/Xcode.app/Contents/Developer/Headers\ /Applications/Xcode.app/Contents/Developer/SDKs\ /Applications/Xcode.app/Contents/Developer/Platforms
    export PER_ARCH_MODULE_FILE_DIR\=/Users/vivek/Library/Developer/Xcode/DerivedData/FinSafarMobile-crxdngiqgpzuzzgywsfulnakvumi/Build/Intermediates.noindex/Pods.build/Debug-iphonesimulator/React-RCTFBReactNativeSpec.build/Objects-normal/undefined_arch
    export PER_ARCH_OBJECT_FILE_DIR\=/Users/vivek/Library/Developer/Xcode/DerivedData/FinSafarMobile-crxdngiqgpzuzzgywsfulnakvumi/Build/Intermediates.noindex/Pods.build/Debug-iphonesimulator/React-RCTFBReactNativeSpec.build/Objects-normal/undefined_arch
    export PER_VARIANT_OBJECT_FILE_DIR\=/Users/vivek/Library/Developer/Xcode/DerivedData/FinSafarMobile-crxdngiqgpzuzzgywsfulnakvumi/Build/Intermediates.noindex/Pods.build/Debug-iphonesimulator/React-RCTFBReactNativeSpec.build/Objects-normal
    export PKGINFO_FILE_PATH\=/Users/vivek/Library/Developer/Xcode/DerivedData/FinSafarMobile-crxdngiqgpzuzzgywsfulnakvumi/Build/Intermediates.noindex/Pods.build/Debug-iphonesimulator/React-RCTFBReactNativeSpec.build/PkgInfo
    export PLATFORM_DEVELOPER_APPLICATIONS_DIR\=/Applications/Xcode.app/Contents/Developer/Platforms/iPhoneSimulator.platform/Developer/Applications
    export PLATFORM_DEVELOPER_BIN_DIR\=/Applications/Xcode.app/Contents/Developer/Platforms/iPhoneSimulator.platform/Developer/usr/bin
    export PLATFORM_DEVELOPER_LIBRARY_DIR\=/Applications/Xcode.app/Contents/Developer/Platforms/iPhoneSimulator.platform/Developer/Library
    export PLATFORM_DEVELOPER_SDK_DIR\=/Applications/Xcode.app/Contents/Developer/Platforms/iPhoneSimulator.platform/Developer/SDKs
    export PLATFORM_DEVELOPER_TOOLS_DIR\=/Applications/Xcode.app/Contents/Developer/Platforms/iPhoneSimulator.platform/Developer/Tools
    export PLATFORM_DEVELOPER_USR_DIR\=/Applications/Xcode.app/Contents/Developer/Platforms/iPhoneSimulator.platform/Developer/usr
    export PLATFORM_DIR\=/Applications/Xcode.app/Contents/Developer/Platforms/iPhoneSimulator.platform
    export PLATFORM_DISPLAY_NAME\=iOS\ Simulator
    export PLATFORM_FAMILY_NAME\=iOS
    export PLATFORM_NAME\=iphonesimulator
    export PLATFORM_PREFERRED_ARCH\=x86_64
    export PLATFORM_PRODUCT_BUILD_VERSION\=22F76
    export PLATFORM_REQUIRES_SWIFT_AUTOLINK_EXTRACT\=NO
    export PLATFORM_REQUIRES_SWIFT_MODULEWRAP\=NO
    export PLIST_FILE_OUTPUT_FORMAT\=binary
    export PODS_BUILD_DIR\=/Users/vivek/Library/Developer/Xcode/DerivedData/FinSafarMobile-crxdngiqgpzuzzgywsfulnakvumi/Build/Products
    export PODS_CONFIGURATION_BUILD_DIR\=/Users/vivek/Library/Developer/Xcode/DerivedData/FinSafarMobile-crxdngiqgpzuzzgywsfulnakvumi/Build/Products/Debug-iphonesimulator
    export PODS_DEVELOPMENT_LANGUAGE\=en
    export PODS_ROOT\=/Users/vivek/Documents/projects/fin-safar/mobile_app/ios/Pods
    export PODS_TARGET_SRCROOT\=/Users/vivek/Documents/projects/fin-safar/mobile_app/ios/Pods/../../node_modules/react-native/React
    export PODS_XCFRAMEWORKS_BUILD_DIR\=/Users/vivek/Library/Developer/Xcode/DerivedData/FinSafarMobile-crxdngiqgpzuzzgywsfulnakvumi/Build/Products/Debug-iphonesimulator/XCFrameworkIntermediates
    export PRECOMPS_INCLUDE_HEADERS_FROM_BUILT_PRODUCTS_DIR\=YES
    export PRECOMP_DESTINATION_DIR\=/Users/vivek/Library/Developer/Xcode/DerivedData/FinSafarMobile-crxdngiqgpzuzzgywsfulnakvumi/Build/Intermediates.noindex/Pods.build/Debug-iphonesimulator/React-RCTFBReactNativeSpec.build/PrefixHeaders
    export PROCESSED_INFOPLIST_PATH\=/Users/vivek/Library/Developer/Xcode/DerivedData/FinSafarMobile-crxdngiqgpzuzzgywsfulnakvumi/Build/Intermediates.noindex/Pods.build/Debug-iphonesimulator/React-RCTFBReactNativeSpec.build/Objects-normal/undefined_arch/Processed-Info.plist
    export PRODUCT_BUNDLE_IDENTIFIER\=org.cocoapods.React-RCTFBReactNativeSpec
    export PRODUCT_MODULE_NAME\=React_RCTFBReactNativeSpec
    export PRODUCT_NAME\=React-RCTFBReactNativeSpec
    export PRODUCT_SETTINGS_PATH\=
    export PROFILING_CODE\=NO
    export PROJECT\=Pods
    export PROJECT_DERIVED_FILE_DIR\=/Users/vivek/Library/Developer/Xcode/DerivedData/FinSafarMobile-crxdngiqgpzuzzgywsfulnakvumi/Build/Intermediates.noindex/Pods.build/DerivedSources
    export PROJECT_DIR\=/Users/vivek/Documents/projects/fin-safar/mobile_app/ios/Pods
    export PROJECT_FILE_PATH\=/Users/vivek/Documents/projects/fin-safar/mobile_app/ios/Pods/Pods.xcodeproj
    export PROJECT_GUID\=8699adb1dd336b26511df848a716bd42
    export PROJECT_NAME\=Pods
    export PROJECT_TEMP_DIR\=/Users/vivek/Library/Developer/Xcode/DerivedData/FinSafarMobile-crxdngiqgpzuzzgywsfulnakvumi/Build/Intermediates.noindex/Pods.build
    export PROJECT_TEMP_ROOT\=/Users/vivek/Library/Developer/Xcode/DerivedData/FinSafarMobile-crxdngiqgpzuzzgywsfulnakvumi/Build/Intermediates.noindex
    export REACT_NATIVE_PATH\=/Users/vivek/Documents/projects/fin-safar/mobile_app/ios/Pods/../../node_modules/react-native
    export RECOMMENDED_IPHONEOS_DEPLOYMENT_TARGET\=15.0
    export RECURSIVE_SEARCH_PATHS_FOLLOW_SYMLINKS\=YES
    export REMOVE_CVS_FROM_RESOURCES\=YES
    export REMOVE_GIT_FROM_RESOURCES\=YES
    export REMOVE_HEADERS_FROM_EMBEDDED_BUNDLES\=YES
    export REMOVE_HG_FROM_RESOURCES\=YES
    export REMOVE_STATIC_EXECUTABLES_FROM_EMBEDDED_BUNDLES\=YES
    export REMOVE_SVN_FROM_RESOURCES\=YES
    export RESCHEDULE_INDEPENDENT_HEADERS_PHASES\=YES
    export REZ_COLLECTOR_DIR\=/Users/vivek/Library/Developer/Xcode/DerivedData/FinSafarMobile-crxdngiqgpzuzzgywsfulnakvumi/Build/Intermediates.noindex/Pods.build/Debug-iphonesimulator/React-RCTFBReactNativeSpec.build/ResourceManagerResources
    export REZ_OBJECTS_DIR\=/Users/vivek/Library/Developer/Xcode/DerivedData/FinSafarMobile-crxdngiqgpzuzzgywsfulnakvumi/Build/Intermediates.noindex/Pods.build/Debug-iphonesimulator/React-RCTFBReactNativeSpec.build/ResourceManagerResources/Objects
    export SCAN_ALL_SOURCE_FILES_FOR_INCLUDES\=NO
    export SCRIPT_INPUT_FILE_COUNT\=0
    export SCRIPT_INPUT_FILE_LIST_COUNT\=0
    export SCRIPT_OUTPUT_FILE_COUNT\=0
    export SCRIPT_OUTPUT_FILE_LIST_COUNT\=0
    export SDKROOT\=/Applications/Xcode.app/Contents/Developer/Platforms/iPhoneSimulator.platform/Developer/SDKs/iPhoneSimulator18.5.sdk
    export SDK_DIR\=/Applications/Xcode.app/Contents/Developer/Platforms/iPhoneSimulator.platform/Developer/SDKs/iPhoneSimulator18.5.sdk
    export SDK_DIR_iphonesimulator\=/Applications/Xcode.app/Contents/Developer/Platforms/iPhoneSimulator.platform/Developer/SDKs/iPhoneSimulator18.5.sdk
    export SDK_DIR_iphonesimulator18_5\=/Applications/Xcode.app/Contents/Developer/Platforms/iPhoneSimulator.platform/Developer/SDKs/iPhoneSimulator18.5.sdk
    export SDK_NAME\=iphonesimulator18.5
    export SDK_NAMES\=iphonesimulator18.5
    export SDK_PRODUCT_BUILD_VERSION\=22F76
    export SDK_STAT_CACHE_DIR\=/Users/vivek/Library/Developer/Xcode/DerivedData
    export SDK_STAT_CACHE_ENABLE\=YES
    export SDK_STAT_CACHE_PATH\=/Users/vivek/Library/Developer/Xcode/DerivedData/SDKStatCaches.noindex/iphonesimulator18.5-22F76-d5fc8ad4295d2ef488fb7d0f804ce0c4.sdkstatcache
    export SDK_VERSION\=18.5
    export SDK_VERSION_ACTUAL\=180500
    export SDK_VERSION_MAJOR\=180000
    export SDK_VERSION_MINOR\=180500
    export SED\=/usr/bin/sed
    export SEPARATE_STRIP\=NO
    export SEPARATE_SYMBOL_EDIT\=NO
    export SET_DIR_MODE_OWNER_GROUP\=YES
    export SET_FILE_MODE_OWNER_GROUP\=NO
    export SHALLOW_BUNDLE\=NO
    export SHARED_DERIVED_FILE_DIR\=/Users/vivek/Library/Developer/Xcode/DerivedData/FinSafarMobile-crxdngiqgpzuzzgywsfulnakvumi/Build/Products/Debug-iphonesimulator/React-RCTFBReactNativeSpec/DerivedSources
    export SHARED_PRECOMPS_DIR\=/Users/vivek/Library/Developer/Xcode/DerivedData/FinSafarMobile-crxdngiqgpzuzzgywsfulnakvumi/Build/Intermediates.noindex/PrecompiledHeaders
    export SKIP_INSTALL\=YES
    export SOURCE_ROOT\=/Users/vivek/Documents/projects/fin-safar/mobile_app/ios/Pods
    export SRCROOT\=/Users/vivek/Documents/projects/fin-safar/mobile_app/ios/Pods
    export STRINGSDATA_DIR\=/Users/vivek/Library/Developer/Xcode/DerivedData/FinSafarMobile-crxdngiqgpzuzzgywsfulnakvumi/Build/Intermediates.noindex/Pods.build/Debug-iphonesimulator/React-RCTFBReactNativeSpec.build/Objects-normal/undefined_arch
    export STRINGSDATA_ROOT\=/Users/vivek/Library/Developer/Xcode/DerivedData/FinSafarMobile-crxdngiqgpzuzzgywsfulnakvumi/Build/Intermediates.noindex/Pods.build/Debug-iphonesimulator/React-RCTFBReactNativeSpec.build
    export STRINGS_FILE_INFOPLIST_RENAME\=YES
    export STRINGS_FILE_OUTPUT_ENCODING\=binary
    export STRIP_BITCODE_FROM_COPIED_FILES\=NO
    export STRIP_INSTALLED_PRODUCT\=NO
    export STRIP_STYLE\=all
    export STRIP_SWIFT_SYMBOLS\=YES
    export SUPPORTED_DEVICE_FAMILIES\=1,2
    export SUPPORTED_PLATFORMS\=iphoneos\ iphonesimulator
    export SUPPORTS_TEXT_BASED_API\=NO
    export SUPPRESS_WARNINGS\=NO
    export SWIFT_ACTIVE_COMPILATION_CONDITIONS\=\ DEBUG
    export SWIFT_EMIT_LOC_STRINGS\=NO
    export SWIFT_ENABLE_EXPLICIT_MODULES\=NO
    export SWIFT_OPTIMIZATION_LEVEL\=-Onone
    export SWIFT_PLATFORM_TARGET_PREFIX\=ios
    export SWIFT_RESPONSE_FILE_PATH_normal_x86_64\=/Users/vivek/Library/Developer/Xcode/DerivedData/FinSafarMobile-crxdngiqgpzuzzgywsfulnakvumi/Build/Intermediates.noindex/Pods.build/Debug-iphonesimulator/React-RCTFBReactNativeSpec.build/Objects-normal/x86_64/React-RCTFBReactNativeSpec.SwiftFileList
    export SWIFT_VERSION\=5.0
    export SYMROOT\=/Users/vivek/Library/Developer/Xcode/DerivedData/FinSafarMobile-crxdngiqgpzuzzgywsfulnakvumi/Build/Products
    export SYSTEM_ADMIN_APPS_DIR\=/Applications/Utilities
    export SYSTEM_APPS_DIR\=/Applications
    export SYSTEM_CORE_SERVICES_DIR\=/System/Library/CoreServices
    export SYSTEM_DEMOS_DIR\=/Applications/Extras
    export SYSTEM_DEVELOPER_APPS_DIR\=/Applications/Xcode.app/Contents/Developer/Applications
    export SYSTEM_DEVELOPER_BIN_DIR\=/Applications/Xcode.app/Contents/Developer/usr/bin
    export SYSTEM_DEVELOPER_DEMOS_DIR\=/Applications/Xcode.app/Contents/Developer/Applications/Utilities/Built\ Examples
    export SYSTEM_DEVELOPER_DIR\=/Applications/Xcode.app/Contents/Developer
    export SYSTEM_DEVELOPER_DOC_DIR\=/Applications/Xcode.app/Contents/Developer/ADC\ Reference\ Library
    export SYSTEM_DEVELOPER_GRAPHICS_TOOLS_DIR\=/Applications/Xcode.app/Contents/Developer/Applications/Graphics\ Tools
    export SYSTEM_DEVELOPER_JAVA_TOOLS_DIR\=/Applications/Xcode.app/Contents/Developer/Applications/Java\ Tools
    export SYSTEM_DEVELOPER_PERFORMANCE_TOOLS_DIR\=/Applications/Xcode.app/Contents/Developer/Applications/Performance\ Tools
    export SYSTEM_DEVELOPER_RELEASENOTES_DIR\=/Applications/Xcode.app/Contents/Developer/ADC\ Reference\ Library/releasenotes
    export SYSTEM_DEVELOPER_TOOLS\=/Applications/Xcode.app/Contents/Developer/Tools
    export SYSTEM_DEVELOPER_TOOLS_DOC_DIR\=/Applications/Xcode.app/Contents/Developer/ADC\ Reference\ Library/documentation/DeveloperTools
    export SYSTEM_DEVELOPER_TOOLS_RELEASENOTES_DIR\=/Applications/Xcode.app/Contents/Developer/ADC\ Reference\ Library/releasenotes/DeveloperTools
    export SYSTEM_DEVELOPER_USR_DIR\=/Applications/Xcode.app/Contents/Developer/usr
    export SYSTEM_DEVELOPER_UTILITIES_DIR\=/Applications/Xcode.app/Contents/Developer/Applications/Utilities
    export SYSTEM_DEXT_INSTALL_PATH\=/System/Library/DriverExtensions
    export SYSTEM_DOCUMENTATION_DIR\=/Library/Documentation
    export SYSTEM_KEXT_INSTALL_PATH\=/System/Library/Extensions
    export SYSTEM_LIBRARY_DIR\=/System/Library
    export TAPI_DEMANGLE\=YES
    export TAPI_ENABLE_PROJECT_HEADERS\=NO
    export TAPI_LANGUAGE\=objective-c
    export TAPI_LANGUAGE_STANDARD\=compiler-default
    export TAPI_USE_SRCROOT\=YES
    export TAPI_VERIFY_MODE\=Pedantic
    export TARGETED_DEVICE_FAMILY\=1,2
    export TARGETNAME\=React-RCTFBReactNativeSpec
    export TARGET_BUILD_DIR\=/Users/vivek/Library/Developer/Xcode/DerivedData/FinSafarMobile-crxdngiqgpzuzzgywsfulnakvumi/Build/Products/Debug-iphonesimulator/React-RCTFBReactNativeSpec
    export TARGET_DEVICE_IDENTIFIER\=DB8E7F90-FB2D-4385-B320-28EACCC7A691
    export TARGET_DEVICE_MODEL\=iPhone15,4
    export TARGET_DEVICE_OS_VERSION\=17.0.1
    export TARGET_DEVICE_PLATFORM_NAME\=iphonesimulator
    export TARGET_NAME\=React-RCTFBReactNativeSpec
    export TARGET_TEMP_DIR\=/Users/vivek/Library/Developer/Xcode/DerivedData/FinSafarMobile-crxdngiqgpzuzzgywsfulnakvumi/Build/Intermediates.noindex/Pods.build/Debug-iphonesimulator/React-RCTFBReactNativeSpec.build
    export TEMP_DIR\=/Users/vivek/Library/Developer/Xcode/DerivedData/FinSafarMobile-crxdngiqgpzuzzgywsfulnakvumi/Build/Intermediates.noindex/Pods.build/Debug-iphonesimulator/React-RCTFBReactNativeSpec.build
    export TEMP_FILES_DIR\=/Users/vivek/Library/Developer/Xcode/DerivedData/FinSafarMobile-crxdngiqgpzuzzgywsfulnakvumi/Build/Intermediates.noindex/Pods.build/Debug-iphonesimulator/React-RCTFBReactNativeSpec.build
    export TEMP_FILE_DIR\=/Users/vivek/Library/Developer/Xcode/DerivedData/FinSafarMobile-crxdngiqgpzuzzgywsfulnakvumi/Build/Intermediates.noindex/Pods.build/Debug-iphonesimulator/React-RCTFBReactNativeSpec.build
    export TEMP_ROOT\=/Users/vivek/Library/Developer/Xcode/DerivedData/FinSafarMobile-crxdngiqgpzuzzgywsfulnakvumi/Build/Intermediates.noindex
    export TEMP_SANDBOX_DIR\=/Users/vivek/Library/Developer/Xcode/DerivedData/FinSafarMobile-crxdngiqgpzuzzgywsfulnakvumi/Build/Intermediates.noindex/TemporaryTaskSandboxes
    export TEST_FRAMEWORK_SEARCH_PATHS\=\ /Applications/Xcode.app/Contents/Developer/Platforms/iPhoneSimulator.platform/Developer/Library/Frameworks\ /Applications/Xcode.app/Contents/Developer/Platforms/iPhoneSimulator.platform/Developer/SDKs/iPhoneSimulator18.5.sdk/Developer/Library/Frameworks
    export TEST_LIBRARY_SEARCH_PATHS\=\ /Applications/Xcode.app/Contents/Developer/Platforms/iPhoneSimulator.platform/Developer/usr/lib
    export TOOLCHAINS\=com.apple.dt.toolchain.XcodeDefault
    export TOOLCHAIN_DIR\=/Applications/Xcode.app/Contents/Developer/Toolchains/XcodeDefault.xctoolchain
    export TREAT_MISSING_BASELINES_AS_TEST_FAILURES\=NO
    export TREAT_MISSING_SCRIPT_PHASE_OUTPUTS_AS_ERRORS\=NO
    export UID\=501
    export UNINSTALLED_PRODUCTS_DIR\=/Users/vivek/Library/Developer/Xcode/DerivedData/FinSafarMobile-crxdngiqgpzuzzgywsfulnakvumi/Build/Intermediates.noindex/UninstalledProducts
    export UNSTRIPPED_PRODUCT\=NO
    export USER\=vivek
    export USER_APPS_DIR\=/Users/vivek/Applications
    export USER_LIBRARY_DIR\=/Users/vivek/Library
    export USE_DYNAMIC_NO_PIC\=YES
    export USE_HEADERMAP\=NO
    export USE_HEADER_SYMLINKS\=NO
    export USE_HERMES\=true
    export USE_RECURSIVE_SCRIPT_INPUTS_IN_SCRIPT_PHASES\=YES
    export VALIDATE_DEVELOPMENT_ASSET_PATHS\=YES_ERROR
    export VALIDATE_PRODUCT\=NO
    export VALID_ARCHS\=arm64\ arm64e\ x86_64
    export VERBOSE_PBXCP\=NO
    export VERSION_INFO_BUILDER\=vivek
    export VERSION_INFO_FILE\=React-RCTFBReactNativeSpec_vers.c
    export VERSION_INFO_STRING\=\"@\(\#\)PROGRAM:React-RCTFBReactNativeSpec\ \ PROJECT:Pods-\"
    export WORKSPACE_DIR\=/Users/vivek/Documents/projects/fin-safar/mobile_app/ios
    export WRAP_ASSET_PACKS_IN_SEPARATE_DIRECTORIES\=NO
    export XCODE_APP_SUPPORT_DIR\=/Applications/Xcode.app/Contents/Developer/Library/Xcode
    export XCODE_PRODUCT_BUILD_VERSION\=16F6
    export XCODE_VERSION_ACTUAL\=1640
    export XCODE_VERSION_MAJOR\=1600
    export XCODE_VERSION_MINOR\=1640
    export XPCSERVICES_FOLDER_PATH\=/XPCServices
    export YACC\=yacc
    export _DISCOVER_COMMAND_LINE_LINKER_INPUTS\=YES
    export _DISCOVER_COMMAND_LINE_LINKER_INPUTS_INCLUDE_WL\=YES
    export __DIAGNOSE_DEPRECATED_ARCHS\=YES
    export arch\=undefined_arch
    export variant\=normal
    /bin/sh -c /Users/vivek/Library/Developer/Xcode/DerivedData/FinSafarMobile-crxdngiqgpzuzzgywsfulnakvumi/Build/Intermediates.noindex/Pods.build/Debug-iphonesimulator/React-RCTFBReactNativeSpec.build/Script-46EB2E000187A0.sh
Checking whether Codegen has run...

warning: Run script build phase 'Create Symlinks to Header Folders' will be run during every build because it does not specify any outputs. To address this issue, either add output dependencies to the script phase, or configure it to run in every build by unchecking "Based on dependency analysis" in the script phase. (in target 'ReactCodegen' from project 'Pods')
Copy /Users/vivek/Library/Developer/Xcode/DerivedData/FinSafarMobile-crxdngiqgpzuzzgywsfulnakvumi/Build/Products/Debug-iphonesimulator/ReactCodegen/ReactCodegen.framework/Headers/rnasyncstorage/rnasyncstorage.h /Users/vivek/Documents/projects/fin-safar/mobile_app/ios/build/generated/ios/ReactCodegen/rnasyncstorage/rnasyncstorage.h (in target 'ReactCodegen' from project 'Pods')
    cd /Users/vivek/Documents/projects/fin-safar/mobile_app/ios/Pods
    builtin-copy -exclude .DS_Store -exclude CVS -exclude .svn -exclude .git -exclude .hg -resolve-src-symlinks -remove-static-executable /Users/vivek/Documents/projects/fin-safar/mobile_app/ios/build/generated/ios/ReactCodegen/rnasyncstorage/rnasyncstorage.h /Users/vivek/Library/Developer/Xcode/DerivedData/FinSafarMobile-crxdngiqgpzuzzgywsfulnakvumi/Build/Products/Debug-iphonesimulator/ReactCodegen/ReactCodegen.framework/Headers/rnasyncstorage

Copy /Users/vivek/Library/Developer/Xcode/DerivedData/FinSafarMobile-crxdngiqgpzuzzgywsfulnakvumi/Build/Products/Debug-iphonesimulator/ReactCodegen/ReactCodegen.framework/Headers/react/renderer/components/safeareacontext/Props.h /Users/vivek/Documents/projects/fin-safar/mobile_app/ios/build/generated/ios/ReactCodegen/react/renderer/components/safeareacontext/Props.h (in target 'ReactCodegen' from project 'Pods')
    cd /Users/vivek/Documents/projects/fin-safar/mobile_app/ios/Pods
    builtin-copy -exclude .DS_Store -exclude CVS -exclude .svn -exclude .git -exclude .hg -resolve-src-symlinks -remove-static-executable /Users/vivek/Documents/projects/fin-safar/mobile_app/ios/build/generated/ios/ReactCodegen/react/renderer/components/safeareacontext/Props.h /Users/vivek/Library/Developer/Xcode/DerivedData/FinSafarMobile-crxdngiqgpzuzzgywsfulnakvumi/Build/Products/Debug-iphonesimulator/ReactCodegen/ReactCodegen.framework/Headers/react/renderer/components/safeareacontext

Copy /Users/vivek/Library/Developer/Xcode/DerivedData/FinSafarMobile-crxdngiqgpzuzzgywsfulnakvumi/Build/Products/Debug-iphonesimulator/ReactCodegen/ReactCodegen.framework/Headers/react/renderer/components/safeareacontext/RCTComponentViewHelpers.h /Users/vivek/Documents/projects/fin-safar/mobile_app/ios/build/generated/ios/ReactCodegen/react/renderer/components/safeareacontext/RCTComponentViewHelpers.h (in target 'ReactCodegen' from project 'Pods')
    cd /Users/vivek/Documents/projects/fin-safar/mobile_app/ios/Pods
    builtin-copy -exclude .DS_Store -exclude CVS -exclude .svn -exclude .git -exclude .hg -resolve-src-symlinks -remove-static-executable /Users/vivek/Documents/projects/fin-safar/mobile_app/ios/build/generated/ios/ReactCodegen/react/renderer/components/safeareacontext/RCTComponentViewHelpers.h /Users/vivek/Library/Developer/Xcode/DerivedData/FinSafarMobile-crxdngiqgpzuzzgywsfulnakvumi/Build/Products/Debug-iphonesimulator/ReactCodegen/ReactCodegen.framework/Headers/react/renderer/components/safeareacontext

Copy /Users/vivek/Library/Developer/Xcode/DerivedData/FinSafarMobile-crxdngiqgpzuzzgywsfulnakvumi/Build/Products/Debug-iphonesimulator/ReactCodegen/ReactCodegen.framework/Headers/react/renderer/components/safeareacontext/EventEmitters.h /Users/vivek/Documents/projects/fin-safar/mobile_app/ios/build/generated/ios/ReactCodegen/react/renderer/components/safeareacontext/EventEmitters.h (in target 'ReactCodegen' from project 'Pods')
    cd /Users/vivek/Documents/projects/fin-safar/mobile_app/ios/Pods
    builtin-copy -exclude .DS_Store -exclude CVS -exclude .svn -exclude .git -exclude .hg -resolve-src-symlinks -remove-static-executable /Users/vivek/Documents/projects/fin-safar/mobile_app/ios/build/generated/ios/ReactCodegen/react/renderer/components/safeareacontext/EventEmitters.h /Users/vivek/Library/Developer/Xcode/DerivedData/FinSafarMobile-crxdngiqgpzuzzgywsfulnakvumi/Build/Products/Debug-iphonesimulator/ReactCodegen/ReactCodegen.framework/Headers/react/renderer/components/safeareacontext

Copy /Users/vivek/Library/Developer/Xcode/DerivedData/FinSafarMobile-crxdngiqgpzuzzgywsfulnakvumi/Build/Products/Debug-iphonesimulator/ReactCodegen/ReactCodegen.framework/Headers/react/renderer/components/safeareacontext/ComponentDescriptors.h /Users/vivek/Documents/projects/fin-safar/mobile_app/ios/build/generated/ios/ReactCodegen/react/renderer/components/safeareacontext/ComponentDescriptors.h (in target 'ReactCodegen' from project 'Pods')
    cd /Users/vivek/Documents/projects/fin-safar/mobile_app/ios/Pods
    builtin-copy -exclude .DS_Store -exclude CVS -exclude .svn -exclude .git -exclude .hg -resolve-src-symlinks -remove-static-executable /Users/vivek/Documents/projects/fin-safar/mobile_app/ios/build/generated/ios/ReactCodegen/react/renderer/components/safeareacontext/ComponentDescriptors.h /Users/vivek/Library/Developer/Xcode/DerivedData/FinSafarMobile-crxdngiqgpzuzzgywsfulnakvumi/Build/Products/Debug-iphonesimulator/ReactCodegen/ReactCodegen.framework/Headers/react/renderer/components/safeareacontext

Copy /Users/vivek/Library/Developer/Xcode/DerivedData/FinSafarMobile-crxdngiqgpzuzzgywsfulnakvumi/Build/Products/Debug-iphonesimulator/ReactCodegen/ReactCodegen.framework/Headers/react/renderer/components/safeareacontext/ShadowNodes.h /Users/vivek/Documents/projects/fin-safar/mobile_app/ios/build/generated/ios/ReactCodegen/react/renderer/components/safeareacontext/ShadowNodes.h (in target 'ReactCodegen' from project 'Pods')
    cd /Users/vivek/Documents/projects/fin-safar/mobile_app/ios/Pods
    builtin-copy -exclude .DS_Store -exclude CVS -exclude .svn -exclude .git -exclude .hg -resolve-src-symlinks -remove-static-executable /Users/vivek/Documents/projects/fin-safar/mobile_app/ios/build/generated/ios/ReactCodegen/react/renderer/components/safeareacontext/ShadowNodes.h /Users/vivek/Library/Developer/Xcode/DerivedData/FinSafarMobile-crxdngiqgpzuzzgywsfulnakvumi/Build/Products/Debug-iphonesimulator/ReactCodegen/ReactCodegen.framework/Headers/react/renderer/components/safeareacontext

Copy /Users/vivek/Library/Developer/Xcode/DerivedData/FinSafarMobile-crxdngiqgpzuzzgywsfulnakvumi/Build/Products/Debug-iphonesimulator/ReactCodegen/ReactCodegen.framework/Headers/react/renderer/components/safeareacontext/States.h /Users/vivek/Documents/projects/fin-safar/mobile_app/ios/build/generated/ios/ReactCodegen/react/renderer/components/safeareacontext/States.h (in target 'ReactCodegen' from project 'Pods')
    cd /Users/vivek/Documents/projects/fin-safar/mobile_app/ios/Pods
    builtin-copy -exclude .DS_Store -exclude CVS -exclude .svn -exclude .git -exclude .hg -resolve-src-symlinks -remove-static-executable /Users/vivek/Documents/projects/fin-safar/mobile_app/ios/build/generated/ios/ReactCodegen/react/renderer/components/safeareacontext/States.h /Users/vivek/Library/Developer/Xcode/DerivedData/FinSafarMobile-crxdngiqgpzuzzgywsfulnakvumi/Build/Products/Debug-iphonesimulator/ReactCodegen/ReactCodegen.framework/Headers/react/renderer/components/safeareacontext

Copy /Users/vivek/Library/Developer/Xcode/DerivedData/FinSafarMobile-crxdngiqgpzuzzgywsfulnakvumi/Build/Products/Debug-iphonesimulator/ReactCodegen/ReactCodegen.framework/Headers/safeareacontext/safeareacontext.h /Users/vivek/Documents/projects/fin-safar/mobile_app/ios/build/generated/ios/ReactCodegen/safeareacontext/safeareacontext.h (in target 'ReactCodegen' from project 'Pods')
    cd /Users/vivek/Documents/projects/fin-safar/mobile_app/ios/Pods
    builtin-copy -exclude .DS_Store -exclude CVS -exclude .svn -exclude .git -exclude .hg -resolve-src-symlinks -remove-static-executable /Users/vivek/Documents/projects/fin-safar/mobile_app/ios/build/generated/ios/ReactCodegen/safeareacontext/safeareacontext.h /Users/vivek/Library/Developer/Xcode/DerivedData/FinSafarMobile-crxdngiqgpzuzzgywsfulnakvumi/Build/Products/Debug-iphonesimulator/ReactCodegen/ReactCodegen.framework/Headers/safeareacontext

Copy /Users/vivek/Library/Developer/Xcode/DerivedData/FinSafarMobile-crxdngiqgpzuzzgywsfulnakvumi/Build/Products/Debug-iphonesimulator/ReactCodegen/ReactCodegen.framework/Headers/rnasyncstorageJSI.h /Users/vivek/Documents/projects/fin-safar/mobile_app/ios/build/generated/ios/ReactCodegen/rnasyncstorageJSI.h (in target 'ReactCodegen' from project 'Pods')
    cd /Users/vivek/Documents/projects/fin-safar/mobile_app/ios/Pods
    builtin-copy -exclude .DS_Store -exclude CVS -exclude .svn -exclude .git -exclude .hg -resolve-src-symlinks -remove-static-executable /Users/vivek/Documents/projects/fin-safar/mobile_app/ios/build/generated/ios/ReactCodegen/rnasyncstorageJSI.h /Users/vivek/Library/Developer/Xcode/DerivedData/FinSafarMobile-crxdngiqgpzuzzgywsfulnakvumi/Build/Products/Debug-iphonesimulator/ReactCodegen/ReactCodegen.framework/Headers

Copy /Users/vivek/Library/Developer/Xcode/DerivedData/FinSafarMobile-crxdngiqgpzuzzgywsfulnakvumi/Build/Products/Debug-iphonesimulator/ReactCodegen/ReactCodegen.framework/Headers/RCTUnstableModulesRequiringMainQueueSetupProvider.h /Users/vivek/Documents/projects/fin-safar/mobile_app/ios/build/generated/ios/ReactCodegen/RCTUnstableModulesRequiringMainQueueSetupProvider.h (in target 'ReactCodegen' from project 'Pods')
    cd /Users/vivek/Documents/projects/fin-safar/mobile_app/ios/Pods
    builtin-copy -exclude .DS_Store -exclude CVS -exclude .svn -exclude .git -exclude .hg -resolve-src-symlinks -remove-static-executable /Users/vivek/Documents/projects/fin-safar/mobile_app/ios/build/generated/ios/ReactCodegen/RCTUnstableModulesRequiringMainQueueSetupProvider.h /Users/vivek/Library/Developer/Xcode/DerivedData/FinSafarMobile-crxdngiqgpzuzzgywsfulnakvumi/Build/Products/Debug-iphonesimulator/ReactCodegen/ReactCodegen.framework/Headers

Copy /Users/vivek/Library/Developer/Xcode/DerivedData/FinSafarMobile-crxdngiqgpzuzzgywsfulnakvumi/Build/Products/Debug-iphonesimulator/ReactCodegen/ReactCodegen.framework/Headers/RCTThirdPartyComponentsProvider.h /Users/vivek/Documents/projects/fin-safar/mobile_app/ios/build/generated/ios/ReactCodegen/RCTThirdPartyComponentsProvider.h (in target 'ReactCodegen' from project 'Pods')
    cd /Users/vivek/Documents/projects/fin-safar/mobile_app/ios/Pods
    builtin-copy -exclude .DS_Store -exclude CVS -exclude .svn -exclude .git -exclude .hg -resolve-src-symlinks -remove-static-executable /Users/vivek/Documents/projects/fin-safar/mobile_app/ios/build/generated/ios/ReactCodegen/RCTThirdPartyComponentsProvider.h /Users/vivek/Library/Developer/Xcode/DerivedData/FinSafarMobile-crxdngiqgpzuzzgywsfulnakvumi/Build/Products/Debug-iphonesimulator/ReactCodegen/ReactCodegen.framework/Headers

Copy /Users/vivek/Library/Developer/Xcode/DerivedData/FinSafarMobile-crxdngiqgpzuzzgywsfulnakvumi/Build/Products/Debug-iphonesimulator/ReactCodegen/ReactCodegen.framework/Headers/RCTModulesConformingToProtocolsProvider.h /Users/vivek/Documents/projects/fin-safar/mobile_app/ios/build/generated/ios/ReactCodegen/RCTModulesConformingToProtocolsProvider.h (in target 'ReactCodegen' from project 'Pods')
    cd /Users/vivek/Documents/projects/fin-safar/mobile_app/ios/Pods
    builtin-copy -exclude .DS_Store -exclude CVS -exclude .svn -exclude .git -exclude .hg -resolve-src-symlinks -remove-static-executable /Users/vivek/Documents/projects/fin-safar/mobile_app/ios/build/generated/ios/ReactCodegen/RCTModulesConformingToProtocolsProvider.h /Users/vivek/Library/Developer/Xcode/DerivedData/FinSafarMobile-crxdngiqgpzuzzgywsfulnakvumi/Build/Products/Debug-iphonesimulator/ReactCodegen/ReactCodegen.framework/Headers

Copy /Users/vivek/Library/Developer/Xcode/DerivedData/FinSafarMobile-crxdngiqgpzuzzgywsfulnakvumi/Build/Products/Debug-iphonesimulator/ReactCodegen/ReactCodegen.framework/Headers/RCTModuleProviders.h /Users/vivek/Documents/projects/fin-safar/mobile_app/ios/build/generated/ios/ReactCodegen/RCTModuleProviders.h (in target 'ReactCodegen' from project 'Pods')
    cd /Users/vivek/Documents/projects/fin-safar/mobile_app/ios/Pods
    builtin-copy -exclude .DS_Store -exclude CVS -exclude .svn -exclude .git -exclude .hg -resolve-src-symlinks -remove-static-executable /Users/vivek/Documents/projects/fin-safar/mobile_app/ios/build/generated/ios/ReactCodegen/RCTModuleProviders.h /Users/vivek/Library/Developer/Xcode/DerivedData/FinSafarMobile-crxdngiqgpzuzzgywsfulnakvumi/Build/Products/Debug-iphonesimulator/ReactCodegen/ReactCodegen.framework/Headers

Copy /Users/vivek/Library/Developer/Xcode/DerivedData/FinSafarMobile-crxdngiqgpzuzzgywsfulnakvumi/Build/Products/Debug-iphonesimulator/ReactCodegen/ReactCodegen.framework/Headers/safeareacontextJSI.h /Users/vivek/Documents/projects/fin-safar/mobile_app/ios/build/generated/ios/ReactCodegen/safeareacontextJSI.h (in target 'ReactCodegen' from project 'Pods')
    cd /Users/vivek/Documents/projects/fin-safar/mobile_app/ios/Pods
    builtin-copy -exclude .DS_Store -exclude CVS -exclude .svn -exclude .git -exclude .hg -resolve-src-symlinks -remove-static-executable /Users/vivek/Documents/projects/fin-safar/mobile_app/ios/build/generated/ios/ReactCodegen/safeareacontextJSI.h /Users/vivek/Library/Developer/Xcode/DerivedData/FinSafarMobile-crxdngiqgpzuzzgywsfulnakvumi/Build/Products/Debug-iphonesimulator/ReactCodegen/ReactCodegen.framework/Headers

CompileC /Users/vivek/Library/Developer/Xcode/DerivedData/FinSafarMobile-crxdngiqgpzuzzgywsfulnakvumi/Build/Intermediates.noindex/Pods.build/Debug-iphonesimulator/ReactCodegen.build/Objects-normal/x86_64/ComponentDescriptors.o /Users/vivek/Documents/projects/fin-safar/mobile_app/ios/build/generated/ios/ReactCodegen/react/renderer/components/safeareacontext/ComponentDescriptors.cpp normal x86_64 c++ com.apple.compilers.llvm.clang.1_0.compiler (in target 'ReactCodegen' from project 'Pods')
    cd /Users/vivek/Documents/projects/fin-safar/mobile_app/ios/Pods
    
    Using response file: /Users/vivek/Library/Developer/Xcode/DerivedData/FinSafarMobile-crxdngiqgpzuzzgywsfulnakvumi/Build/Intermediates.noindex/Pods.build/Debug-iphonesimulator/ReactCodegen.build/Objects-normal/x86_64/82b82416624d2658e5098eb0a28c15c5-common-args.resp
    
    /Applications/Xcode.app/Contents/Developer/Toolchains/XcodeDefault.xctoolchain/usr/bin/clang -x c++ -ivfsstatcache /Users/vivek/Library/Developer/Xcode/DerivedData/SDKStatCaches.noindex/iphonesimulator18.5-22F76-d5fc8ad4295d2ef488fb7d0f804ce0c4.sdkstatcache -fmessage-length\=0 -fdiagnostics-show-note-include-stack -fmacro-backtrace-limit\=0 -fno-color-diagnostics -fmodules-prune-interval\=86400 -fmodules-prune-after\=345600 -fbuild-session-file\=/Users/vivek/Library/Developer/Xcode/DerivedData/ModuleCache.noindex/Session.modulevalidation -fmodules-validate-once-per-build-session -Wnon-modular-include-in-framework-module -Werror\=non-modular-include-in-framework-module -Wno-trigraphs -Wno-missing-field-initializers -Wno-missing-prototypes -Werror\=return-type -Wdocumentation -Wunreachable-code -Werror\=deprecated-objc-isa-usage -Werror\=objc-root-class -Wno-non-virtual-dtor -Wno-overloaded-virtual -Wno-exit-time-destructors -Wno-missing-braces -Wparentheses -Wswitch -Wunused-function -Wno-unused-label -Wno-unused-parameter -Wunused-variable -Wunused-value -Wempty-body -Wuninitialized -Wconditional-uninitialized -Wno-unknown-pragmas -Wno-shadow -Wno-four-char-constants -Wno-conversion -Wconstant-conversion -Wint-conversion -Wbool-conversion -Wenum-conversion -Wno-float-conversion -Wnon-literal-null-conversion -Wobjc-literal-conversion -Wshorten-64-to-32 -Wno-newline-eof -Wno-c++11-extensions -Wno-implicit-fallthrough -fstrict-aliasing -Wdeprecated-declarations -Winvalid-offsetof -Wno-sign-conversion -Winfinite-recursion -Wmove -Wcomma -Wblock-capture-autoreleasing -Wstrict-prototypes -Wrange-loop-analysis -Wno-semicolon-before-method-body -Wunguarded-availability -index-store-path /Users/vivek/Library/Developer/Xcode/DerivedData/FinSafarMobile-crxdngiqgpzuzzgywsfulnakvumi/Index.noindex/DataStore -Wno-comma -Wno-shorten-64-to-32 -Wno-documentation @/Users/vivek/Library/Developer/Xcode/DerivedData/FinSafarMobile-crxdngiqgpzuzzgywsfulnakvumi/Build/Intermediates.noindex/Pods.build/Debug-iphonesimulator/ReactCodegen.build/Objects-normal/x86_64/82b82416624d2658e5098eb0a28c15c5-common-args.resp -DFOLLY_MOBILE\=1 -DFOLLY_USE_LIBCPP\=1 -DFOLLY_CFG_NO_COROUTINES\=1 -DFOLLY_HAVE_CLOCK_GETTIME\=1 -Wno-comma -Wno-shorten-64-to-32 -Wno-documentation -Wno-nullability-completeness -std\=c++20 -include /Users/vivek/Documents/projects/fin-safar/mobile_app/ios/Pods/Target\ Support\ Files/ReactCodegen/ReactCodegen-prefix.pch -MMD -MT dependencies -MF /Users/vivek/Library/Developer/Xcode/DerivedData/FinSafarMobile-crxdngiqgpzuzzgywsfulnakvumi/Build/Intermediates.noindex/Pods.build/Debug-iphonesimulator/ReactCodegen.build/Objects-normal/x86_64/ComponentDescriptors.d --serialize-diagnostics /Users/vivek/Library/Developer/Xcode/DerivedData/FinSafarMobile-crxdngiqgpzuzzgywsfulnakvumi/Build/Intermediates.noindex/Pods.build/Debug-iphonesimulator/ReactCodegen.build/Objects-normal/x86_64/ComponentDescriptors.dia -c /Users/vivek/Documents/projects/fin-safar/mobile_app/ios/build/generated/ios/ReactCodegen/react/renderer/components/safeareacontext/ComponentDescriptors.cpp -o /Users/vivek/Library/Developer/Xcode/DerivedData/FinSafarMobile-crxdngiqgpzuzzgywsfulnakvumi/Build/Intermediates.noindex/Pods.build/Debug-iphonesimulator/ReactCodegen.build/Objects-normal/x86_64/ComponentDescriptors.o -index-unit-output-path /Pods.build/Debug-iphonesimulator/ReactCodegen.build/Objects-normal/x86_64/ComponentDescriptors.o

CompileC /Users/vivek/Library/Developer/Xcode/DerivedData/FinSafarMobile-crxdngiqgpzuzzgywsfulnakvumi/Build/Intermediates.noindex/Pods.build/Debug-iphonesimulator/ReactCodegen.build/Objects-normal/x86_64/rnasyncstorage-generated.o /Users/vivek/Documents/projects/fin-safar/mobile_app/ios/build/generated/ios/ReactCodegen/rnasyncstorage/rnasyncstorage-generated.mm normal x86_64 objective-c++ com.apple.compilers.llvm.clang.1_0.compiler (in target 'ReactCodegen' from project 'Pods')
    cd /Users/vivek/Documents/projects/fin-safar/mobile_app/ios/Pods
    
    Using response file: /Users/vivek/Library/Developer/Xcode/DerivedData/FinSafarMobile-crxdngiqgpzuzzgywsfulnakvumi/Build/Intermediates.noindex/Pods.build/Debug-iphonesimulator/ReactCodegen.build/Objects-normal/x86_64/af3fcb34312c57c0f52879cdce924b91-common-args.resp
    
    /Applications/Xcode.app/Contents/Developer/Toolchains/XcodeDefault.xctoolchain/usr/bin/clang -x objective-c++ -ivfsstatcache /Users/vivek/Library/Developer/Xcode/DerivedData/SDKStatCaches.noindex/iphonesimulator18.5-22F76-d5fc8ad4295d2ef488fb7d0f804ce0c4.sdkstatcache -fmessage-length\=0 -fdiagnostics-show-note-include-stack -fmacro-backtrace-limit\=0 -fno-color-diagnostics -fmodules-prune-interval\=86400 -fmodules-prune-after\=345600 -fbuild-session-file\=/Users/vivek/Library/Developer/Xcode/DerivedData/ModuleCache.noindex/Session.modulevalidation -fmodules-validate-once-per-build-session -Wnon-modular-include-in-framework-module -Werror\=non-modular-include-in-framework-module -Wno-trigraphs -Wno-missing-field-initializers -Wno-missing-prototypes -Werror\=return-type -Wdocumentation -Wunreachable-code -Wno-implicit-atomic-properties -Werror\=deprecated-objc-isa-usage -Wno-objc-interface-ivars -Werror\=objc-root-class -Wno-arc-repeated-use-of-weak -Wimplicit-retain-self -Wno-non-virtual-dtor -Wno-overloaded-virtual -Wno-exit-time-destructors -Wduplicate-method-match -Wno-missing-braces -Wparentheses -Wswitch -Wunused-function -Wno-unused-label -Wno-unused-parameter -Wunused-variable -Wunused-value -Wempty-body -Wuninitialized -Wconditional-uninitialized -Wno-unknown-pragmas -Wno-shadow -Wno-four-char-constants -Wno-conversion -Wconstant-conversion -Wint-conversion -Wbool-conversion -Wenum-conversion -Wno-float-conversion -Wnon-literal-null-conversion -Wobjc-literal-conversion -Wshorten-64-to-32 -Wno-newline-eof -Wno-selector -Wno-strict-selector-match -Wundeclared-selector -Wdeprecated-implementations -Wno-c++11-extensions -Wno-implicit-fallthrough -fstrict-aliasing -Wprotocol -Wdeprecated-declarations -Winvalid-offsetof -Wno-sign-conversion -Winfinite-recursion -Wmove -Wcomma -Wblock-capture-autoreleasing -Wstrict-prototypes -Wrange-loop-analysis -Wno-semicolon-before-method-body -Wunguarded-availability -index-store-path /Users/vivek/Library/Developer/Xcode/DerivedData/FinSafarMobile-crxdngiqgpzuzzgywsfulnakvumi/Index.noindex/DataStore -Wno-comma -Wno-shorten-64-to-32 -Wno-documentation @/Users/vivek/Library/Developer/Xcode/DerivedData/FinSafarMobile-crxdngiqgpzuzzgywsfulnakvumi/Build/Intermediates.noindex/Pods.build/Debug-iphonesimulator/ReactCodegen.build/Objects-normal/x86_64/af3fcb34312c57c0f52879cdce924b91-common-args.resp -DFOLLY_MOBILE\=1 -DFOLLY_USE_LIBCPP\=1 -DFOLLY_CFG_NO_COROUTINES\=1 -DFOLLY_HAVE_CLOCK_GETTIME\=1 -Wno-comma -Wno-shorten-64-to-32 -Wno-documentation -Wno-nullability-completeness -std\=c++20 -include /Users/vivek/Documents/projects/fin-safar/mobile_app/ios/Pods/Target\ Support\ Files/ReactCodegen/ReactCodegen-prefix.pch -MMD -MT dependencies -MF /Users/vivek/Library/Developer/Xcode/DerivedData/FinSafarMobile-crxdngiqgpzuzzgywsfulnakvumi/Build/Intermediates.noindex/Pods.build/Debug-iphonesimulator/ReactCodegen.build/Objects-normal/x86_64/rnasyncstorage-generated.d --serialize-diagnostics /Users/vivek/Library/Developer/Xcode/DerivedData/FinSafarMobile-crxdngiqgpzuzzgywsfulnakvumi/Build/Intermediates.noindex/Pods.build/Debug-iphonesimulator/ReactCodegen.build/Objects-normal/x86_64/rnasyncstorage-generated.dia -c /Users/vivek/Documents/projects/fin-safar/mobile_app/ios/build/generated/ios/ReactCodegen/rnasyncstorage/rnasyncstorage-generated.mm -o /Users/vivek/Library/Developer/Xcode/DerivedData/FinSafarMobile-crxdngiqgpzuzzgywsfulnakvumi/Build/Intermediates.noindex/Pods.build/Debug-iphonesimulator/ReactCodegen.build/Objects-normal/x86_64/rnasyncstorage-generated.o -index-unit-output-path /Pods.build/Debug-iphonesimulator/ReactCodegen.build/Objects-normal/x86_64/rnasyncstorage-generated.o

CompileC /Users/vivek/Library/Developer/Xcode/DerivedData/FinSafarMobile-crxdngiqgpzuzzgywsfulnakvumi/Build/Intermediates.noindex/Pods.build/Debug-iphonesimulator/ReactCodegen.build/Objects-normal/x86_64/safeareacontext-generated.o /Users/vivek/Documents/projects/fin-safar/mobile_app/ios/build/generated/ios/ReactCodegen/safeareacontext/safeareacontext-generated.mm normal x86_64 objective-c++ com.apple.compilers.llvm.clang.1_0.compiler (in target 'ReactCodegen' from project 'Pods')
    cd /Users/vivek/Documents/projects/fin-safar/mobile_app/ios/Pods
    
    Using response file: /Users/vivek/Library/Developer/Xcode/DerivedData/FinSafarMobile-crxdngiqgpzuzzgywsfulnakvumi/Build/Intermediates.noindex/Pods.build/Debug-iphonesimulator/ReactCodegen.build/Objects-normal/x86_64/af3fcb34312c57c0f52879cdce924b91-common-args.resp
    
    /Applications/Xcode.app/Contents/Developer/Toolchains/XcodeDefault.xctoolchain/usr/bin/clang -x objective-c++ -ivfsstatcache /Users/vivek/Library/Developer/Xcode/DerivedData/SDKStatCaches.noindex/iphonesimulator18.5-22F76-d5fc8ad4295d2ef488fb7d0f804ce0c4.sdkstatcache -fmessage-length\=0 -fdiagnostics-show-note-include-stack -fmacro-backtrace-limit\=0 -fno-color-diagnostics -fmodules-prune-interval\=86400 -fmodules-prune-after\=345600 -fbuild-session-file\=/Users/vivek/Library/Developer/Xcode/DerivedData/ModuleCache.noindex/Session.modulevalidation -fmodules-validate-once-per-build-session -Wnon-modular-include-in-framework-module -Werror\=non-modular-include-in-framework-module -Wno-trigraphs -Wno-missing-field-initializers -Wno-missing-prototypes -Werror\=return-type -Wdocumentation -Wunreachable-code -Wno-implicit-atomic-properties -Werror\=deprecated-objc-isa-usage -Wno-objc-interface-ivars -Werror\=objc-root-class -Wno-arc-repeated-use-of-weak -Wimplicit-retain-self -Wno-non-virtual-dtor -Wno-overloaded-virtual -Wno-exit-time-destructors -Wduplicate-method-match -Wno-missing-braces -Wparentheses -Wswitch -Wunused-function -Wno-unused-label -Wno-unused-parameter -Wunused-variable -Wunused-value -Wempty-body -Wuninitialized -Wconditional-uninitialized -Wno-unknown-pragmas -Wno-shadow -Wno-four-char-constants -Wno-conversion -Wconstant-conversion -Wint-conversion -Wbool-conversion -Wenum-conversion -Wno-float-conversion -Wnon-literal-null-conversion -Wobjc-literal-conversion -Wshorten-64-to-32 -Wno-newline-eof -Wno-selector -Wno-strict-selector-match -Wundeclared-selector -Wdeprecated-implementations -Wno-c++11-extensions -Wno-implicit-fallthrough -fstrict-aliasing -Wprotocol -Wdeprecated-declarations -Winvalid-offsetof -Wno-sign-conversion -Winfinite-recursion -Wmove -Wcomma -Wblock-capture-autoreleasing -Wstrict-prototypes -Wrange-loop-analysis -Wno-semicolon-before-method-body -Wunguarded-availability -index-store-path /Users/vivek/Library/Developer/Xcode/DerivedData/FinSafarMobile-crxdngiqgpzuzzgywsfulnakvumi/Index.noindex/DataStore -Wno-comma -Wno-shorten-64-to-32 -Wno-documentation @/Users/vivek/Library/Developer/Xcode/DerivedData/FinSafarMobile-crxdngiqgpzuzzgywsfulnakvumi/Build/Intermediates.noindex/Pods.build/Debug-iphonesimulator/ReactCodegen.build/Objects-normal/x86_64/af3fcb34312c57c0f52879cdce924b91-common-args.resp -DFOLLY_MOBILE\=1 -DFOLLY_USE_LIBCPP\=1 -DFOLLY_CFG_NO_COROUTINES\=1 -DFOLLY_HAVE_CLOCK_GETTIME\=1 -Wno-comma -Wno-shorten-64-to-32 -Wno-documentation -Wno-nullability-completeness -std\=c++20 -include /Users/vivek/Documents/projects/fin-safar/mobile_app/ios/Pods/Target\ Support\ Files/ReactCodegen/ReactCodegen-prefix.pch -MMD -MT dependencies -MF /Users/vivek/Library/Developer/Xcode/DerivedData/FinSafarMobile-crxdngiqgpzuzzgywsfulnakvumi/Build/Intermediates.noindex/Pods.build/Debug-iphonesimulator/ReactCodegen.build/Objects-normal/x86_64/safeareacontext-generated.d --serialize-diagnostics /Users/vivek/Library/Developer/Xcode/DerivedData/FinSafarMobile-crxdngiqgpzuzzgywsfulnakvumi/Build/Intermediates.noindex/Pods.build/Debug-iphonesimulator/ReactCodegen.build/Objects-normal/x86_64/safeareacontext-generated.dia -c /Users/vivek/Documents/projects/fin-safar/mobile_app/ios/build/generated/ios/ReactCodegen/safeareacontext/safeareacontext-generated.mm -o /Users/vivek/Library/Developer/Xcode/DerivedData/FinSafarMobile-crxdngiqgpzuzzgywsfulnakvumi/Build/Intermediates.noindex/Pods.build/Debug-iphonesimulator/ReactCodegen.build/Objects-normal/x86_64/safeareacontext-generated.o -index-unit-output-path /Pods.build/Debug-iphonesimulator/ReactCodegen.build/Objects-normal/x86_64/safeareacontext-generated.o

CompileC /Users/vivek/Library/Developer/Xcode/DerivedData/FinSafarMobile-crxdngiqgpzuzzgywsfulnakvumi/Build/Intermediates.noindex/Pods.build/Debug-iphonesimulator/ReactCodegen.build/Objects-normal/x86_64/RCTUnstableModulesRequiringMainQueueSetupProvider.o /Users/vivek/Documents/projects/fin-safar/mobile_app/ios/build/generated/ios/ReactCodegen/RCTUnstableModulesRequiringMainQueueSetupProvider.mm normal x86_64 objective-c++ com.apple.compilers.llvm.clang.1_0.compiler (in target 'ReactCodegen' from project 'Pods')
    cd /Users/vivek/Documents/projects/fin-safar/mobile_app/ios/Pods
    
    Using response file: /Users/vivek/Library/Developer/Xcode/DerivedData/FinSafarMobile-crxdngiqgpzuzzgywsfulnakvumi/Build/Intermediates.noindex/Pods.build/Debug-iphonesimulator/ReactCodegen.build/Objects-normal/x86_64/af3fcb34312c57c0f52879cdce924b91-common-args.resp
    
    /Applications/Xcode.app/Contents/Developer/Toolchains/XcodeDefault.xctoolchain/usr/bin/clang -x objective-c++ -ivfsstatcache /Users/vivek/Library/Developer/Xcode/DerivedData/SDKStatCaches.noindex/iphonesimulator18.5-22F76-d5fc8ad4295d2ef488fb7d0f804ce0c4.sdkstatcache -fmessage-length\=0 -fdiagnostics-show-note-include-stack -fmacro-backtrace-limit\=0 -fno-color-diagnostics -fmodules-prune-interval\=86400 -fmodules-prune-after\=345600 -fbuild-session-file\=/Users/vivek/Library/Developer/Xcode/DerivedData/ModuleCache.noindex/Session.modulevalidation -fmodules-validate-once-per-build-session -Wnon-modular-include-in-framework-module -Werror\=non-modular-include-in-framework-module -Wno-trigraphs -Wno-missing-field-initializers -Wno-missing-prototypes -Werror\=return-type -Wdocumentation -Wunreachable-code -Wno-implicit-atomic-properties -Werror\=deprecated-objc-isa-usage -Wno-objc-interface-ivars -Werror\=objc-root-class -Wno-arc-repeated-use-of-weak -Wimplicit-retain-self -Wno-non-virtual-dtor -Wno-overloaded-virtual -Wno-exit-time-destructors -Wduplicate-method-match -Wno-missing-braces -Wparentheses -Wswitch -Wunused-function -Wno-unused-label -Wno-unused-parameter -Wunused-variable -Wunused-value -Wempty-body -Wuninitialized -Wconditional-uninitialized -Wno-unknown-pragmas -Wno-shadow -Wno-four-char-constants -Wno-conversion -Wconstant-conversion -Wint-conversion -Wbool-conversion -Wenum-conversion -Wno-float-conversion -Wnon-literal-null-conversion -Wobjc-literal-conversion -Wshorten-64-to-32 -Wno-newline-eof -Wno-selector -Wno-strict-selector-match -Wundeclared-selector -Wdeprecated-implementations -Wno-c++11-extensions -Wno-implicit-fallthrough -fstrict-aliasing -Wprotocol -Wdeprecated-declarations -Winvalid-offsetof -Wno-sign-conversion -Winfinite-recursion -Wmove -Wcomma -Wblock-capture-autoreleasing -Wstrict-prototypes -Wrange-loop-analysis -Wno-semicolon-before-method-body -Wunguarded-availability -index-store-path /Users/vivek/Library/Developer/Xcode/DerivedData/FinSafarMobile-crxdngiqgpzuzzgywsfulnakvumi/Index.noindex/DataStore -Wno-comma -Wno-shorten-64-to-32 -Wno-documentation @/Users/vivek/Library/Developer/Xcode/DerivedData/FinSafarMobile-crxdngiqgpzuzzgywsfulnakvumi/Build/Intermediates.noindex/Pods.build/Debug-iphonesimulator/ReactCodegen.build/Objects-normal/x86_64/af3fcb34312c57c0f52879cdce924b91-common-args.resp -DFOLLY_MOBILE\=1 -DFOLLY_USE_LIBCPP\=1 -DFOLLY_CFG_NO_COROUTINES\=1 -DFOLLY_HAVE_CLOCK_GETTIME\=1 -Wno-comma -Wno-shorten-64-to-32 -Wno-documentation -Wno-nullability-completeness -std\=c++20 -include /Users/vivek/Documents/projects/fin-safar/mobile_app/ios/Pods/Target\ Support\ Files/ReactCodegen/ReactCodegen-prefix.pch -MMD -MT dependencies -MF /Users/vivek/Library/Developer/Xcode/DerivedData/FinSafarMobile-crxdngiqgpzuzzgywsfulnakvumi/Build/Intermediates.noindex/Pods.build/Debug-iphonesimulator/ReactCodegen.build/Objects-normal/x86_64/RCTUnstableModulesRequiringMainQueueSetupProvider.d --serialize-diagnostics /Users/vivek/Library/Developer/Xcode/DerivedData/FinSafarMobile-crxdngiqgpzuzzgywsfulnakvumi/Build/Intermediates.noindex/Pods.build/Debug-iphonesimulator/ReactCodegen.build/Objects-normal/x86_64/RCTUnstableModulesRequiringMainQueueSetupProvider.dia -c /Users/vivek/Documents/projects/fin-safar/mobile_app/ios/build/generated/ios/ReactCodegen/RCTUnstableModulesRequiringMainQueueSetupProvider.mm -o /Users/vivek/Library/Developer/Xcode/DerivedData/FinSafarMobile-crxdngiqgpzuzzgywsfulnakvumi/Build/Intermediates.noindex/Pods.build/Debug-iphonesimulator/ReactCodegen.build/Objects-normal/x86_64/RCTUnstableModulesRequiringMainQueueSetupProvider.o -index-unit-output-path /Pods.build/Debug-iphonesimulator/ReactCodegen.build/Objects-normal/x86_64/RCTUnstableModulesRequiringMainQueueSetupProvider.o

CompileC /Users/vivek/Library/Developer/Xcode/DerivedData/FinSafarMobile-crxdngiqgpzuzzgywsfulnakvumi/Build/Intermediates.noindex/Pods.build/Debug-iphonesimulator/ReactCodegen.build/Objects-normal/x86_64/RCTThirdPartyComponentsProvider.o /Users/vivek/Documents/projects/fin-safar/mobile_app/ios/build/generated/ios/ReactCodegen/RCTThirdPartyComponentsProvider.mm normal x86_64 objective-c++ com.apple.compilers.llvm.clang.1_0.compiler (in target 'ReactCodegen' from project 'Pods')
    cd /Users/vivek/Documents/projects/fin-safar/mobile_app/ios/Pods
    
    Using response file: /Users/vivek/Library/Developer/Xcode/DerivedData/FinSafarMobile-crxdngiqgpzuzzgywsfulnakvumi/Build/Intermediates.noindex/Pods.build/Debug-iphonesimulator/ReactCodegen.build/Objects-normal/x86_64/af3fcb34312c57c0f52879cdce924b91-common-args.resp
    
    /Applications/Xcode.app/Contents/Developer/Toolchains/XcodeDefault.xctoolchain/usr/bin/clang -x objective-c++ -ivfsstatcache /Users/vivek/Library/Developer/Xcode/DerivedData/SDKStatCaches.noindex/iphonesimulator18.5-22F76-d5fc8ad4295d2ef488fb7d0f804ce0c4.sdkstatcache -fmessage-length\=0 -fdiagnostics-show-note-include-stack -fmacro-backtrace-limit\=0 -fno-color-diagnostics -fmodules-prune-interval\=86400 -fmodules-prune-after\=345600 -fbuild-session-file\=/Users/vivek/Library/Developer/Xcode/DerivedData/ModuleCache.noindex/Session.modulevalidation -fmodules-validate-once-per-build-session -Wnon-modular-include-in-framework-module -Werror\=non-modular-include-in-framework-module -Wno-trigraphs -Wno-missing-field-initializers -Wno-missing-prototypes -Werror\=return-type -Wdocumentation -Wunreachable-code -Wno-implicit-atomic-properties -Werror\=deprecated-objc-isa-usage -Wno-objc-interface-ivars -Werror\=objc-root-class -Wno-arc-repeated-use-of-weak -Wimplicit-retain-self -Wno-non-virtual-dtor -Wno-overloaded-virtual -Wno-exit-time-destructors -Wduplicate-method-match -Wno-missing-braces -Wparentheses -Wswitch -Wunused-function -Wno-unused-label -Wno-unused-parameter -Wunused-variable -Wunused-value -Wempty-body -Wuninitialized -Wconditional-uninitialized -Wno-unknown-pragmas -Wno-shadow -Wno-four-char-constants -Wno-conversion -Wconstant-conversion -Wint-conversion -Wbool-conversion -Wenum-conversion -Wno-float-conversion -Wnon-literal-null-conversion -Wobjc-literal-conversion -Wshorten-64-to-32 -Wno-newline-eof -Wno-selector -Wno-strict-selector-match -Wundeclared-selector -Wdeprecated-implementations -Wno-c++11-extensions -Wno-implicit-fallthrough -fstrict-aliasing -Wprotocol -Wdeprecated-declarations -Winvalid-offsetof -Wno-sign-conversion -Winfinite-recursion -Wmove -Wcomma -Wblock-capture-autoreleasing -Wstrict-prototypes -Wrange-loop-analysis -Wno-semicolon-before-method-body -Wunguarded-availability -index-store-path /Users/vivek/Library/Developer/Xcode/DerivedData/FinSafarMobile-crxdngiqgpzuzzgywsfulnakvumi/Index.noindex/DataStore -Wno-comma -Wno-shorten-64-to-32 -Wno-documentation @/Users/vivek/Library/Developer/Xcode/DerivedData/FinSafarMobile-crxdngiqgpzuzzgywsfulnakvumi/Build/Intermediates.noindex/Pods.build/Debug-iphonesimulator/ReactCodegen.build/Objects-normal/x86_64/af3fcb34312c57c0f52879cdce924b91-common-args.resp -DFOLLY_MOBILE\=1 -DFOLLY_USE_LIBCPP\=1 -DFOLLY_CFG_NO_COROUTINES\=1 -DFOLLY_HAVE_CLOCK_GETTIME\=1 -Wno-comma -Wno-shorten-64-to-32 -Wno-documentation -Wno-nullability-completeness -std\=c++20 -include /Users/vivek/Documents/projects/fin-safar/mobile_app/ios/Pods/Target\ Support\ Files/ReactCodegen/ReactCodegen-prefix.pch -MMD -MT dependencies -MF /Users/vivek/Library/Developer/Xcode/DerivedData/FinSafarMobile-crxdngiqgpzuzzgywsfulnakvumi/Build/Intermediates.noindex/Pods.build/Debug-iphonesimulator/ReactCodegen.build/Objects-normal/x86_64/RCTThirdPartyComponentsProvider.d --serialize-diagnostics /Users/vivek/Library/Developer/Xcode/DerivedData/FinSafarMobile-crxdngiqgpzuzzgywsfulnakvumi/Build/Intermediates.noindex/Pods.build/Debug-iphonesimulator/ReactCodegen.build/Objects-normal/x86_64/RCTThirdPartyComponentsProvider.dia -c /Users/vivek/Documents/projects/fin-safar/mobile_app/ios/build/generated/ios/ReactCodegen/RCTThirdPartyComponentsProvider.mm -o /Users/vivek/Library/Developer/Xcode/DerivedData/FinSafarMobile-crxdngiqgpzuzzgywsfulnakvumi/Build/Intermediates.noindex/Pods.build/Debug-iphonesimulator/ReactCodegen.build/Objects-normal/x86_64/RCTThirdPartyComponentsProvider.o -index-unit-output-path /Pods.build/Debug-iphonesimulator/ReactCodegen.build/Objects-normal/x86_64/RCTThirdPartyComponentsProvider.o

CompileC /Users/vivek/Library/Developer/Xcode/DerivedData/FinSafarMobile-crxdngiqgpzuzzgywsfulnakvumi/Build/Intermediates.noindex/Pods.build/Debug-iphonesimulator/ReactCodegen.build/Objects-normal/x86_64/States.o /Users/vivek/Documents/projects/fin-safar/mobile_app/ios/build/generated/ios/ReactCodegen/react/renderer/components/safeareacontext/States.cpp normal x86_64 c++ com.apple.compilers.llvm.clang.1_0.compiler (in target 'ReactCodegen' from project 'Pods')
    cd /Users/vivek/Documents/projects/fin-safar/mobile_app/ios/Pods
    
    Using response file: /Users/vivek/Library/Developer/Xcode/DerivedData/FinSafarMobile-crxdngiqgpzuzzgywsfulnakvumi/Build/Intermediates.noindex/Pods.build/Debug-iphonesimulator/ReactCodegen.build/Objects-normal/x86_64/82b82416624d2658e5098eb0a28c15c5-common-args.resp
    
    /Applications/Xcode.app/Contents/Developer/Toolchains/XcodeDefault.xctoolchain/usr/bin/clang -x c++ -ivfsstatcache /Users/vivek/Library/Developer/Xcode/DerivedData/SDKStatCaches.noindex/iphonesimulator18.5-22F76-d5fc8ad4295d2ef488fb7d0f804ce0c4.sdkstatcache -fmessage-length\=0 -fdiagnostics-show-note-include-stack -fmacro-backtrace-limit\=0 -fno-color-diagnostics -fmodules-prune-interval\=86400 -fmodules-prune-after\=345600 -fbuild-session-file\=/Users/vivek/Library/Developer/Xcode/DerivedData/ModuleCache.noindex/Session.modulevalidation -fmodules-validate-once-per-build-session -Wnon-modular-include-in-framework-module -Werror\=non-modular-include-in-framework-module -Wno-trigraphs -Wno-missing-field-initializers -Wno-missing-prototypes -Werror\=return-type -Wdocumentation -Wunreachable-code -Werror\=deprecated-objc-isa-usage -Werror\=objc-root-class -Wno-non-virtual-dtor -Wno-overloaded-virtual -Wno-exit-time-destructors -Wno-missing-braces -Wparentheses -Wswitch -Wunused-function -Wno-unused-label -Wno-unused-parameter -Wunused-variable -Wunused-value -Wempty-body -Wuninitialized -Wconditional-uninitialized -Wno-unknown-pragmas -Wno-shadow -Wno-four-char-constants -Wno-conversion -Wconstant-conversion -Wint-conversion -Wbool-conversion -Wenum-conversion -Wno-float-conversion -Wnon-literal-null-conversion -Wobjc-literal-conversion -Wshorten-64-to-32 -Wno-newline-eof -Wno-c++11-extensions -Wno-implicit-fallthrough -fstrict-aliasing -Wdeprecated-declarations -Winvalid-offsetof -Wno-sign-conversion -Winfinite-recursion -Wmove -Wcomma -Wblock-capture-autoreleasing -Wstrict-prototypes -Wrange-loop-analysis -Wno-semicolon-before-method-body -Wunguarded-availability -index-store-path /Users/vivek/Library/Developer/Xcode/DerivedData/FinSafarMobile-crxdngiqgpzuzzgywsfulnakvumi/Index.noindex/DataStore -Wno-comma -Wno-shorten-64-to-32 -Wno-documentation @/Users/vivek/Library/Developer/Xcode/DerivedData/FinSafarMobile-crxdngiqgpzuzzgywsfulnakvumi/Build/Intermediates.noindex/Pods.build/Debug-iphonesimulator/ReactCodegen.build/Objects-normal/x86_64/82b82416624d2658e5098eb0a28c15c5-common-args.resp -DFOLLY_MOBILE\=1 -DFOLLY_USE_LIBCPP\=1 -DFOLLY_CFG_NO_COROUTINES\=1 -DFOLLY_HAVE_CLOCK_GETTIME\=1 -Wno-comma -Wno-shorten-64-to-32 -Wno-documentation -Wno-nullability-completeness -std\=c++20 -include /Users/vivek/Documents/projects/fin-safar/mobile_app/ios/Pods/Target\ Support\ Files/ReactCodegen/ReactCodegen-prefix.pch -MMD -MT dependencies -MF /Users/vivek/Library/Developer/Xcode/DerivedData/FinSafarMobile-crxdngiqgpzuzzgywsfulnakvumi/Build/Intermediates.noindex/Pods.build/Debug-iphonesimulator/ReactCodegen.build/Objects-normal/x86_64/States.d --serialize-diagnostics /Users/vivek/Library/Developer/Xcode/DerivedData/FinSafarMobile-crxdngiqgpzuzzgywsfulnakvumi/Build/Intermediates.noindex/Pods.build/Debug-iphonesimulator/ReactCodegen.build/Objects-normal/x86_64/States.dia -c /Users/vivek/Documents/projects/fin-safar/mobile_app/ios/build/generated/ios/ReactCodegen/react/renderer/components/safeareacontext/States.cpp -o /Users/vivek/Library/Developer/Xcode/DerivedData/FinSafarMobile-crxdngiqgpzuzzgywsfulnakvumi/Build/Intermediates.noindex/Pods.build/Debug-iphonesimulator/ReactCodegen.build/Objects-normal/x86_64/States.o -index-unit-output-path /Pods.build/Debug-iphonesimulator/ReactCodegen.build/Objects-normal/x86_64/States.o

CompileC /Users/vivek/Library/Developer/Xcode/DerivedData/FinSafarMobile-crxdngiqgpzuzzgywsfulnakvumi/Build/Intermediates.noindex/Pods.build/Debug-iphonesimulator/ReactCodegen.build/Objects-normal/x86_64/ShadowNodes.o /Users/vivek/Documents/projects/fin-safar/mobile_app/ios/build/generated/ios/ReactCodegen/react/renderer/components/safeareacontext/ShadowNodes.cpp normal x86_64 c++ com.apple.compilers.llvm.clang.1_0.compiler (in target 'ReactCodegen' from project 'Pods')
    cd /Users/vivek/Documents/projects/fin-safar/mobile_app/ios/Pods
    
    Using response file: /Users/vivek/Library/Developer/Xcode/DerivedData/FinSafarMobile-crxdngiqgpzuzzgywsfulnakvumi/Build/Intermediates.noindex/Pods.build/Debug-iphonesimulator/ReactCodegen.build/Objects-normal/x86_64/82b82416624d2658e5098eb0a28c15c5-common-args.resp
    
    /Applications/Xcode.app/Contents/Developer/Toolchains/XcodeDefault.xctoolchain/usr/bin/clang -x c++ -ivfsstatcache /Users/vivek/Library/Developer/Xcode/DerivedData/SDKStatCaches.noindex/iphonesimulator18.5-22F76-d5fc8ad4295d2ef488fb7d0f804ce0c4.sdkstatcache -fmessage-length\=0 -fdiagnostics-show-note-include-stack -fmacro-backtrace-limit\=0 -fno-color-diagnostics -fmodules-prune-interval\=86400 -fmodules-prune-after\=345600 -fbuild-session-file\=/Users/vivek/Library/Developer/Xcode/DerivedData/ModuleCache.noindex/Session.modulevalidation -fmodules-validate-once-per-build-session -Wnon-modular-include-in-framework-module -Werror\=non-modular-include-in-framework-module -Wno-trigraphs -Wno-missing-field-initializers -Wno-missing-prototypes -Werror\=return-type -Wdocumentation -Wunreachable-code -Werror\=deprecated-objc-isa-usage -Werror\=objc-root-class -Wno-non-virtual-dtor -Wno-overloaded-virtual -Wno-exit-time-destructors -Wno-missing-braces -Wparentheses -Wswitch -Wunused-function -Wno-unused-label -Wno-unused-parameter -Wunused-variable -Wunused-value -Wempty-body -Wuninitialized -Wconditional-uninitialized -Wno-unknown-pragmas -Wno-shadow -Wno-four-char-constants -Wno-conversion -Wconstant-conversion -Wint-conversion -Wbool-conversion -Wenum-conversion -Wno-float-conversion -Wnon-literal-null-conversion -Wobjc-literal-conversion -Wshorten-64-to-32 -Wno-newline-eof -Wno-c++11-extensions -Wno-implicit-fallthrough -fstrict-aliasing -Wdeprecated-declarations -Winvalid-offsetof -Wno-sign-conversion -Winfinite-recursion -Wmove -Wcomma -Wblock-capture-autoreleasing -Wstrict-prototypes -Wrange-loop-analysis -Wno-semicolon-before-method-body -Wunguarded-availability -index-store-path /Users/vivek/Library/Developer/Xcode/DerivedData/FinSafarMobile-crxdngiqgpzuzzgywsfulnakvumi/Index.noindex/DataStore -Wno-comma -Wno-shorten-64-to-32 -Wno-documentation @/Users/vivek/Library/Developer/Xcode/DerivedData/FinSafarMobile-crxdngiqgpzuzzgywsfulnakvumi/Build/Intermediates.noindex/Pods.build/Debug-iphonesimulator/ReactCodegen.build/Objects-normal/x86_64/82b82416624d2658e5098eb0a28c15c5-common-args.resp -DFOLLY_MOBILE\=1 -DFOLLY_USE_LIBCPP\=1 -DFOLLY_CFG_NO_COROUTINES\=1 -DFOLLY_HAVE_CLOCK_GETTIME\=1 -Wno-comma -Wno-shorten-64-to-32 -Wno-documentation -Wno-nullability-completeness -std\=c++20 -include /Users/vivek/Documents/projects/fin-safar/mobile_app/ios/Pods/Target\ Support\ Files/ReactCodegen/ReactCodegen-prefix.pch -MMD -MT dependencies -MF /Users/vivek/Library/Developer/Xcode/DerivedData/FinSafarMobile-crxdngiqgpzuzzgywsfulnakvumi/Build/Intermediates.noindex/Pods.build/Debug-iphonesimulator/ReactCodegen.build/Objects-normal/x86_64/ShadowNodes.d --serialize-diagnostics /Users/vivek/Library/Developer/Xcode/DerivedData/FinSafarMobile-crxdngiqgpzuzzgywsfulnakvumi/Build/Intermediates.noindex/Pods.build/Debug-iphonesimulator/ReactCodegen.build/Objects-normal/x86_64/ShadowNodes.dia -c /Users/vivek/Documents/projects/fin-safar/mobile_app/ios/build/generated/ios/ReactCodegen/react/renderer/components/safeareacontext/ShadowNodes.cpp -o /Users/vivek/Library/Developer/Xcode/DerivedData/FinSafarMobile-crxdngiqgpzuzzgywsfulnakvumi/Build/Intermediates.noindex/Pods.build/Debug-iphonesimulator/ReactCodegen.build/Objects-normal/x86_64/ShadowNodes.o -index-unit-output-path /Pods.build/Debug-iphonesimulator/ReactCodegen.build/Objects-normal/x86_64/ShadowNodes.o

CompileC /Users/vivek/Library/Developer/Xcode/DerivedData/FinSafarMobile-crxdngiqgpzuzzgywsfulnakvumi/Build/Intermediates.noindex/Pods.build/Debug-iphonesimulator/ReactCodegen.build/Objects-normal/x86_64/RCTModulesConformingToProtocolsProvider.o /Users/vivek/Documents/projects/fin-safar/mobile_app/ios/build/generated/ios/ReactCodegen/RCTModulesConformingToProtocolsProvider.mm normal x86_64 objective-c++ com.apple.compilers.llvm.clang.1_0.compiler (in target 'ReactCodegen' from project 'Pods')
    cd /Users/vivek/Documents/projects/fin-safar/mobile_app/ios/Pods
    
    Using response file: /Users/vivek/Library/Developer/Xcode/DerivedData/FinSafarMobile-crxdngiqgpzuzzgywsfulnakvumi/Build/Intermediates.noindex/Pods.build/Debug-iphonesimulator/ReactCodegen.build/Objects-normal/x86_64/af3fcb34312c57c0f52879cdce924b91-common-args.resp
    
    /Applications/Xcode.app/Contents/Developer/Toolchains/XcodeDefault.xctoolchain/usr/bin/clang -x objective-c++ -ivfsstatcache /Users/vivek/Library/Developer/Xcode/DerivedData/SDKStatCaches.noindex/iphonesimulator18.5-22F76-d5fc8ad4295d2ef488fb7d0f804ce0c4.sdkstatcache -fmessage-length\=0 -fdiagnostics-show-note-include-stack -fmacro-backtrace-limit\=0 -fno-color-diagnostics -fmodules-prune-interval\=86400 -fmodules-prune-after\=345600 -fbuild-session-file\=/Users/vivek/Library/Developer/Xcode/DerivedData/ModuleCache.noindex/Session.modulevalidation -fmodules-validate-once-per-build-session -Wnon-modular-include-in-framework-module -Werror\=non-modular-include-in-framework-module -Wno-trigraphs -Wno-missing-field-initializers -Wno-missing-prototypes -Werror\=return-type -Wdocumentation -Wunreachable-code -Wno-implicit-atomic-properties -Werror\=deprecated-objc-isa-usage -Wno-objc-interface-ivars -Werror\=objc-root-class -Wno-arc-repeated-use-of-weak -Wimplicit-retain-self -Wno-non-virtual-dtor -Wno-overloaded-virtual -Wno-exit-time-destructors -Wduplicate-method-match -Wno-missing-braces -Wparentheses -Wswitch -Wunused-function -Wno-unused-label -Wno-unused-parameter -Wunused-variable -Wunused-value -Wempty-body -Wuninitialized -Wconditional-uninitialized -Wno-unknown-pragmas -Wno-shadow -Wno-four-char-constants -Wno-conversion -Wconstant-conversion -Wint-conversion -Wbool-conversion -Wenum-conversion -Wno-float-conversion -Wnon-literal-null-conversion -Wobjc-literal-conversion -Wshorten-64-to-32 -Wno-newline-eof -Wno-selector -Wno-strict-selector-match -Wundeclared-selector -Wdeprecated-implementations -Wno-c++11-extensions -Wno-implicit-fallthrough -fstrict-aliasing -Wprotocol -Wdeprecated-declarations -Winvalid-offsetof -Wno-sign-conversion -Winfinite-recursion -Wmove -Wcomma -Wblock-capture-autoreleasing -Wstrict-prototypes -Wrange-loop-analysis -Wno-semicolon-before-method-body -Wunguarded-availability -index-store-path /Users/vivek/Library/Developer/Xcode/DerivedData/FinSafarMobile-crxdngiqgpzuzzgywsfulnakvumi/Index.noindex/DataStore -Wno-comma -Wno-shorten-64-to-32 -Wno-documentation @/Users/vivek/Library/Developer/Xcode/DerivedData/FinSafarMobile-crxdngiqgpzuzzgywsfulnakvumi/Build/Intermediates.noindex/Pods.build/Debug-iphonesimulator/ReactCodegen.build/Objects-normal/x86_64/af3fcb34312c57c0f52879cdce924b91-common-args.resp -DFOLLY_MOBILE\=1 -DFOLLY_USE_LIBCPP\=1 -DFOLLY_CFG_NO_COROUTINES\=1 -DFOLLY_HAVE_CLOCK_GETTIME\=1 -Wno-comma -Wno-shorten-64-to-32 -Wno-documentation -Wno-nullability-completeness -std\=c++20 -include /Users/vivek/Documents/projects/fin-safar/mobile_app/ios/Pods/Target\ Support\ Files/ReactCodegen/ReactCodegen-prefix.pch -MMD -MT dependencies -MF /Users/vivek/Library/Developer/Xcode/DerivedData/FinSafarMobile-crxdngiqgpzuzzgywsfulnakvumi/Build/Intermediates.noindex/Pods.build/Debug-iphonesimulator/ReactCodegen.build/Objects-normal/x86_64/RCTModulesConformingToProtocolsProvider.d --serialize-diagnostics /Users/vivek/Library/Developer/Xcode/DerivedData/FinSafarMobile-crxdngiqgpzuzzgywsfulnakvumi/Build/Intermediates.noindex/Pods.build/Debug-iphonesimulator/ReactCodegen.build/Objects-normal/x86_64/RCTModulesConformingToProtocolsProvider.dia -c /Users/vivek/Documents/projects/fin-safar/mobile_app/ios/build/generated/ios/ReactCodegen/RCTModulesConformingToProtocolsProvider.mm -o /Users/vivek/Library/Developer/Xcode/DerivedData/FinSafarMobile-crxdngiqgpzuzzgywsfulnakvumi/Build/Intermediates.noindex/Pods.build/Debug-iphonesimulator/ReactCodegen.build/Objects-normal/x86_64/RCTModulesConformingToProtocolsProvider.o -index-unit-output-path /Pods.build/Debug-iphonesimulator/ReactCodegen.build/Objects-normal/x86_64/RCTModulesConformingToProtocolsProvider.o

CompileC /Users/vivek/Library/Developer/Xcode/DerivedData/FinSafarMobile-crxdngiqgpzuzzgywsfulnakvumi/Build/Intermediates.noindex/Pods.build/Debug-iphonesimulator/ReactCodegen.build/Objects-normal/x86_64/RCTModuleProviders.o /Users/vivek/Documents/projects/fin-safar/mobile_app/ios/build/generated/ios/ReactCodegen/RCTModuleProviders.mm normal x86_64 objective-c++ com.apple.compilers.llvm.clang.1_0.compiler (in target 'ReactCodegen' from project 'Pods')
    cd /Users/vivek/Documents/projects/fin-safar/mobile_app/ios/Pods
    
    Using response file: /Users/vivek/Library/Developer/Xcode/DerivedData/FinSafarMobile-crxdngiqgpzuzzgywsfulnakvumi/Build/Intermediates.noindex/Pods.build/Debug-iphonesimulator/ReactCodegen.build/Objects-normal/x86_64/af3fcb34312c57c0f52879cdce924b91-common-args.resp
    
    /Applications/Xcode.app/Contents/Developer/Toolchains/XcodeDefault.xctoolchain/usr/bin/clang -x objective-c++ -ivfsstatcache /Users/vivek/Library/Developer/Xcode/DerivedData/SDKStatCaches.noindex/iphonesimulator18.5-22F76-d5fc8ad4295d2ef488fb7d0f804ce0c4.sdkstatcache -fmessage-length\=0 -fdiagnostics-show-note-include-stack -fmacro-backtrace-limit\=0 -fno-color-diagnostics -fmodules-prune-interval\=86400 -fmodules-prune-after\=345600 -fbuild-session-file\=/Users/vivek/Library/Developer/Xcode/DerivedData/ModuleCache.noindex/Session.modulevalidation -fmodules-validate-once-per-build-session -Wnon-modular-include-in-framework-module -Werror\=non-modular-include-in-framework-module -Wno-trigraphs -Wno-missing-field-initializers -Wno-missing-prototypes -Werror\=return-type -Wdocumentation -Wunreachable-code -Wno-implicit-atomic-properties -Werror\=deprecated-objc-isa-usage -Wno-objc-interface-ivars -Werror\=objc-root-class -Wno-arc-repeated-use-of-weak -Wimplicit-retain-self -Wno-non-virtual-dtor -Wno-overloaded-virtual -Wno-exit-time-destructors -Wduplicate-method-match -Wno-missing-braces -Wparentheses -Wswitch -Wunused-function -Wno-unused-label -Wno-unused-parameter -Wunused-variable -Wunused-value -Wempty-body -Wuninitialized -Wconditional-uninitialized -Wno-unknown-pragmas -Wno-shadow -Wno-four-char-constants -Wno-conversion -Wconstant-conversion -Wint-conversion -Wbool-conversion -Wenum-conversion -Wno-float-conversion -Wnon-literal-null-conversion -Wobjc-literal-conversion -Wshorten-64-to-32 -Wno-newline-eof -Wno-selector -Wno-strict-selector-match -Wundeclared-selector -Wdeprecated-implementations -Wno-c++11-extensions -Wno-implicit-fallthrough -fstrict-aliasing -Wprotocol -Wdeprecated-declarations -Winvalid-offsetof -Wno-sign-conversion -Winfinite-recursion -Wmove -Wcomma -Wblock-capture-autoreleasing -Wstrict-prototypes -Wrange-loop-analysis -Wno-semicolon-before-method-body -Wunguarded-availability -index-store-path /Users/vivek/Library/Developer/Xcode/DerivedData/FinSafarMobile-crxdngiqgpzuzzgywsfulnakvumi/Index.noindex/DataStore -Wno-comma -Wno-shorten-64-to-32 -Wno-documentation @/Users/vivek/Library/Developer/Xcode/DerivedData/FinSafarMobile-crxdngiqgpzuzzgywsfulnakvumi/Build/Intermediates.noindex/Pods.build/Debug-iphonesimulator/ReactCodegen.build/Objects-normal/x86_64/af3fcb34312c57c0f52879cdce924b91-common-args.resp -DFOLLY_MOBILE\=1 -DFOLLY_USE_LIBCPP\=1 -DFOLLY_CFG_NO_COROUTINES\=1 -DFOLLY_HAVE_CLOCK_GETTIME\=1 -Wno-comma -Wno-shorten-64-to-32 -Wno-documentation -Wno-nullability-completeness -std\=c++20 -include /Users/vivek/Documents/projects/fin-safar/mobile_app/ios/Pods/Target\ Support\ Files/ReactCodegen/ReactCodegen-prefix.pch -MMD -MT dependencies -MF /Users/vivek/Library/Developer/Xcode/DerivedData/FinSafarMobile-crxdngiqgpzuzzgywsfulnakvumi/Build/Intermediates.noindex/Pods.build/Debug-iphonesimulator/ReactCodegen.build/Objects-normal/x86_64/RCTModuleProviders.d --serialize-diagnostics /Users/vivek/Library/Developer/Xcode/DerivedData/FinSafarMobile-crxdngiqgpzuzzgywsfulnakvumi/Build/Intermediates.noindex/Pods.build/Debug-iphonesimulator/ReactCodegen.build/Objects-normal/x86_64/RCTModuleProviders.dia -c /Users/vivek/Documents/projects/fin-safar/mobile_app/ios/build/generated/ios/ReactCodegen/RCTModuleProviders.mm -o /Users/vivek/Library/Developer/Xcode/DerivedData/FinSafarMobile-crxdngiqgpzuzzgywsfulnakvumi/Build/Intermediates.noindex/Pods.build/Debug-iphonesimulator/ReactCodegen.build/Objects-normal/x86_64/RCTModuleProviders.o -index-unit-output-path /Pods.build/Debug-iphonesimulator/ReactCodegen.build/Objects-normal/x86_64/RCTModuleProviders.o

CompileC /Users/vivek/Library/Developer/Xcode/DerivedData/FinSafarMobile-crxdngiqgpzuzzgywsfulnakvumi/Build/Intermediates.noindex/Pods.build/Debug-iphonesimulator/ReactCodegen.build/Objects-normal/x86_64/Props.o /Users/vivek/Documents/projects/fin-safar/mobile_app/ios/build/generated/ios/ReactCodegen/react/renderer/components/safeareacontext/Props.cpp normal x86_64 c++ com.apple.compilers.llvm.clang.1_0.compiler (in target 'ReactCodegen' from project 'Pods')
    cd /Users/vivek/Documents/projects/fin-safar/mobile_app/ios/Pods
    
    Using response file: /Users/vivek/Library/Developer/Xcode/DerivedData/FinSafarMobile-crxdngiqgpzuzzgywsfulnakvumi/Build/Intermediates.noindex/Pods.build/Debug-iphonesimulator/ReactCodegen.build/Objects-normal/x86_64/82b82416624d2658e5098eb0a28c15c5-common-args.resp
    
    /Applications/Xcode.app/Contents/Developer/Toolchains/XcodeDefault.xctoolchain/usr/bin/clang -x c++ -ivfsstatcache /Users/vivek/Library/Developer/Xcode/DerivedData/SDKStatCaches.noindex/iphonesimulator18.5-22F76-d5fc8ad4295d2ef488fb7d0f804ce0c4.sdkstatcache -fmessage-length\=0 -fdiagnostics-show-note-include-stack -fmacro-backtrace-limit\=0 -fno-color-diagnostics -fmodules-prune-interval\=86400 -fmodules-prune-after\=345600 -fbuild-session-file\=/Users/vivek/Library/Developer/Xcode/DerivedData/ModuleCache.noindex/Session.modulevalidation -fmodules-validate-once-per-build-session -Wnon-modular-include-in-framework-module -Werror\=non-modular-include-in-framework-module -Wno-trigraphs -Wno-missing-field-initializers -Wno-missing-prototypes -Werror\=return-type -Wdocumentation -Wunreachable-code -Werror\=deprecated-objc-isa-usage -Werror\=objc-root-class -Wno-non-virtual-dtor -Wno-overloaded-virtual -Wno-exit-time-destructors -Wno-missing-braces -Wparentheses -Wswitch -Wunused-function -Wno-unused-label -Wno-unused-parameter -Wunused-variable -Wunused-value -Wempty-body -Wuninitialized -Wconditional-uninitialized -Wno-unknown-pragmas -Wno-shadow -Wno-four-char-constants -Wno-conversion -Wconstant-conversion -Wint-conversion -Wbool-conversion -Wenum-conversion -Wno-float-conversion -Wnon-literal-null-conversion -Wobjc-literal-conversion -Wshorten-64-to-32 -Wno-newline-eof -Wno-c++11-extensions -Wno-implicit-fallthrough -fstrict-aliasing -Wdeprecated-declarations -Winvalid-offsetof -Wno-sign-conversion -Winfinite-recursion -Wmove -Wcomma -Wblock-capture-autoreleasing -Wstrict-prototypes -Wrange-loop-analysis -Wno-semicolon-before-method-body -Wunguarded-availability -index-store-path /Users/vivek/Library/Developer/Xcode/DerivedData/FinSafarMobile-crxdngiqgpzuzzgywsfulnakvumi/Index.noindex/DataStore -Wno-comma -Wno-shorten-64-to-32 -Wno-documentation @/Users/vivek/Library/Developer/Xcode/DerivedData/FinSafarMobile-crxdngiqgpzuzzgywsfulnakvumi/Build/Intermediates.noindex/Pods.build/Debug-iphonesimulator/ReactCodegen.build/Objects-normal/x86_64/82b82416624d2658e5098eb0a28c15c5-common-args.resp -DFOLLY_MOBILE\=1 -DFOLLY_USE_LIBCPP\=1 -DFOLLY_CFG_NO_COROUTINES\=1 -DFOLLY_HAVE_CLOCK_GETTIME\=1 -Wno-comma -Wno-shorten-64-to-32 -Wno-documentation -Wno-nullability-completeness -std\=c++20 -include /Users/vivek/Documents/projects/fin-safar/mobile_app/ios/Pods/Target\ Support\ Files/ReactCodegen/ReactCodegen-prefix.pch -MMD -MT dependencies -MF /Users/vivek/Library/Developer/Xcode/DerivedData/FinSafarMobile-crxdngiqgpzuzzgywsfulnakvumi/Build/Intermediates.noindex/Pods.build/Debug-iphonesimulator/ReactCodegen.build/Objects-normal/x86_64/Props.d --serialize-diagnostics /Users/vivek/Library/Developer/Xcode/DerivedData/FinSafarMobile-crxdngiqgpzuzzgywsfulnakvumi/Build/Intermediates.noindex/Pods.build/Debug-iphonesimulator/ReactCodegen.build/Objects-normal/x86_64/Props.dia -c /Users/vivek/Documents/projects/fin-safar/mobile_app/ios/build/generated/ios/ReactCodegen/react/renderer/components/safeareacontext/Props.cpp -o /Users/vivek/Library/Developer/Xcode/DerivedData/FinSafarMobile-crxdngiqgpzuzzgywsfulnakvumi/Build/Intermediates.noindex/Pods.build/Debug-iphonesimulator/ReactCodegen.build/Objects-normal/x86_64/Props.o -index-unit-output-path /Pods.build/Debug-iphonesimulator/ReactCodegen.build/Objects-normal/x86_64/Props.o

CompileC /Users/vivek/Library/Developer/Xcode/DerivedData/FinSafarMobile-crxdngiqgpzuzzgywsfulnakvumi/Build/Intermediates.noindex/Pods.build/Debug-iphonesimulator/ReactCodegen.build/Objects-normal/x86_64/EventEmitters.o /Users/vivek/Documents/projects/fin-safar/mobile_app/ios/build/generated/ios/ReactCodegen/react/renderer/components/safeareacontext/EventEmitters.cpp normal x86_64 c++ com.apple.compilers.llvm.clang.1_0.compiler (in target 'ReactCodegen' from project 'Pods')
    cd /Users/vivek/Documents/projects/fin-safar/mobile_app/ios/Pods
    
    Using response file: /Users/vivek/Library/Developer/Xcode/DerivedData/FinSafarMobile-crxdngiqgpzuzzgywsfulnakvumi/Build/Intermediates.noindex/Pods.build/Debug-iphonesimulator/ReactCodegen.build/Objects-normal/x86_64/82b82416624d2658e5098eb0a28c15c5-common-args.resp
    
    /Applications/Xcode.app/Contents/Developer/Toolchains/XcodeDefault.xctoolchain/usr/bin/clang -x c++ -ivfsstatcache /Users/vivek/Library/Developer/Xcode/DerivedData/SDKStatCaches.noindex/iphonesimulator18.5-22F76-d5fc8ad4295d2ef488fb7d0f804ce0c4.sdkstatcache -fmessage-length\=0 -fdiagnostics-show-note-include-stack -fmacro-backtrace-limit\=0 -fno-color-diagnostics -fmodules-prune-interval\=86400 -fmodules-prune-after\=345600 -fbuild-session-file\=/Users/vivek/Library/Developer/Xcode/DerivedData/ModuleCache.noindex/Session.modulevalidation -fmodules-validate-once-per-build-session -Wnon-modular-include-in-framework-module -Werror\=non-modular-include-in-framework-module -Wno-trigraphs -Wno-missing-field-initializers -Wno-missing-prototypes -Werror\=return-type -Wdocumentation -Wunreachable-code -Werror\=deprecated-objc-isa-usage -Werror\=objc-root-class -Wno-non-virtual-dtor -Wno-overloaded-virtual -Wno-exit-time-destructors -Wno-missing-braces -Wparentheses -Wswitch -Wunused-function -Wno-unused-label -Wno-unused-parameter -Wunused-variable -Wunused-value -Wempty-body -Wuninitialized -Wconditional-uninitialized -Wno-unknown-pragmas -Wno-shadow -Wno-four-char-constants -Wno-conversion -Wconstant-conversion -Wint-conversion -Wbool-conversion -Wenum-conversion -Wno-float-conversion -Wnon-literal-null-conversion -Wobjc-literal-conversion -Wshorten-64-to-32 -Wno-newline-eof -Wno-c++11-extensions -Wno-implicit-fallthrough -fstrict-aliasing -Wdeprecated-declarations -Winvalid-offsetof -Wno-sign-conversion -Winfinite-recursion -Wmove -Wcomma -Wblock-capture-autoreleasing -Wstrict-prototypes -Wrange-loop-analysis -Wno-semicolon-before-method-body -Wunguarded-availability -index-store-path /Users/vivek/Library/Developer/Xcode/DerivedData/FinSafarMobile-crxdngiqgpzuzzgywsfulnakvumi/Index.noindex/DataStore -Wno-comma -Wno-shorten-64-to-32 -Wno-documentation @/Users/vivek/Library/Developer/Xcode/DerivedData/FinSafarMobile-crxdngiqgpzuzzgywsfulnakvumi/Build/Intermediates.noindex/Pods.build/Debug-iphonesimulator/ReactCodegen.build/Objects-normal/x86_64/82b82416624d2658e5098eb0a28c15c5-common-args.resp -DFOLLY_MOBILE\=1 -DFOLLY_USE_LIBCPP\=1 -DFOLLY_CFG_NO_COROUTINES\=1 -DFOLLY_HAVE_CLOCK_GETTIME\=1 -Wno-comma -Wno-shorten-64-to-32 -Wno-documentation -Wno-nullability-completeness -std\=c++20 -include /Users/vivek/Documents/projects/fin-safar/mobile_app/ios/Pods/Target\ Support\ Files/ReactCodegen/ReactCodegen-prefix.pch -MMD -MT dependencies -MF /Users/vivek/Library/Developer/Xcode/DerivedData/FinSafarMobile-crxdngiqgpzuzzgywsfulnakvumi/Build/Intermediates.noindex/Pods.build/Debug-iphonesimulator/ReactCodegen.build/Objects-normal/x86_64/EventEmitters.d --serialize-diagnostics /Users/vivek/Library/Developer/Xcode/DerivedData/FinSafarMobile-crxdngiqgpzuzzgywsfulnakvumi/Build/Intermediates.noindex/Pods.build/Debug-iphonesimulator/ReactCodegen.build/Objects-normal/x86_64/EventEmitters.dia -c /Users/vivek/Documents/projects/fin-safar/mobile_app/ios/build/generated/ios/ReactCodegen/react/renderer/components/safeareacontext/EventEmitters.cpp -o /Users/vivek/Library/Developer/Xcode/DerivedData/FinSafarMobile-crxdngiqgpzuzzgywsfulnakvumi/Build/Intermediates.noindex/Pods.build/Debug-iphonesimulator/ReactCodegen.build/Objects-normal/x86_64/EventEmitters.o -index-unit-output-path /Pods.build/Debug-iphonesimulator/ReactCodegen.build/Objects-normal/x86_64/EventEmitters.o

Libtool /Users/vivek/Library/Developer/Xcode/DerivedData/FinSafarMobile-crxdngiqgpzuzzgywsfulnakvumi/Build/Products/Debug-iphonesimulator/ReactCodegen/ReactCodegen.framework/ReactCodegen normal (in target 'ReactCodegen' from project 'Pods')
    cd /Users/vivek/Documents/projects/fin-safar/mobile_app/ios/Pods
    /Applications/Xcode.app/Contents/Developer/Toolchains/XcodeDefault.xctoolchain/usr/bin/libtool -static -arch_only x86_64 -D -syslibroot /Applications/Xcode.app/Contents/Developer/Platforms/iPhoneSimulator.platform/Developer/SDKs/iPhoneSimulator18.5.sdk -L/Users/vivek/Library/Developer/Xcode/DerivedData/FinSafarMobile-crxdngiqgpzuzzgywsfulnakvumi/Build/Products/Debug-iphonesimulator/ReactCodegen -filelist /Users/vivek/Library/Developer/Xcode/DerivedData/FinSafarMobile-crxdngiqgpzuzzgywsfulnakvumi/Build/Intermediates.noindex/Pods.build/Debug-iphonesimulator/ReactCodegen.build/Objects-normal/x86_64/ReactCodegen.LinkFileList -framework Foundation -dependency_info /Users/vivek/Library/Developer/Xcode/DerivedData/FinSafarMobile-crxdngiqgpzuzzgywsfulnakvumi/Build/Intermediates.noindex/Pods.build/Debug-iphonesimulator/ReactCodegen.build/Objects-normal/x86_64/ReactCodegen_libtool_dependency_info.dat -o /Users/vivek/Library/Developer/Xcode/DerivedData/FinSafarMobile-crxdngiqgpzuzzgywsfulnakvumi/Build/Products/Debug-iphonesimulator/ReactCodegen/ReactCodegen.framework/ReactCodegen
/Applications/Xcode.app/Contents/Developer/Toolchains/XcodeDefault.xctoolchain/usr/bin/libtool: file: /Users/vivek/Library/Developer/Xcode/DerivedData/FinSafarMobile-crxdngiqgpzuzzgywsfulnakvumi/Build/Intermediates.noindex/Pods.build/Debug-iphonesimulator/ReactCodegen.build/Objects-normal/x86_64/States.o has no symbols

PhaseScriptExecution Create\ Symlinks\ to\ Header\ Folders /Users/vivek/Library/Developer/Xcode/DerivedData/FinSafarMobile-crxdngiqgpzuzzgywsfulnakvumi/Build/Intermediates.noindex/Pods.build/Debug-iphonesimulator/ReactCodegen.build/Script-46EB2E00017E50.sh (in target 'ReactCodegen' from project 'Pods')
    cd /Users/vivek/Documents/projects/fin-safar/mobile_app/ios/Pods
    export ACTION\=build
    export AD_HOC_CODE_SIGNING_ALLOWED\=YES
    export ALLOW_BUILD_REQUEST_OVERRIDES\=NO
    export ALLOW_TARGET_PLATFORM_SPECIALIZATION\=NO
    export ALTERNATE_GROUP\=staff
    export ALTERNATE_MODE\=u+w,go-w,a+rX
    export ALTERNATE_OWNER\=vivek
    export ALTERNATIVE_DISTRIBUTION_WEB\=NO
    export ALWAYS_EMBED_SWIFT_STANDARD_LIBRARIES\=NO
    export ALWAYS_SEARCH_USER_PATHS\=NO
    export ALWAYS_USE_SEPARATE_HEADERMAPS\=NO
    export APPLICATION_EXTENSION_API_ONLY\=NO
    export APPLY_RULES_IN_COPY_FILES\=NO
    export APPLY_RULES_IN_COPY_HEADERS\=NO
    export APP_SHORTCUTS_ENABLE_FLEXIBLE_MATCHING\=YES
    export ARCHS\=x86_64
    export ARCHS_STANDARD\=arm64\ x86_64
    export ARCHS_STANDARD_32_64_BIT\=arm64\ x86_64
    export ARCHS_STANDARD_64_BIT\=arm64\ x86_64
    export ARCHS_STANDARD_INCLUDING_64_BIT\=arm64\ x86_64
    export ARCHS_UNIVERSAL_IPHONE_OS\=arm64\ x86_64
    export ASSETCATALOG_FILTER_FOR_DEVICE_MODEL\=iPhone15,4
    export ASSETCATALOG_FILTER_FOR_DEVICE_OS_VERSION\=17.0.1
    export ASSETCATALOG_FILTER_FOR_THINNING_DEVICE_CONFIGURATION\=iPhone15,4
    export AUTOMATICALLY_MERGE_DEPENDENCIES\=NO
    export AVAILABLE_PLATFORMS\=android\ appletvos\ appletvsimulator\ driverkit\ iphoneos\ iphonesimulator\ macosx\ qnx\ watchos\ watchsimulator\ xros\ xrsimulator
    export AppIdentifierPrefix\=Q65VH5NHGH.
    export BITCODE_GENERATION_MODE\=marker
    export BUILD_ACTIVE_RESOURCES_ONLY\=YES
    export BUILD_COMPONENTS\=headers\ build
    export BUILD_DIR\=/Users/vivek/Library/Developer/Xcode/DerivedData/FinSafarMobile-crxdngiqgpzuzzgywsfulnakvumi/Build/Products
    export BUILD_LIBRARY_FOR_DISTRIBUTION\=NO
    export BUILD_ROOT\=/Users/vivek/Library/Developer/Xcode/DerivedData/FinSafarMobile-crxdngiqgpzuzzgywsfulnakvumi/Build/Products
    export BUILD_STYLE\=
    export BUILD_VARIANTS\=normal
    export BUILT_PRODUCTS_DIR\=/Users/vivek/Library/Developer/Xcode/DerivedData/FinSafarMobile-crxdngiqgpzuzzgywsfulnakvumi/Build/Products/Debug-iphonesimulator/ReactCodegen
    export BUNDLE_CONTENTS_FOLDER_PATH_deep\=Contents/
    export BUNDLE_EXECUTABLE_FOLDER_NAME_deep\=MacOS
    export BUNDLE_EXTENSIONS_FOLDER_PATH\=Extensions
    export BUNDLE_FORMAT\=shallow
    export BUNDLE_FRAMEWORKS_FOLDER_PATH\=Frameworks
    export BUNDLE_PLUGINS_FOLDER_PATH\=PlugIns
    export BUNDLE_PRIVATE_HEADERS_FOLDER_PATH\=PrivateHeaders
    export BUNDLE_PUBLIC_HEADERS_FOLDER_PATH\=Headers
    export CACHE_ROOT\=/var/folders/hm/dvdw0q_d2yg07bbndzyfxl9c0000gn/C/com.apple.DeveloperTools/16.4-16F6/Xcode
    export CCHROOT\=/var/folders/hm/dvdw0q_d2yg07bbndzyfxl9c0000gn/C/com.apple.DeveloperTools/16.4-16F6/Xcode
    export CHMOD\=/bin/chmod
    export CHOWN\=/usr/sbin/chown
    export CLANG_ANALYZER_LOCALIZABILITY_NONLOCALIZED\=YES
    export CLANG_ANALYZER_NONNULL\=YES
    export CLANG_ANALYZER_NUMBER_OBJECT_CONVERSION\=YES_AGGRESSIVE
    export CLANG_CACHE_FINE_GRAINED_OUTPUTS\=YES
    export CLANG_CXX_LANGUAGE_STANDARD\=c++20
    export CLANG_CXX_LIBRARY\=libc++
    export CLANG_ENABLE_EXPLICIT_MODULES\=YES
    export CLANG_ENABLE_MODULES\=YES
    export CLANG_ENABLE_OBJC_ARC\=YES
    export CLANG_ENABLE_OBJC_WEAK\=NO
    export CLANG_MODULES_BUILD_SESSION_FILE\=/Users/vivek/Library/Developer/Xcode/DerivedData/ModuleCache.noindex/Session.modulevalidation
    export CLANG_WARN_BLOCK_CAPTURE_AUTORELEASING\=YES
    export CLANG_WARN_BOOL_CONVERSION\=YES
    export CLANG_WARN_COMMA\=YES
    export CLANG_WARN_CONSTANT_CONVERSION\=YES
    export CLANG_WARN_DEPRECATED_OBJC_IMPLEMENTATIONS\=YES
    export CLANG_WARN_DIRECT_OBJC_ISA_USAGE\=YES_ERROR
    export CLANG_WARN_DOCUMENTATION_COMMENTS\=YES
    export CLANG_WARN_EMPTY_BODY\=YES
    export CLANG_WARN_ENUM_CONVERSION\=YES
    export CLANG_WARN_INFINITE_RECURSION\=YES
    export CLANG_WARN_INT_CONVERSION\=YES
    export CLANG_WARN_NON_LITERAL_NULL_CONVERSION\=YES
    export CLANG_WARN_OBJC_IMPLICIT_RETAIN_SELF\=YES
    export CLANG_WARN_OBJC_LITERAL_CONVERSION\=YES
    export CLANG_WARN_OBJC_ROOT_CLASS\=YES_ERROR
    export CLANG_WARN_QUOTED_INCLUDE_IN_FRAMEWORK_HEADER\=NO
    export CLANG_WARN_RANGE_LOOP_ANALYSIS\=YES
    export CLANG_WARN_STRICT_PROTOTYPES\=YES
    export CLANG_WARN_SUSPICIOUS_MOVE\=YES
    export CLANG_WARN_UNGUARDED_AVAILABILITY\=YES_AGGRESSIVE
    export CLANG_WARN_UNREACHABLE_CODE\=YES
    export CLANG_WARN__DUPLICATE_METHOD_MATCH\=YES
    export CLASS_FILE_DIR\=/Users/vivek/Library/Developer/Xcode/DerivedData/FinSafarMobile-crxdngiqgpzuzzgywsfulnakvumi/Build/Intermediates.noindex/Pods.build/Debug-iphonesimulator/ReactCodegen.build/JavaClasses
    export CLEAN_PRECOMPS\=YES
    export CLONE_HEADERS\=NO
    export CODESIGNING_FOLDER_PATH\=/Users/vivek/Library/Developer/Xcode/DerivedData/FinSafarMobile-crxdngiqgpzuzzgywsfulnakvumi/Build/Products/Debug-iphonesimulator/ReactCodegen/ReactCodegen.framework
    export CODE_SIGNING_ALLOWED\=YES
    export CODE_SIGNING_REQUIRED\=NO
    export CODE_SIGNING_REQUIRES_TEAM\=YES
    export CODE_SIGN_CONTEXT_CLASS\=XCiPhoneSimulatorCodeSignContext
    export CODE_SIGN_IDENTITY\=-
    export CODE_SIGN_INJECT_BASE_ENTITLEMENTS\=YES
    export COLOR_DIAGNOSTICS\=NO
    export COMBINE_HIDPI_IMAGES\=NO
    export COMPILATION_CACHE_CAS_PATH\=/Users/vivek/Library/Developer/Xcode/DerivedData/CompilationCache.noindex
    export COMPILATION_CACHE_KEEP_CAS_DIRECTORY\=YES
    export COMPILER_INDEX_STORE_ENABLE\=Default
    export COMPOSITE_SDK_DIRS\=/Users/vivek/Library/Developer/Xcode/DerivedData/FinSafarMobile-crxdngiqgpzuzzgywsfulnakvumi/Build/Intermediates.noindex/CompositeSDKs
    export COMPRESS_PNG_FILES\=YES
    export CONFIGURATION\=Debug
    export CONFIGURATION_BUILD_DIR\=/Users/vivek/Library/Developer/Xcode/DerivedData/FinSafarMobile-crxdngiqgpzuzzgywsfulnakvumi/Build/Products/Debug-iphonesimulator/ReactCodegen
    export CONFIGURATION_TEMP_DIR\=/Users/vivek/Library/Developer/Xcode/DerivedData/FinSafarMobile-crxdngiqgpzuzzgywsfulnakvumi/Build/Intermediates.noindex/Pods.build/Debug-iphonesimulator
    export CONTENTS_FOLDER_PATH\=ReactCodegen.framework
    export CONTENTS_FOLDER_PATH_SHALLOW_BUNDLE_NO\=ReactCodegen.framework/A
    export CONTENTS_FOLDER_PATH_SHALLOW_BUNDLE_YES\=ReactCodegen.framework
    export COPYING_PRESERVES_HFS_DATA\=NO
    export COPY_HEADERS_RUN_UNIFDEF\=NO
    export COPY_PHASE_STRIP\=NO
    export CORRESPONDING_DEVICE_PLATFORM_DIR\=/Applications/Xcode.app/Contents/Developer/Platforms/iPhoneOS.platform
    export CORRESPONDING_DEVICE_PLATFORM_NAME\=iphoneos
    export CORRESPONDING_DEVICE_SDK_DIR\=/Applications/Xcode.app/Contents/Developer/Platforms/iPhoneOS.platform/Developer/SDKs/iPhoneOS18.5.sdk
    export CORRESPONDING_DEVICE_SDK_NAME\=iphoneos18.5
    export CP\=/bin/cp
    export CREATE_INFOPLIST_SECTION_IN_BINARY\=NO
    export CURRENT_ARCH\=undefined_arch
    export CURRENT_PROJECT_VERSION\=1
    export CURRENT_VARIANT\=normal
    export CURRENT_VERSION\=Current
    export DEAD_CODE_STRIPPING\=YES
    export DEBUGGING_SYMBOLS\=YES
    export DEBUG_INFORMATION_FORMAT\=dwarf
    export DEBUG_INFORMATION_VERSION\=compiler-default
    export DEFAULT_COMPILER\=com.apple.compilers.llvm.clang.1_0
    export DEFAULT_DEXT_INSTALL_PATH\=/System/Library/DriverExtensions
    export DEFAULT_KEXT_INSTALL_PATH\=/System/Library/Extensions
    export DEFINES_MODULE\=YES
    export DEPLOYMENT_LOCATION\=NO
    export DEPLOYMENT_POSTPROCESSING\=NO
    export DEPLOYMENT_TARGET_SETTING_NAME\=IPHONEOS_DEPLOYMENT_TARGET
    export DEPLOYMENT_TARGET_SUGGESTED_VALUES\=12.0\ 12.1\ 12.2\ 12.3\ 12.4\ 13.0\ 13.1\ 13.2\ 13.3\ 13.4\ 13.5\ 13.6\ 14.0\ 14.1\ 14.2\ 14.3\ 14.4\ 14.5\ 14.6\ 14.7\ 15.0\ 15.1\ 15.2\ 15.3\ 15.4\ 15.5\ 15.6\ 16.0\ 16.1\ 16.2\ 16.3\ 16.4\ 16.5\ 16.6\ 17.0\ 17.1\ 17.2\ 17.3\ 17.4\ 17.5\ 17.6\ 18.0\ 18.1\ 18.2\ 18.3\ 18.4\ 18.5
    export DERIVED_FILES_DIR\=/Users/vivek/Library/Developer/Xcode/DerivedData/FinSafarMobile-crxdngiqgpzuzzgywsfulnakvumi/Build/Intermediates.noindex/Pods.build/Debug-iphonesimulator/ReactCodegen.build/DerivedSources
    export DERIVED_FILE_DIR\=/Users/vivek/Library/Developer/Xcode/DerivedData/FinSafarMobile-crxdngiqgpzuzzgywsfulnakvumi/Build/Intermediates.noindex/Pods.build/Debug-iphonesimulator/ReactCodegen.build/DerivedSources
    export DERIVED_SOURCES_DIR\=/Users/vivek/Library/Developer/Xcode/DerivedData/FinSafarMobile-crxdngiqgpzuzzgywsfulnakvumi/Build/Intermediates.noindex/Pods.build/Debug-iphonesimulator/ReactCodegen.build/DerivedSources
    export DEVELOPER_APPLICATIONS_DIR\=/Applications/Xcode.app/Contents/Developer/Applications
    export DEVELOPER_BIN_DIR\=/Applications/Xcode.app/Contents/Developer/usr/bin
    export DEVELOPER_DIR\=/Applications/Xcode.app/Contents/Developer
    export DEVELOPER_FRAMEWORKS_DIR\=/Applications/Xcode.app/Contents/Developer/Library/Frameworks
    export DEVELOPER_FRAMEWORKS_DIR_QUOTED\=/Applications/Xcode.app/Contents/Developer/Library/Frameworks
    export DEVELOPER_LIBRARY_DIR\=/Applications/Xcode.app/Contents/Developer/Library
    export DEVELOPER_SDK_DIR\=/Applications/Xcode.app/Contents/Developer/Platforms/MacOSX.platform/Developer/SDKs
    export DEVELOPER_TOOLS_DIR\=/Applications/Xcode.app/Contents/Developer/Tools
    export DEVELOPER_USR_DIR\=/Applications/Xcode.app/Contents/Developer/usr
    export DEVELOPMENT_LANGUAGE\=en
    export DIAGNOSE_MISSING_TARGET_DEPENDENCIES\=YES
    export DIFF\=/usr/bin/diff
    export DOCUMENTATION_FOLDER_PATH\=ReactCodegen.framework/en.lproj/Documentation
    export DONT_GENERATE_INFOPLIST_FILE\=NO
    export DSTROOT\=/tmp/Pods.dst
    export DT_TOOLCHAIN_DIR\=/Applications/Xcode.app/Contents/Developer/Toolchains/XcodeDefault.xctoolchain
    export DWARF_DSYM_FILE_NAME\=ReactCodegen.framework.dSYM
    export DWARF_DSYM_FILE_SHOULD_ACCOMPANY_PRODUCT\=NO
    export DWARF_DSYM_FOLDER_PATH\=/Users/vivek/Library/Developer/Xcode/DerivedData/FinSafarMobile-crxdngiqgpzuzzgywsfulnakvumi/Build/Products/Debug-iphonesimulator/ReactCodegen
    export DYLIB_COMPATIBILITY_VERSION\=1
    export DYLIB_CURRENT_VERSION\=1
    export DYLIB_INSTALL_NAME_BASE\=@rpath
    export DYNAMIC_LIBRARY_EXTENSION\=dylib
    export EAGER_COMPILATION_ALLOW_SCRIPTS\=NO
    export EAGER_LINKING\=NO
    export EFFECTIVE_PLATFORM_NAME\=-iphonesimulator
    export EMBEDDED_CONTENT_CONTAINS_SWIFT\=NO
    export EMBED_ASSET_PACKS_IN_PRODUCT_BUNDLE\=NO
    export ENABLE_APP_SANDBOX\=NO
    export ENABLE_BITCODE\=NO
    export ENABLE_CODE_COVERAGE\=YES
    export ENABLE_DEFAULT_HEADER_SEARCH_PATHS\=YES
    export ENABLE_DEFAULT_SEARCH_PATHS\=YES
    export ENABLE_HARDENED_RUNTIME\=NO
    export ENABLE_HEADER_DEPENDENCIES\=YES
    export ENABLE_INCOMING_NETWORK_CONNECTIONS\=NO
    export ENABLE_ON_DEMAND_RESOURCES\=NO
    export ENABLE_OUTGOING_NETWORK_CONNECTIONS\=NO
    export ENABLE_PREVIEWS\=NO
    export ENABLE_RESOURCE_ACCESS_AUDIO_INPUT\=NO
    export ENABLE_RESOURCE_ACCESS_BLUETOOTH\=NO
    export ENABLE_RESOURCE_ACCESS_CALENDARS\=NO
    export ENABLE_RESOURCE_ACCESS_CAMERA\=NO
    export ENABLE_RESOURCE_ACCESS_CONTACTS\=NO
    export ENABLE_RESOURCE_ACCESS_LOCATION\=NO
    export ENABLE_RESOURCE_ACCESS_PRINTING\=NO
    export ENABLE_RESOURCE_ACCESS_USB\=NO
    export ENABLE_SDK_IMPORTS\=NO
    export ENABLE_STRICT_OBJC_MSGSEND\=YES
    export ENABLE_TESTABILITY\=YES
    export ENABLE_TESTING_SEARCH_PATHS\=NO
    export ENABLE_USER_SCRIPT_SANDBOXING\=NO
    export ENABLE_XOJIT_PREVIEWS\=YES
    export ENFORCE_VALID_ARCHS\=YES
    export ENTITLEMENTS_DESTINATION\=__entitlements
    export ENTITLEMENTS_REQUIRED\=NO
    export EXCLUDED_INSTALLSRC_SUBDIRECTORY_PATTERNS\=.DS_Store\ .svn\ .git\ .hg\ CVS
    export EXCLUDED_RECURSIVE_SEARCH_PATH_SUBDIRECTORIES\=\*.nib\ \*.lproj\ \*.framework\ \*.gch\ \*.xcode\*\ \*.xcassets\ \(\*\)\ .DS_Store\ CVS\ .svn\ .git\ .hg\ \*.pbproj\ \*.pbxproj
    export EXECUTABLES_FOLDER_PATH\=ReactCodegen.framework/en.lproj
    export EXECUTABLE_FOLDER_PATH\=ReactCodegen.framework
    export EXECUTABLE_FOLDER_PATH_SHALLOW_BUNDLE_NO\=ReactCodegen.framework
    export EXECUTABLE_FOLDER_PATH_SHALLOW_BUNDLE_YES\=ReactCodegen.framework
    export EXECUTABLE_NAME\=ReactCodegen
    export EXECUTABLE_PATH\=ReactCodegen.framework/ReactCodegen
    export EXPANDED_CODE_SIGN_IDENTITY\=-
    export EXPANDED_CODE_SIGN_IDENTITY_NAME\=Sign\ to\ Run\ Locally
    export EXTENSIONS_FOLDER_PATH\=ReactCodegen.framework/Extensions
    export FILE_LIST\=/Users/vivek/Library/Developer/Xcode/DerivedData/FinSafarMobile-crxdngiqgpzuzzgywsfulnakvumi/Build/Intermediates.noindex/Pods.build/Debug-iphonesimulator/ReactCodegen.build/Objects/LinkFileList
    export FIXED_FILES_DIR\=/Users/vivek/Library/Developer/Xcode/DerivedData/FinSafarMobile-crxdngiqgpzuzzgywsfulnakvumi/Build/Intermediates.noindex/Pods.build/Debug-iphonesimulator/ReactCodegen.build/FixedFiles
    export FRAMEWORKS_FOLDER_PATH\=ReactCodegen.framework/Frameworks
    export FRAMEWORK_FLAG_PREFIX\=-framework
    export FRAMEWORK_SEARCH_PATHS\=/Users/vivek/Library/Developer/Xcode/DerivedData/FinSafarMobile-crxdngiqgpzuzzgywsfulnakvumi/Build/Products/Debug-iphonesimulator/ReactCodegen\ \ \"/Users/vivek/Library/Developer/Xcode/DerivedData/FinSafarMobile-crxdngiqgpzuzzgywsfulnakvumi/Build/Products/Debug-iphonesimulator/RCTSwiftUI\"\ \"/Users/vivek/Library/Developer/Xcode/DerivedData/FinSafarMobile-crxdngiqgpzuzzgywsfulnakvumi/Build/Products/Debug-iphonesimulator/RCTSwiftUIWrapper\"\ \"/Users/vivek/Documents/projects/fin-safar/mobile_app/ios/Pods/React-Core-prebuilt\"\ \"/Users/vivek/Documents/projects/fin-safar/mobile_app/ios/Pods/ReactNativeDependencies/framework/packages/react-native\"\ \"/Users/vivek/Documents/projects/fin-safar/mobile_app/ios/Pods/hermes-engine/destroot/Library/Frameworks/universal\"\ \"/Users/vivek/Library/Developer/Xcode/DerivedData/FinSafarMobile-crxdngiqgpzuzzgywsfulnakvumi/Build/Products/Debug-iphonesimulator/XCFrameworkIntermediates/React-Core-prebuilt\"\ \"/Users/vivek/Library/Developer/Xcode/DerivedData/FinSafarMobile-crxdngiqgpzuzzgywsfulnakvumi/Build/Products/Debug-iphonesimulator/XCFrameworkIntermediates/ReactNativeDependencies\"\ \"/Users/vivek/Library/Developer/Xcode/DerivedData/FinSafarMobile-crxdngiqgpzuzzgywsfulnakvumi/Build/Products/Debug-iphonesimulator/XCFrameworkIntermediates/hermes-engine/Pre-built\"
    export FRAMEWORK_VERSION\=A
    export FULL_PRODUCT_NAME\=ReactCodegen.framework
    export FUSE_BUILD_PHASES\=YES
    export FUSE_BUILD_SCRIPT_PHASES\=NO
    export GCC3_VERSION\=3.3
    export GCC_C_LANGUAGE_STANDARD\=gnu11
    export GCC_DYNAMIC_NO_PIC\=NO
    export GCC_INLINES_ARE_PRIVATE_EXTERN\=YES
    export GCC_NO_COMMON_BLOCKS\=YES
    export GCC_OBJC_LEGACY_DISPATCH\=YES
    export GCC_OPTIMIZATION_LEVEL\=0
    export GCC_PFE_FILE_C_DIALECTS\=c\ objective-c\ c++\ objective-c++
    export GCC_PREFIX_HEADER\=Target\ Support\ Files/ReactCodegen/ReactCodegen-prefix.pch
    export GCC_PREPROCESSOR_DEFINITIONS\=POD_CONFIGURATION_DEBUG\=1\ DEBUG\=1\ \ COCOAPODS\=1
    export GCC_TREAT_WARNINGS_AS_ERRORS\=NO
    export GCC_VERSION\=com.apple.compilers.llvm.clang.1_0
    export GCC_VERSION_IDENTIFIER\=com_apple_compilers_llvm_clang_1_0
    export GCC_WARN_64_TO_32_BIT_CONVERSION\=YES
    export GCC_WARN_ABOUT_RETURN_TYPE\=YES_ERROR
    export GCC_WARN_UNDECLARED_SELECTOR\=YES
    export GCC_WARN_UNINITIALIZED_AUTOS\=YES_AGGRESSIVE
    export GCC_WARN_UNUSED_FUNCTION\=YES
    export GCC_WARN_UNUSED_VARIABLE\=YES
    export GENERATED_MODULEMAP_DIR\=/Users/vivek/Library/Developer/Xcode/DerivedData/FinSafarMobile-crxdngiqgpzuzzgywsfulnakvumi/Build/Intermediates.noindex/GeneratedModuleMaps-iphonesimulator
    export GENERATE_INFOPLIST_FILE\=NO
    export GENERATE_INTERMEDIATE_TEXT_BASED_STUBS\=YES
    export GENERATE_MASTER_OBJECT_FILE\=NO
    export GENERATE_PKGINFO_FILE\=NO
    export GENERATE_PROFILING_CODE\=NO
    export GENERATE_TEXT_BASED_STUBS\=NO
    export GID\=20
    export GROUP\=staff
    export HEADERMAP_INCLUDES_FLAT_ENTRIES_FOR_TARGET_BEING_BUILT\=YES
    export HEADERMAP_INCLUDES_FRAMEWORK_ENTRIES_FOR_ALL_PRODUCT_TYPES\=YES
    export HEADERMAP_INCLUDES_FRAMEWORK_ENTRIES_FOR_TARGETS_NOT_BEING_BUILT\=YES
    export HEADERMAP_INCLUDES_NONPUBLIC_NONPRIVATE_HEADERS\=YES
    export HEADERMAP_INCLUDES_PROJECT_HEADERS\=YES
    export HEADERMAP_USES_FRAMEWORK_PREFIX_ENTRIES\=YES
    export HEADERMAP_USES_VFS\=YES
    export HEADER_SEARCH_PATHS\=/Users/vivek/Library/Developer/Xcode/DerivedData/FinSafarMobile-crxdngiqgpzuzzgywsfulnakvumi/Build/Products/Debug-iphonesimulator/ReactCodegen/include\ \ /Users/vivek/Documents/projects/fin-safar/mobile_app/ios/Pods/ReactCommon\ /Users/vivek/Documents/projects/fin-safar/mobile_app/ios/Pods/ReactCommon/react/nativemodule/core\ /Users/vivek/Documents/projects/fin-safar/mobile_app/ios/Pods/React-runtimeexecutor\ /Users/vivek/Documents/projects/fin-safar/mobile_app/ios/Pods/React-runtimeexecutor/platform/ios\ /Users/vivek/Documents/projects/fin-safar/mobile_app/ios/Pods/ReactCommon-Samples\ /Users/vivek/Documents/projects/fin-safar/mobile_app/ios/Pods/ReactCommon-Samples/platform/ios\ /Users/vivek/Documents/projects/fin-safar/mobile_app/ios/Pods/React-Fabric/react/renderer/components/view/platform/cxx\ /Users/vivek/Documents/projects/fin-safar/mobile_app/ios/Pods/React-NativeModulesApple\ /Users/vivek/Documents/projects/fin-safar/mobile_app/ios/Pods/React-graphics\ /Users/vivek/Documents/projects/fin-safar/mobile_app/ios/Pods/React-graphics/react/renderer/graphics/platform/ios\ \"/Users/vivek/Documents/projects/fin-safar/mobile_app/ios/Pods/Headers/Public\"\ \"/Users/vivek/Documents/projects/fin-safar/mobile_app/ios/Pods/Headers/Public/FBLazyVector\"\ \"/Users/vivek/Documents/projects/fin-safar/mobile_app/ios/Pods/Headers/Public/RCTRequired\"\ \"/Users/vivek/Documents/projects/fin-safar/mobile_app/ios/Pods/Headers/Public/RCTTypeSafety\"\ \"/Users/vivek/Documents/projects/fin-safar/mobile_app/ios/Pods/Headers/Public/React-Core\"\ \"/Users/vivek/Documents/projects/fin-safar/mobile_app/ios/Pods/Headers/Public/React-Core-prebuilt\"\ \"/Users/vivek/Documents/projects/fin-safar/mobile_app/ios/Pods/Headers/Public/React-CoreModules\"\ \"/Users/vivek/Documents/projects/fin-safar/mobile_app/ios/Pods/Headers/Public/React-Fabric\"\ \"/Users/vivek/Documents/projects/fin-safar/mobile_app/ios/Pods/Headers/Public/React-FabricComponents\"\ \"/Users/vivek/Documents/projects/fin-safar/mobile_app/ios/Pods/Headers/Public/React-FabricImage\"\ \"/Users/vivek/Documents/projects/fin-safar/mobile_app/ios/Pods/Headers/Public/React-ImageManager\"\ \"/Users/vivek/Documents/projects/fin-safar/mobile_app/ios/Pods/Headers/Public/React-Mapbuffer\"\ \"/Users/vivek/Documents/projects/fin-safar/mobile_app/ios/Pods/Headers/Public/React-NativeModulesApple\"\ \"/Users/vivek/Documents/projects/fin-safar/mobile_app/ios/Pods/Headers/Public/React-RCTAnimation\"\ \"/Users/vivek/Documents/projects/fin-safar/mobile_app/ios/Pods/Headers/Public/React-RCTBlob\"\ \"/Users/vivek/Documents/projects/fin-safar/mobile_app/ios/Pods/Headers/Public/React-RCTFBReactNativeSpec\"\ \"/Users/vivek/Documents/projects/fin-safar/mobile_app/ios/Pods/Headers/Public/React-RCTFabric\"\ \"/Users/vivek/Documents/projects/fin-safar/mobile_app/ios/Pods/Headers/Public/React-RCTImage\"\ \"/Users/vivek/Documents/projects/fin-safar/mobile_app/ios/Pods/Headers/Public/React-RCTRuntime\"\ \"/Users/vivek/Documents/projects/fin-safar/mobile_app/ios/Pods/Headers/Public/React-RCTText\"\ \"/Users/vivek/Documents/projects/fin-safar/mobile_app/ios/Pods/Headers/Public/React-RuntimeApple\"\ \"/Users/vivek/Documents/projects/fin-safar/mobile_app/ios/Pods/Headers/Public/React-RuntimeCore\"\ \"/Users/vivek/Documents/projects/fin-safar/mobile_app/ios/Pods/Headers/Public/React-RuntimeHermes\"\ \"/Users/vivek/Documents/projects/fin-safar/mobile_app/ios/Pods/Headers/Public/React-callinvoker\"\ \"/Users/vivek/Documents/projects/fin-safar/mobile_app/ios/Pods/Headers/Public/React-cxxreact\"\ \"/Users/vivek/Documents/projects/fin-safar/mobile_app/ios/Pods/Headers/Public/React-debug\"\ \"/Users/vivek/Documents/projects/fin-safar/mobile_app/ios/Pods/Headers/Public/React-defaultsnativemodule\"\ \"/Users/vivek/Documents/projects/fin-safar/mobile_app/ios/Pods/Headers/Public/React-domnativemodule\"\ \"/Users/vivek/Documents/projects/fin-safar/mobile_app/ios/Pods/Headers/Public/React-featureflags\"\ \"/Users/vivek/Documents/projects/fin-safar/mobile_app/ios/Pods/Headers/Public/React-featureflagsnativemodule\"\ \"/Users/vivek/Documents/projects/fin-safar/mobile_app/ios/Pods/Headers/Public/React-graphics\"\ \"/Users/vivek/Documents/projects/fin-safar/mobile_app/ios/Pods/Headers/Public/React-hermes\"\ \"/Users/vivek/Documents/projects/fin-safar/mobile_app/ios/Pods/Headers/Public/React-idlecallbacksnativemodule\"\ \"/Users/vivek/Documents/projects/fin-safar/mobile_app/ios/Pods/Headers/Public/React-intersectionobservernativemodule\"\ \"/Users/vivek/Documents/projects/fin-safar/mobile_app/ios/Pods/Headers/Public/React-jserrorhandler\"\ \"/Users/vivek/Documents/projects/fin-safar/mobile_app/ios/Pods/Headers/Public/React-jsi\"\ \"/Users/vivek/Documents/projects/fin-safar/mobile_app/ios/Pods/Headers/Public/React-jsiexecutor\"\ \"/Users/vivek/Documents/projects/fin-safar/mobile_app/ios/Pods/Headers/Public/React-jsinspector\"\ \"/Users/vivek/Documents/projects/fin-safar/mobile_app/ios/Pods/Headers/Public/React-jsinspectorcdp\"\ \"/Users/vivek/Documents/projects/fin-safar/mobile_app/ios/Pods/Headers/Public/React-jsinspectornetwork\"\ \"/Users/vivek/Documents/projects/fin-safar/mobile_app/ios/Pods/Headers/Public/React-jsinspectortracing\"\ \"/Users/vivek/Documents/projects/fin-safar/mobile_app/ios/Pods/Headers/Public/React-jsitooling\"\ \"/Users/vivek/Documents/projects/fin-safar/mobile_app/ios/Pods/Headers/Public/React-logger\"\ \"/Users/vivek/Documents/projects/fin-safar/mobile_app/ios/Pods/Headers/Public/React-microtasksnativemodule\"\ \"/Users/vivek/Documents/projects/fin-safar/mobile_app/ios/Pods/Headers/Public/React-networking\"\ \"/Users/vivek/Documents/projects/fin-safar/mobile_app/ios/Pods/Headers/Public/React-oscompat\"\ \"/Users/vivek/Documents/projects/fin-safar/mobile_app/ios/Pods/Headers/Public/React-perflogger\"\ \"/Users/vivek/Documents/projects/fin-safar/mobile_app/ios/Pods/Headers/Public/React-performancecdpmetrics\"\ \"/Users/vivek/Documents/projects/fin-safar/mobile_app/ios/Pods/Headers/Public/React-performancetimeline\"\ \"/Users/vivek/Documents/projects/fin-safar/mobile_app/ios/Pods/Headers/Public/React-rendererconsistency\"\ \"/Users/vivek/Documents/projects/fin-safar/mobile_app/ios/Pods/Headers/Public/React-renderercss\"\ \"/Users/vivek/Documents/projects/fin-safar/mobile_app/ios/Pods/Headers/Public/React-rendererdebug\"\ \"/Users/vivek/Documents/projects/fin-safar/mobile_app/ios/Pods/Headers/Public/React-runtimeexecutor\"\ \"/Users/vivek/Documents/projects/fin-safar/mobile_app/ios/Pods/Headers/Public/React-runtimescheduler\"\ \"/Users/vivek/Documents/projects/fin-safar/mobile_app/ios/Pods/Headers/Public/React-timing\"\ \"/Users/vivek/Documents/projects/fin-safar/mobile_app/ios/Pods/Headers/Public/React-utils\"\ \"/Users/vivek/Documents/projects/fin-safar/mobile_app/ios/Pods/Headers/Public/React-webperformancenativemodule\"\ \"/Users/vivek/Documents/projects/fin-safar/mobile_app/ios/Pods/Headers/Public/ReactCommon\"\ \"/Users/vivek/Documents/projects/fin-safar/mobile_app/ios/Pods/Headers/Public/ReactNativeDependencies\"\ \"/Users/vivek/Documents/projects/fin-safar/mobile_app/ios/Pods/Headers/Public/Yoga\"\ \"/Users/vivek/Documents/projects/fin-safar/mobile_app/ios/Pods/Headers/Public/hermes-engine\"\ \"/Users/vivek/Documents/projects/fin-safar/mobile_app/ios/Pods/ReactNativeDependencies\"\ \"/Users/vivek/Documents/projects/fin-safar/mobile_app/ios/Pods/Headers/Public/ReactCodegen/react/renderer/components\"\ \"/Users/vivek/Documents/projects/fin-safar/mobile_app/ios/Pods/Headers/Private/React-Fabric\"\ \"/Users/vivek/Documents/projects/fin-safar/mobile_app/ios/Pods/Headers/Private/React-RCTFabric\"\ \"/Users/vivek/Documents/projects/fin-safar/mobile_app/ios/Pods/Headers/Private/Yoga\"\ \"/Users/vivek/Documents/projects/fin-safar/mobile_app/ios/Pods/../build/generated/ios/ReactCodegen\"\ \"/Users/vivek/Documents/projects/fin-safar/mobile_app/ios/Pods/React-Fabric\"\ \"/Users/vivek/Documents/projects/fin-safar/mobile_app/ios/Pods/React-Fabric/react/renderer/components/view/platform/cxx\"\ \"/Users/vivek/Documents/projects/fin-safar/mobile_app/ios/Pods/React-FabricImage\"\ \"/Users/vivek/Documents/projects/fin-safar/mobile_app/ios/Pods/React-graphics\"\ \"/Users/vivek/Documents/projects/fin-safar/mobile_app/ios/Pods/React-graphics/react/renderer/graphics/platform/ios\"\ \"/Users/vivek/Documents/projects/fin-safar/mobile_app/ios/Pods/ReactCommon\"\ \"/Users/vivek/Documents/projects/fin-safar/mobile_app/ios/Pods/ReactCommon/react/nativemodule/core\"\ \"/Users/vivek/Documents/projects/fin-safar/mobile_app/ios/Pods/React-runtimeexecutor\"\ \"/Users/vivek/Documents/projects/fin-safar/mobile_app/ios/Pods/React-runtimeexecutor/platform/ios\"\ \"/Users/vivek/Documents/projects/fin-safar/mobile_app/ios/Pods/React-NativeModulesApple\"\ \"/Users/vivek/Documents/projects/fin-safar/mobile_app/ios/Pods/React-RCTFabric\"\ \"/Users/vivek/Documents/projects/fin-safar/mobile_app/ios/Pods/React-debug\"\ \"/Users/vivek/Documents/projects/fin-safar/mobile_app/ios/Pods/React-rendererdebug\"\ \"/Users/vivek/Documents/projects/fin-safar/mobile_app/ios/Pods/React-utils\"\ \"/Users/vivek/Documents/projects/fin-safar/mobile_app/ios/Pods/React-featureflags\"
    export HIDE_BITCODE_SYMBOLS\=YES
    export HOME\=/Users/vivek
    export HOST_ARCH\=x86_64
    export HOST_PLATFORM\=macosx
    export ICONV\=/usr/bin/iconv
    export IMPLICIT_DEPENDENCY_DOMAIN\=default
    export INFOPLIST_ENABLE_CFBUNDLEICONS_MERGE\=YES
    export INFOPLIST_EXPAND_BUILD_SETTINGS\=YES
    export INFOPLIST_FILE\=Target\ Support\ Files/ReactCodegen/ReactCodegen-Info.plist
    export INFOPLIST_OUTPUT_FORMAT\=binary
    export INFOPLIST_PATH\=ReactCodegen.framework/Info.plist
    export INFOPLIST_PREPROCESS\=NO
    export INFOSTRINGS_PATH\=ReactCodegen.framework/en.lproj/InfoPlist.strings
    export INLINE_PRIVATE_FRAMEWORKS\=NO
    export INSTALLAPI_IGNORE_SKIP_INSTALL\=YES
    export INSTALLHDRS_COPY_PHASE\=NO
    export INSTALLHDRS_SCRIPT_PHASE\=NO
    export INSTALL_DIR\=/tmp/Pods.dst/Library/Frameworks
    export INSTALL_GROUP\=staff
    export INSTALL_MODE_FLAG\=u+w,go-w,a+rX
    export INSTALL_OWNER\=vivek
    export INSTALL_PATH\=/Library/Frameworks
    export INSTALL_ROOT\=/tmp/Pods.dst
    export IPHONEOS_DEPLOYMENT_TARGET\=15.1
    export IS_UNOPTIMIZED_BUILD\=YES
    export JAVAC_DEFAULT_FLAGS\=-J-Xms64m\ -J-XX:NewSize\=4M\ -J-Dfile.encoding\=UTF8
    export JAVA_APP_STUB\=/System/Library/Frameworks/JavaVM.framework/Resources/MacOS/JavaApplicationStub
    export JAVA_ARCHIVE_CLASSES\=YES
    export JAVA_ARCHIVE_TYPE\=JAR
    export JAVA_COMPILER\=/usr/bin/javac
    export JAVA_FOLDER_PATH\=ReactCodegen.framework/Java
    export JAVA_FRAMEWORK_RESOURCES_DIRS\=Resources
    export JAVA_JAR_FLAGS\=cv
    export JAVA_SOURCE_SUBDIR\=.
    export JAVA_USE_DEPENDENCIES\=YES
    export JAVA_ZIP_FLAGS\=-urg
    export JIKES_DEFAULT_FLAGS\=+E\ +OLDCSO
    export KEEP_PRIVATE_EXTERNS\=NO
    export LD_DEPENDENCY_INFO_FILE\=/Users/vivek/Library/Developer/Xcode/DerivedData/FinSafarMobile-crxdngiqgpzuzzgywsfulnakvumi/Build/Intermediates.noindex/Pods.build/Debug-iphonesimulator/ReactCodegen.build/Objects-normal/undefined_arch/ReactCodegen_dependency_info.dat
    export LD_DYLIB_INSTALL_NAME\=@rpath/ReactCodegen.framework/ReactCodegen
    export LD_EXPORT_SYMBOLS\=YES
    export LD_GENERATE_MAP_FILE\=NO
    export LD_MAP_FILE_PATH\=/Users/vivek/Library/Developer/Xcode/DerivedData/FinSafarMobile-crxdngiqgpzuzzgywsfulnakvumi/Build/Intermediates.noindex/Pods.build/Debug-iphonesimulator/ReactCodegen.build/ReactCodegen-LinkMap-normal-undefined_arch.txt
    export LD_NO_PIE\=NO
    export LD_QUOTE_LINKER_ARGUMENTS_FOR_COMPILER_DRIVER\=YES
    export LD_RUNPATH_SEARCH_PATHS\=\ @executable_path/Frameworks\ @loader_path/Frameworks
    export LD_SHARED_CACHE_ELIGIBLE\=Automatic
    export LD_WARN_DUPLICATE_LIBRARIES\=NO
    export LD_WARN_UNUSED_DYLIBS\=NO
    export LEGACY_DEVELOPER_DIR\=/Applications/Xcode.app/Contents/PlugIns/Xcode3Core.ideplugin/Contents/SharedSupport/Developer
    export LEX\=lex
    export LIBRARY_DEXT_INSTALL_PATH\=/Library/DriverExtensions
    export LIBRARY_FLAG_NOSPACE\=YES
    export LIBRARY_FLAG_PREFIX\=-l
    export LIBRARY_KEXT_INSTALL_PATH\=/Library/Extensions
    export LIBRARY_SEARCH_PATHS\=/Users/vivek/Library/Developer/Xcode/DerivedData/FinSafarMobile-crxdngiqgpzuzzgywsfulnakvumi/Build/Products/Debug-iphonesimulator/ReactCodegen\ 
    export LINKER_DISPLAYS_MANGLED_NAMES\=NO
    export LINK_FILE_LIST_normal_x86_64\=/Users/vivek/Library/Developer/Xcode/DerivedData/FinSafarMobile-crxdngiqgpzuzzgywsfulnakvumi/Build/Intermediates.noindex/Pods.build/Debug-iphonesimulator/ReactCodegen.build/Objects-normal/x86_64/ReactCodegen.LinkFileList
    export LINK_OBJC_RUNTIME\=YES
    export LINK_WITH_STANDARD_LIBRARIES\=YES
    export LLVM_TARGET_TRIPLE_OS_VERSION\=ios15.1
    export LLVM_TARGET_TRIPLE_SUFFIX\=-simulator
    export LLVM_TARGET_TRIPLE_VENDOR\=apple
    export LM_AUX_CONST_METADATA_LIST_PATH_normal_x86_64\=/Users/vivek/Library/Developer/Xcode/DerivedData/FinSafarMobile-crxdngiqgpzuzzgywsfulnakvumi/Build/Intermediates.noindex/Pods.build/Debug-iphonesimulator/ReactCodegen.build/Objects-normal/x86_64/ReactCodegen.SwiftConstValuesFileList
    export LOCALIZATION_EXPORT_SUPPORTED\=YES
    export LOCALIZATION_PREFERS_STRING_CATALOGS\=NO
    export LOCALIZED_RESOURCES_FOLDER_PATH\=ReactCodegen.framework/en.lproj
    export LOCALIZED_STRING_MACRO_NAMES\=NSLocalizedString\ CFCopyLocalizedString
    export LOCALIZED_STRING_SWIFTUI_SUPPORT\=YES
    export LOCAL_ADMIN_APPS_DIR\=/Applications/Utilities
    export LOCAL_APPS_DIR\=/Applications
    export LOCAL_DEVELOPER_DIR\=/Library/Developer
    export LOCAL_LIBRARY_DIR\=/Library
    export LOCROOT\=/Users/vivek/Documents/projects/fin-safar/mobile_app/ios/Pods
    export LOCSYMROOT\=/Users/vivek/Documents/projects/fin-safar/mobile_app/ios/Pods
    export MACH_O_TYPE\=staticlib
    export MAC_OS_X_PRODUCT_BUILD_VERSION\=24G517
    export MAC_OS_X_VERSION_ACTUAL\=150704
    export MAC_OS_X_VERSION_MAJOR\=150000
    export MAC_OS_X_VERSION_MINOR\=150700
    export MAKE_MERGEABLE\=NO
    export MERGEABLE_LIBRARY\=NO
    export MERGED_BINARY_TYPE\=none
    export MERGE_LINKED_LIBRARIES\=NO
    export METAL_LIBRARY_FILE_BASE\=default
    export METAL_LIBRARY_OUTPUT_DIR\=/Users/vivek/Library/Developer/Xcode/DerivedData/FinSafarMobile-crxdngiqgpzuzzgywsfulnakvumi/Build/Products/Debug-iphonesimulator/ReactCodegen/ReactCodegen.framework
    export MODULEMAP_FILE\=Target\ Support\ Files/ReactCodegen/ReactCodegen.modulemap
    export MODULES_FOLDER_PATH\=ReactCodegen.framework/Modules
    export MODULE_CACHE_DIR\=/Users/vivek/Library/Developer/Xcode/DerivedData/ModuleCache.noindex
    export MTL_ENABLE_DEBUG_INFO\=INCLUDE_SOURCE
    export MTL_FAST_MATH\=YES
    export NATIVE_ARCH\=x86_64
    export NATIVE_ARCH_32_BIT\=i386
    export NATIVE_ARCH_64_BIT\=x86_64
    export NATIVE_ARCH_ACTUAL\=x86_64
    export NO_COMMON\=YES
    export OBJC_ABI_VERSION\=2
    export OBJECT_FILE_DIR\=/Users/vivek/Library/Developer/Xcode/DerivedData/FinSafarMobile-crxdngiqgpzuzzgywsfulnakvumi/Build/Intermediates.noindex/Pods.build/Debug-iphonesimulator/ReactCodegen.build/Objects
    export OBJECT_FILE_DIR_normal\=/Users/vivek/Library/Developer/Xcode/DerivedData/FinSafarMobile-crxdngiqgpzuzzgywsfulnakvumi/Build/Intermediates.noindex/Pods.build/Debug-iphonesimulator/ReactCodegen.build/Objects-normal
    export OBJROOT\=/Users/vivek/Library/Developer/Xcode/DerivedData/FinSafarMobile-crxdngiqgpzuzzgywsfulnakvumi/Build/Intermediates.noindex
    export ONLY_ACTIVE_ARCH\=YES
    export OS\=MACOS
    export OSAC\=/usr/bin/osacompile
    export OTHER_CFLAGS\=\ -DRCT_REMOVE_LEGACY_ARCH\=1
    export OTHER_CPLUSPLUSFLAGS\=\ -DRCT_REMOVE_LEGACY_ARCH\=1\ -DRCT_REMOVE_LEGACY_ARCH\=1\ -DFOLLY_MOBILE\=1\ -DFOLLY_USE_LIBCPP\=1\ -DFOLLY_CFG_NO_COROUTINES\=1\ -DFOLLY_HAVE_CLOCK_GETTIME\=1\ -Wno-comma\ -Wno-shorten-64-to-32\ -Wno-documentation
    export PACKAGE_TYPE\=com.apple.package-type.wrapper.framework
    export PASCAL_STRINGS\=YES
    export PATH\=/Applications/Xcode.app/Contents/SharedFrameworks/SwiftBuild.framework/Versions/A/PlugIns/SWBBuildService.bundle/Contents/PlugIns/SWBUniversalPlatformPlugin.bundle/Contents/Frameworks/SWBUniversalPlatform.framework/Resources:/Applications/Xcode.app/Contents/Developer/Toolchains/XcodeDefault.xctoolchain/usr/bin:/Applications/Xcode.app/Contents/Developer/Toolchains/XcodeDefault.xctoolchain/usr/local/bin:/Applications/Xcode.app/Contents/Developer/Toolchains/XcodeDefault.xctoolchain/usr/libexec:/Applications/Xcode.app/Contents/Developer/Platforms/iPhoneSimulator.platform/usr/bin:/Applications/Xcode.app/Contents/Developer/Platforms/iPhoneSimulator.platform/usr/local/bin:/Applications/Xcode.app/Contents/Developer/Platforms/iPhoneSimulator.platform/Developer/usr/bin:/Applications/Xcode.app/Contents/Developer/Platforms/iPhoneSimulator.platform/Developer/usr/local/bin:/Applications/Xcode.app/Contents/Developer/usr/bin:/Applications/Xcode.app/Contents/Developer/usr/local/bin:/Users/vivek/.nvm/versions/node/v20.19.0/bin:/Library/Frameworks/Python.framework/Versions/3.12/bin:/usr/local/bin:/System/Cryptexes/App/usr/bin:/usr/bin:/bin:/usr/sbin:/sbin:/var/run/com.apple.security.cryptexd/codex.system/bootstrap/usr/local/bin:/var/run/com.apple.security.cryptexd/codex.system/bootstrap/usr/bin:/var/run/com.apple.security.cryptexd/codex.system/bootstrap/usr/appleinternal/bin:/Library/Apple/usr/bin:/usr/local/share/dotnet
    export PATH_PREFIXES_EXCLUDED_FROM_HEADER_DEPENDENCIES\=/usr/include\ /usr/local/include\ /System/Library/Frameworks\ /System/Library/PrivateFrameworks\ /Applications/Xcode.app/Contents/Developer/Headers\ /Applications/Xcode.app/Contents/Developer/SDKs\ /Applications/Xcode.app/Contents/Developer/Platforms
    export PBDEVELOPMENTPLIST_PATH\=ReactCodegen.framework/pbdevelopment.plist
    export PER_ARCH_MODULE_FILE_DIR\=/Users/vivek/Library/Developer/Xcode/DerivedData/FinSafarMobile-crxdngiqgpzuzzgywsfulnakvumi/Build/Intermediates.noindex/Pods.build/Debug-iphonesimulator/ReactCodegen.build/Objects-normal/undefined_arch
    export PER_ARCH_OBJECT_FILE_DIR\=/Users/vivek/Library/Developer/Xcode/DerivedData/FinSafarMobile-crxdngiqgpzuzzgywsfulnakvumi/Build/Intermediates.noindex/Pods.build/Debug-iphonesimulator/ReactCodegen.build/Objects-normal/undefined_arch
    export PER_VARIANT_OBJECT_FILE_DIR\=/Users/vivek/Library/Developer/Xcode/DerivedData/FinSafarMobile-crxdngiqgpzuzzgywsfulnakvumi/Build/Intermediates.noindex/Pods.build/Debug-iphonesimulator/ReactCodegen.build/Objects-normal
    export PKGINFO_FILE_PATH\=/Users/vivek/Library/Developer/Xcode/DerivedData/FinSafarMobile-crxdngiqgpzuzzgywsfulnakvumi/Build/Intermediates.noindex/Pods.build/Debug-iphonesimulator/ReactCodegen.build/PkgInfo
    export PKGINFO_PATH\=ReactCodegen.framework/PkgInfo
    export PLATFORM_DEVELOPER_APPLICATIONS_DIR\=/Applications/Xcode.app/Contents/Developer/Platforms/iPhoneSimulator.platform/Developer/Applications
    export PLATFORM_DEVELOPER_BIN_DIR\=/Applications/Xcode.app/Contents/Developer/Platforms/iPhoneSimulator.platform/Developer/usr/bin
    export PLATFORM_DEVELOPER_LIBRARY_DIR\=/Applications/Xcode.app/Contents/Developer/Platforms/iPhoneSimulator.platform/Developer/Library
    export PLATFORM_DEVELOPER_SDK_DIR\=/Applications/Xcode.app/Contents/Developer/Platforms/iPhoneSimulator.platform/Developer/SDKs
    export PLATFORM_DEVELOPER_TOOLS_DIR\=/Applications/Xcode.app/Contents/Developer/Platforms/iPhoneSimulator.platform/Developer/Tools
    export PLATFORM_DEVELOPER_USR_DIR\=/Applications/Xcode.app/Contents/Developer/Platforms/iPhoneSimulator.platform/Developer/usr
    export PLATFORM_DIR\=/Applications/Xcode.app/Contents/Developer/Platforms/iPhoneSimulator.platform
    export PLATFORM_DISPLAY_NAME\=iOS\ Simulator
    export PLATFORM_FAMILY_NAME\=iOS
    export PLATFORM_NAME\=iphonesimulator
    export PLATFORM_PREFERRED_ARCH\=x86_64
    export PLATFORM_PRODUCT_BUILD_VERSION\=22F76
    export PLATFORM_REQUIRES_SWIFT_AUTOLINK_EXTRACT\=NO
    export PLATFORM_REQUIRES_SWIFT_MODULEWRAP\=NO
    export PLIST_FILE_OUTPUT_FORMAT\=binary
    export PLUGINS_FOLDER_PATH\=ReactCodegen.framework/PlugIns
    export PODS_BUILD_DIR\=/Users/vivek/Library/Developer/Xcode/DerivedData/FinSafarMobile-crxdngiqgpzuzzgywsfulnakvumi/Build/Products
    export PODS_CONFIGURATION_BUILD_DIR\=/Users/vivek/Library/Developer/Xcode/DerivedData/FinSafarMobile-crxdngiqgpzuzzgywsfulnakvumi/Build/Products/Debug-iphonesimulator
    export PODS_DEVELOPMENT_LANGUAGE\=en
    export PODS_ROOT\=/Users/vivek/Documents/projects/fin-safar/mobile_app/ios/Pods
    export PODS_TARGET_SRCROOT\=/Users/vivek/Documents/projects/fin-safar/mobile_app/ios/Pods/../build/generated/ios/ReactCodegen
    export PODS_XCFRAMEWORKS_BUILD_DIR\=/Users/vivek/Library/Developer/Xcode/DerivedData/FinSafarMobile-crxdngiqgpzuzzgywsfulnakvumi/Build/Products/Debug-iphonesimulator/XCFrameworkIntermediates
    export PRECOMPS_INCLUDE_HEADERS_FROM_BUILT_PRODUCTS_DIR\=YES
    export PRECOMP_DESTINATION_DIR\=/Users/vivek/Library/Developer/Xcode/DerivedData/FinSafarMobile-crxdngiqgpzuzzgywsfulnakvumi/Build/Intermediates.noindex/Pods.build/Debug-iphonesimulator/ReactCodegen.build/PrefixHeaders
    export PRIVATE_HEADERS_FOLDER_PATH\=ReactCodegen.framework/PrivateHeaders
    export PROCESSED_INFOPLIST_PATH\=/Users/vivek/Library/Developer/Xcode/DerivedData/FinSafarMobile-crxdngiqgpzuzzgywsfulnakvumi/Build/Intermediates.noindex/Pods.build/Debug-iphonesimulator/ReactCodegen.build/Objects-normal/undefined_arch/Processed-Info.plist
    export PRODUCT_BUNDLE_IDENTIFIER\=org.cocoapods.ReactCodegen
    export PRODUCT_BUNDLE_PACKAGE_TYPE\=FMWK
    export PRODUCT_MODULE_NAME\=ReactCodegen
    export PRODUCT_NAME\=ReactCodegen
    export PRODUCT_SETTINGS_PATH\=/Users/vivek/Documents/projects/fin-safar/mobile_app/ios/Pods/Target\ Support\ Files/ReactCodegen/ReactCodegen-Info.plist
    export PRODUCT_TYPE\=com.apple.product-type.framework
    export PROFILING_CODE\=NO
    export PROJECT\=Pods
    export PROJECT_DERIVED_FILE_DIR\=/Users/vivek/Library/Developer/Xcode/DerivedData/FinSafarMobile-crxdngiqgpzuzzgywsfulnakvumi/Build/Intermediates.noindex/Pods.build/DerivedSources
    export PROJECT_DIR\=/Users/vivek/Documents/projects/fin-safar/mobile_app/ios/Pods
    export PROJECT_FILE_PATH\=/Users/vivek/Documents/projects/fin-safar/mobile_app/ios/Pods/Pods.xcodeproj
    export PROJECT_GUID\=8699adb1dd336b26511df848a716bd42
    export PROJECT_NAME\=Pods
    export PROJECT_TEMP_DIR\=/Users/vivek/Library/Developer/Xcode/DerivedData/FinSafarMobile-crxdngiqgpzuzzgywsfulnakvumi/Build/Intermediates.noindex/Pods.build
    export PROJECT_TEMP_ROOT\=/Users/vivek/Library/Developer/Xcode/DerivedData/FinSafarMobile-crxdngiqgpzuzzgywsfulnakvumi/Build/Intermediates.noindex
    export PUBLIC_HEADERS_FOLDER_PATH\=ReactCodegen.framework/Headers
    export REACT_NATIVE_PATH\=/Users/vivek/Documents/projects/fin-safar/mobile_app/ios/Pods/../../node_modules/react-native
    export RECOMMENDED_IPHONEOS_DEPLOYMENT_TARGET\=15.0
    export RECURSIVE_SEARCH_PATHS_FOLLOW_SYMLINKS\=YES
    export REMOVE_CVS_FROM_RESOURCES\=YES
    export REMOVE_GIT_FROM_RESOURCES\=YES
    export REMOVE_HEADERS_FROM_EMBEDDED_BUNDLES\=YES
    export REMOVE_HG_FROM_RESOURCES\=YES
    export REMOVE_STATIC_EXECUTABLES_FROM_EMBEDDED_BUNDLES\=YES
    export REMOVE_SVN_FROM_RESOURCES\=YES
    export RESCHEDULE_INDEPENDENT_HEADERS_PHASES\=YES
    export REZ_COLLECTOR_DIR\=/Users/vivek/Library/Developer/Xcode/DerivedData/FinSafarMobile-crxdngiqgpzuzzgywsfulnakvumi/Build/Intermediates.noindex/Pods.build/Debug-iphonesimulator/ReactCodegen.build/ResourceManagerResources
    export REZ_OBJECTS_DIR\=/Users/vivek/Library/Developer/Xcode/DerivedData/FinSafarMobile-crxdngiqgpzuzzgywsfulnakvumi/Build/Intermediates.noindex/Pods.build/Debug-iphonesimulator/ReactCodegen.build/ResourceManagerResources/Objects
    export REZ_SEARCH_PATHS\=/Users/vivek/Library/Developer/Xcode/DerivedData/FinSafarMobile-crxdngiqgpzuzzgywsfulnakvumi/Build/Products/Debug-iphonesimulator/ReactCodegen\ 
    export SCAN_ALL_SOURCE_FILES_FOR_INCLUDES\=NO
    export SCRIPTS_FOLDER_PATH\=ReactCodegen.framework/Scripts
    export SCRIPT_INPUT_FILE_COUNT\=0
    export SCRIPT_INPUT_FILE_LIST_COUNT\=0
    export SCRIPT_OUTPUT_FILE_COUNT\=0
    export SCRIPT_OUTPUT_FILE_LIST_COUNT\=0
    export SDKROOT\=/Applications/Xcode.app/Contents/Developer/Platforms/iPhoneSimulator.platform/Developer/SDKs/iPhoneSimulator18.5.sdk
    export SDK_DIR\=/Applications/Xcode.app/Contents/Developer/Platforms/iPhoneSimulator.platform/Developer/SDKs/iPhoneSimulator18.5.sdk
    export SDK_DIR_iphonesimulator\=/Applications/Xcode.app/Contents/Developer/Platforms/iPhoneSimulator.platform/Developer/SDKs/iPhoneSimulator18.5.sdk
    export SDK_DIR_iphonesimulator18_5\=/Applications/Xcode.app/Contents/Developer/Platforms/iPhoneSimulator.platform/Developer/SDKs/iPhoneSimulator18.5.sdk
    export SDK_NAME\=iphonesimulator18.5
    export SDK_NAMES\=iphonesimulator18.5
    export SDK_PRODUCT_BUILD_VERSION\=22F76
    export SDK_STAT_CACHE_DIR\=/Users/vivek/Library/Developer/Xcode/DerivedData
    export SDK_STAT_CACHE_ENABLE\=YES
    export SDK_STAT_CACHE_PATH\=/Users/vivek/Library/Developer/Xcode/DerivedData/SDKStatCaches.noindex/iphonesimulator18.5-22F76-d5fc8ad4295d2ef488fb7d0f804ce0c4.sdkstatcache
    export SDK_VERSION\=18.5
    export SDK_VERSION_ACTUAL\=180500
    export SDK_VERSION_MAJOR\=180000
    export SDK_VERSION_MINOR\=180500
    export SED\=/usr/bin/sed
    export SEPARATE_STRIP\=NO
    export SEPARATE_SYMBOL_EDIT\=NO
    export SET_DIR_MODE_OWNER_GROUP\=YES
    export SET_FILE_MODE_OWNER_GROUP\=NO
    export SHALLOW_BUNDLE\=YES
    export SHALLOW_BUNDLE_TRIPLE\=ios-simulator
    export SHALLOW_BUNDLE_ios_macabi\=NO
    export SHALLOW_BUNDLE_macos\=NO
    export SHARED_DERIVED_FILE_DIR\=/Users/vivek/Library/Developer/Xcode/DerivedData/FinSafarMobile-crxdngiqgpzuzzgywsfulnakvumi/Build/Products/Debug-iphonesimulator/ReactCodegen/DerivedSources
    export SHARED_FRAMEWORKS_FOLDER_PATH\=ReactCodegen.framework/SharedFrameworks
    export SHARED_PRECOMPS_DIR\=/Users/vivek/Library/Developer/Xcode/DerivedData/FinSafarMobile-crxdngiqgpzuzzgywsfulnakvumi/Build/Intermediates.noindex/PrecompiledHeaders
    export SHARED_SUPPORT_FOLDER_PATH\=ReactCodegen.framework
    export SKIP_INSTALL\=YES
    export SOURCE_ROOT\=/Users/vivek/Documents/projects/fin-safar/mobile_app/ios/Pods
    export SRCROOT\=/Users/vivek/Documents/projects/fin-safar/mobile_app/ios/Pods
    export STRINGSDATA_DIR\=/Users/vivek/Library/Developer/Xcode/DerivedData/FinSafarMobile-crxdngiqgpzuzzgywsfulnakvumi/Build/Intermediates.noindex/Pods.build/Debug-iphonesimulator/ReactCodegen.build/Objects-normal/undefined_arch
    export STRINGSDATA_ROOT\=/Users/vivek/Library/Developer/Xcode/DerivedData/FinSafarMobile-crxdngiqgpzuzzgywsfulnakvumi/Build/Intermediates.noindex/Pods.build/Debug-iphonesimulator/ReactCodegen.build
    export STRINGS_FILE_INFOPLIST_RENAME\=YES
    export STRINGS_FILE_OUTPUT_ENCODING\=binary
    export STRIP_BITCODE_FROM_COPIED_FILES\=NO
    export STRIP_INSTALLED_PRODUCT\=NO
    export STRIP_STYLE\=debugging
    export STRIP_SWIFT_SYMBOLS\=YES
    export SUPPORTED_DEVICE_FAMILIES\=1,2
    export SUPPORTED_PLATFORMS\=iphoneos\ iphonesimulator
    export SUPPORTS_TEXT_BASED_API\=NO
    export SUPPRESS_WARNINGS\=NO
    export SWIFT_ACTIVE_COMPILATION_CONDITIONS\=\ DEBUG\ 
    export SWIFT_EMIT_LOC_STRINGS\=NO
    export SWIFT_ENABLE_EXPLICIT_MODULES\=NO
    export SWIFT_INSTALL_MODULE_FOR_DEPLOYMENT\=YES
    export SWIFT_OPTIMIZATION_LEVEL\=-Onone
    export SWIFT_PLATFORM_TARGET_PREFIX\=ios
    export SWIFT_RESPONSE_FILE_PATH_normal_x86_64\=/Users/vivek/Library/Developer/Xcode/DerivedData/FinSafarMobile-crxdngiqgpzuzzgywsfulnakvumi/Build/Intermediates.noindex/Pods.build/Debug-iphonesimulator/ReactCodegen.build/Objects-normal/x86_64/ReactCodegen.SwiftFileList
    export SWIFT_VERSION\=5.0
    export SYMROOT\=/Users/vivek/Library/Developer/Xcode/DerivedData/FinSafarMobile-crxdngiqgpzuzzgywsfulnakvumi/Build/Products
    export SYSTEM_ADMIN_APPS_DIR\=/Applications/Utilities
    export SYSTEM_APPS_DIR\=/Applications
    export SYSTEM_CORE_SERVICES_DIR\=/System/Library/CoreServices
    export SYSTEM_DEMOS_DIR\=/Applications/Extras
    export SYSTEM_DEVELOPER_APPS_DIR\=/Applications/Xcode.app/Contents/Developer/Applications
    export SYSTEM_DEVELOPER_BIN_DIR\=/Applications/Xcode.app/Contents/Developer/usr/bin
    export SYSTEM_DEVELOPER_DEMOS_DIR\=/Applications/Xcode.app/Contents/Developer/Applications/Utilities/Built\ Examples
    export SYSTEM_DEVELOPER_DIR\=/Applications/Xcode.app/Contents/Developer
    export SYSTEM_DEVELOPER_DOC_DIR\=/Applications/Xcode.app/Contents/Developer/ADC\ Reference\ Library
    export SYSTEM_DEVELOPER_GRAPHICS_TOOLS_DIR\=/Applications/Xcode.app/Contents/Developer/Applications/Graphics\ Tools
    export SYSTEM_DEVELOPER_JAVA_TOOLS_DIR\=/Applications/Xcode.app/Contents/Developer/Applications/Java\ Tools
    export SYSTEM_DEVELOPER_PERFORMANCE_TOOLS_DIR\=/Applications/Xcode.app/Contents/Developer/Applications/Performance\ Tools
    export SYSTEM_DEVELOPER_RELEASENOTES_DIR\=/Applications/Xcode.app/Contents/Developer/ADC\ Reference\ Library/releasenotes
    export SYSTEM_DEVELOPER_TOOLS\=/Applications/Xcode.app/Contents/Developer/Tools
    export SYSTEM_DEVELOPER_TOOLS_DOC_DIR\=/Applications/Xcode.app/Contents/Developer/ADC\ Reference\ Library/documentation/DeveloperTools
    export SYSTEM_DEVELOPER_TOOLS_RELEASENOTES_DIR\=/Applications/Xcode.app/Contents/Developer/ADC\ Reference\ Library/releasenotes/DeveloperTools
    export SYSTEM_DEVELOPER_USR_DIR\=/Applications/Xcode.app/Contents/Developer/usr
    export SYSTEM_DEVELOPER_UTILITIES_DIR\=/Applications/Xcode.app/Contents/Developer/Applications/Utilities
    export SYSTEM_DEXT_INSTALL_PATH\=/System/Library/DriverExtensions
    export SYSTEM_DOCUMENTATION_DIR\=/Library/Documentation
    export SYSTEM_EXTENSIONS_FOLDER_PATH\=ReactCodegen.framework/SystemExtensions
    export SYSTEM_EXTENSIONS_FOLDER_PATH_SHALLOW_BUNDLE_NO\=ReactCodegen.framework/Library/SystemExtensions
    export SYSTEM_EXTENSIONS_FOLDER_PATH_SHALLOW_BUNDLE_YES\=ReactCodegen.framework/SystemExtensions
    export SYSTEM_KEXT_INSTALL_PATH\=/System/Library/Extensions
    export SYSTEM_LIBRARY_DIR\=/System/Library
    export TAPI_DEMANGLE\=YES
    export TAPI_ENABLE_PROJECT_HEADERS\=NO
    export TAPI_LANGUAGE\=objective-c
    export TAPI_LANGUAGE_STANDARD\=compiler-default
    export TAPI_USE_SRCROOT\=YES
    export TAPI_VERIFY_MODE\=Pedantic
    export TARGETED_DEVICE_FAMILY\=1,2
    export TARGETNAME\=ReactCodegen
    export TARGET_BUILD_DIR\=/Users/vivek/Library/Developer/Xcode/DerivedData/FinSafarMobile-crxdngiqgpzuzzgywsfulnakvumi/Build/Products/Debug-iphonesimulator/ReactCodegen
    export TARGET_DEVICE_IDENTIFIER\=DB8E7F90-FB2D-4385-B320-28EACCC7A691
    export TARGET_DEVICE_MODEL\=iPhone15,4
    export TARGET_DEVICE_OS_VERSION\=17.0.1
    export TARGET_DEVICE_PLATFORM_NAME\=iphonesimulator
    export TARGET_NAME\=ReactCodegen
    export TARGET_TEMP_DIR\=/Users/vivek/Library/Developer/Xcode/DerivedData/FinSafarMobile-crxdngiqgpzuzzgywsfulnakvumi/Build/Intermediates.noindex/Pods.build/Debug-iphonesimulator/ReactCodegen.build
    export TEMP_DIR\=/Users/vivek/Library/Developer/Xcode/DerivedData/FinSafarMobile-crxdngiqgpzuzzgywsfulnakvumi/Build/Intermediates.noindex/Pods.build/Debug-iphonesimulator/ReactCodegen.build
    export TEMP_FILES_DIR\=/Users/vivek/Library/Developer/Xcode/DerivedData/FinSafarMobile-crxdngiqgpzuzzgywsfulnakvumi/Build/Intermediates.noindex/Pods.build/Debug-iphonesimulator/ReactCodegen.build
    export TEMP_FILE_DIR\=/Users/vivek/Library/Developer/Xcode/DerivedData/FinSafarMobile-crxdngiqgpzuzzgywsfulnakvumi/Build/Intermediates.noindex/Pods.build/Debug-iphonesimulator/ReactCodegen.build
    export TEMP_ROOT\=/Users/vivek/Library/Developer/Xcode/DerivedData/FinSafarMobile-crxdngiqgpzuzzgywsfulnakvumi/Build/Intermediates.noindex
    export TEMP_SANDBOX_DIR\=/Users/vivek/Library/Developer/Xcode/DerivedData/FinSafarMobile-crxdngiqgpzuzzgywsfulnakvumi/Build/Intermediates.noindex/TemporaryTaskSandboxes
    export TEST_FRAMEWORK_SEARCH_PATHS\=\ /Applications/Xcode.app/Contents/Developer/Platforms/iPhoneSimulator.platform/Developer/Library/Frameworks\ /Applications/Xcode.app/Contents/Developer/Platforms/iPhoneSimulator.platform/Developer/SDKs/iPhoneSimulator18.5.sdk/Developer/Library/Frameworks
    export TEST_LIBRARY_SEARCH_PATHS\=\ /Applications/Xcode.app/Contents/Developer/Platforms/iPhoneSimulator.platform/Developer/usr/lib
    export TOOLCHAINS\=com.apple.dt.toolchain.XcodeDefault
    export TOOLCHAIN_DIR\=/Applications/Xcode.app/Contents/Developer/Toolchains/XcodeDefault.xctoolchain
    export TREAT_MISSING_BASELINES_AS_TEST_FAILURES\=NO
    export TREAT_MISSING_SCRIPT_PHASE_OUTPUTS_AS_ERRORS\=NO
    export TeamIdentifierPrefix\=Q65VH5NHGH.
    export UID\=501
    export UNINSTALLED_PRODUCTS_DIR\=/Users/vivek/Library/Developer/Xcode/DerivedData/FinSafarMobile-crxdngiqgpzuzzgywsfulnakvumi/Build/Intermediates.noindex/UninstalledProducts
    export UNLOCALIZED_RESOURCES_FOLDER_PATH\=ReactCodegen.framework
    export UNLOCALIZED_RESOURCES_FOLDER_PATH_SHALLOW_BUNDLE_NO\=ReactCodegen.framework/Resources
    export UNLOCALIZED_RESOURCES_FOLDER_PATH_SHALLOW_BUNDLE_YES\=ReactCodegen.framework
    export UNSTRIPPED_PRODUCT\=NO
    export USER\=vivek
    export USER_APPS_DIR\=/Users/vivek/Applications
    export USER_LIBRARY_DIR\=/Users/vivek/Library
    export USE_DYNAMIC_NO_PIC\=YES
    export USE_HEADERMAP\=YES
    export USE_HEADER_SYMLINKS\=NO
    export USE_HERMES\=true
    export USE_RECURSIVE_SCRIPT_INPUTS_IN_SCRIPT_PHASES\=YES
    export VALIDATE_DEVELOPMENT_ASSET_PATHS\=YES_ERROR
    export VALIDATE_PRODUCT\=NO
    export VALID_ARCHS\=arm64\ arm64e\ x86_64
    export VERBOSE_PBXCP\=NO
    export VERSIONING_SYSTEM\=apple-generic
    export VERSIONPLIST_PATH\=ReactCodegen.framework/version.plist
    export VERSIONS_FOLDER_PATH\=ReactCodegen.framework
    export VERSIONS_FOLDER_PATH_SHALLOW_BUNDLE_NO\=ReactCodegen.framework/Versions
    export VERSIONS_FOLDER_PATH_SHALLOW_BUNDLE_YES\=ReactCodegen.framework
    export VERSION_INFO_BUILDER\=vivek
    export VERSION_INFO_FILE\=ReactCodegen_vers.c
    export VERSION_INFO_STRING\=\"@\(\#\)PROGRAM:ReactCodegen\ \ PROJECT:Pods-1\"
    export WORKSPACE_DIR\=/Users/vivek/Documents/projects/fin-safar/mobile_app/ios
    export WRAPPER_EXTENSION\=framework
    export WRAPPER_NAME\=ReactCodegen.framework
    export WRAPPER_SUFFIX\=.framework
    export WRAP_ASSET_PACKS_IN_SEPARATE_DIRECTORIES\=NO
    export XCODE_APP_SUPPORT_DIR\=/Applications/Xcode.app/Contents/Developer/Library/Xcode
    export XCODE_PRODUCT_BUILD_VERSION\=16F6
    export XCODE_VERSION_ACTUAL\=1640
    export XCODE_VERSION_MAJOR\=1600
    export XCODE_VERSION_MINOR\=1640
    export XPCSERVICES_FOLDER_PATH\=ReactCodegen.framework/XPCServices
    export YACC\=yacc
    export _DISCOVER_COMMAND_LINE_LINKER_INPUTS\=YES
    export _DISCOVER_COMMAND_LINE_LINKER_INPUTS_INCLUDE_WL\=YES
    export _WRAPPER_CONTENTS_DIR_SHALLOW_BUNDLE_NO\=/Contents
    export _WRAPPER_PARENT_PATH_SHALLOW_BUNDLE_NO\=/..
    export _WRAPPER_RESOURCES_DIR_SHALLOW_BUNDLE_NO\=/Resources
    export __DIAGNOSE_DEPRECATED_ARCHS\=YES
    export arch\=undefined_arch
    export variant\=normal
    /bin/sh -c /Users/vivek/Library/Developer/Xcode/DerivedData/FinSafarMobile-crxdngiqgpzuzzgywsfulnakvumi/Build/Intermediates.noindex/Pods.build/Debug-iphonesimulator/ReactCodegen.build/Script-46EB2E00017E50.sh

CompileC /Users/vivek/Library/Developer/Xcode/DerivedData/FinSafarMobile-crxdngiqgpzuzzgywsfulnakvumi/Build/Intermediates.noindex/Pods.build/Debug-iphonesimulator/react-native-safe-area-context.build/Objects-normal/x86_64/RNCSafeAreaViewState.o /Users/vivek/Documents/projects/fin-safar/mobile_app/node_modules/react-native-safe-area-context/common/cpp/react/renderer/components/safeareacontext/RNCSafeAreaViewState.cpp normal x86_64 c++ com.apple.compilers.llvm.clang.1_0.compiler (in target 'react-native-safe-area-context' from project 'Pods')
    cd /Users/vivek/Documents/projects/fin-safar/mobile_app/ios/Pods
    
    Using response file: /Users/vivek/Library/Developer/Xcode/DerivedData/FinSafarMobile-crxdngiqgpzuzzgywsfulnakvumi/Build/Intermediates.noindex/Pods.build/Debug-iphonesimulator/react-native-safe-area-context.build/Objects-normal/x86_64/82b82416624d2658e5098eb0a28c15c5-common-args.resp
    
    /Applications/Xcode.app/Contents/Developer/Toolchains/XcodeDefault.xctoolchain/usr/bin/clang -x c++ -ivfsstatcache /Users/vivek/Library/Developer/Xcode/DerivedData/SDKStatCaches.noindex/iphonesimulator18.5-22F76-d5fc8ad4295d2ef488fb7d0f804ce0c4.sdkstatcache -fmessage-length\=0 -fdiagnostics-show-note-include-stack -fmacro-backtrace-limit\=0 -fno-color-diagnostics -fmodules-prune-interval\=86400 -fmodules-prune-after\=345600 -fbuild-session-file\=/Users/vivek/Library/Developer/Xcode/DerivedData/ModuleCache.noindex/Session.modulevalidation -fmodules-validate-once-per-build-session -Wnon-modular-include-in-framework-module -Werror\=non-modular-include-in-framework-module -Wno-trigraphs -Wno-missing-field-initializers -Wno-missing-prototypes -Werror\=return-type -Wdocumentation -Wunreachable-code -Werror\=deprecated-objc-isa-usage -Werror\=objc-root-class -Wno-non-virtual-dtor -Wno-overloaded-virtual -Wno-exit-time-destructors -Wno-missing-braces -Wparentheses -Wswitch -Wunused-function -Wno-unused-label -Wno-unused-parameter -Wunused-variable -Wunused-value -Wempty-body -Wuninitialized -Wconditional-uninitialized -Wno-unknown-pragmas -Wno-shadow -Wno-four-char-constants -Wno-conversion -Wconstant-conversion -Wint-conversion -Wbool-conversion -Wenum-conversion -Wno-float-conversion -Wnon-literal-null-conversion -Wobjc-literal-conversion -Wshorten-64-to-32 -Wno-newline-eof -Wno-c++11-extensions -Wno-implicit-fallthrough -fstrict-aliasing -Wdeprecated-declarations -Winvalid-offsetof -Wno-sign-conversion -Winfinite-recursion -Wmove -Wcomma -Wblock-capture-autoreleasing -Wstrict-prototypes -Wrange-loop-analysis -Wno-semicolon-before-method-body -Wunguarded-availability -index-store-path /Users/vivek/Library/Developer/Xcode/DerivedData/FinSafarMobile-crxdngiqgpzuzzgywsfulnakvumi/Index.noindex/DataStore @/Users/vivek/Library/Developer/Xcode/DerivedData/FinSafarMobile-crxdngiqgpzuzzgywsfulnakvumi/Build/Intermediates.noindex/Pods.build/Debug-iphonesimulator/react-native-safe-area-context.build/Objects-normal/x86_64/82b82416624d2658e5098eb0a28c15c5-common-args.resp -DRCT_NEW_ARCH_ENABLED\=1 -include /Users/vivek/Documents/projects/fin-safar/mobile_app/ios/Pods/Target\ Support\ Files/react-native-safe-area-context/react-native-safe-area-context-prefix.pch -MMD -MT dependencies -MF /Users/vivek/Library/Developer/Xcode/DerivedData/FinSafarMobile-crxdngiqgpzuzzgywsfulnakvumi/Build/Intermediates.noindex/Pods.build/Debug-iphonesimulator/react-native-safe-area-context.build/Objects-normal/x86_64/RNCSafeAreaViewState.d --serialize-diagnostics /Users/vivek/Library/Developer/Xcode/DerivedData/FinSafarMobile-crxdngiqgpzuzzgywsfulnakvumi/Build/Intermediates.noindex/Pods.build/Debug-iphonesimulator/react-native-safe-area-context.build/Objects-normal/x86_64/RNCSafeAreaViewState.dia -c /Users/vivek/Documents/projects/fin-safar/mobile_app/node_modules/react-native-safe-area-context/common/cpp/react/renderer/components/safeareacontext/RNCSafeAreaViewState.cpp -o /Users/vivek/Library/Developer/Xcode/DerivedData/FinSafarMobile-crxdngiqgpzuzzgywsfulnakvumi/Build/Intermediates.noindex/Pods.build/Debug-iphonesimulator/react-native-safe-area-context.build/Objects-normal/x86_64/RNCSafeAreaViewState.o -index-unit-output-path /Pods.build/Debug-iphonesimulator/react-native-safe-area-context.build/Objects-normal/x86_64/RNCSafeAreaViewState.o

CompileC /Users/vivek/Library/Developer/Xcode/DerivedData/FinSafarMobile-crxdngiqgpzuzzgywsfulnakvumi/Build/Intermediates.noindex/Pods.build/Debug-iphonesimulator/react-native-safe-area-context.build/Objects-normal/x86_64/RNCSafeAreaViewComponentView.o /Users/vivek/Documents/projects/fin-safar/mobile_app/node_modules/react-native-safe-area-context/ios/Fabric/RNCSafeAreaViewComponentView.mm normal x86_64 objective-c++ com.apple.compilers.llvm.clang.1_0.compiler (in target 'react-native-safe-area-context' from project 'Pods')
    cd /Users/vivek/Documents/projects/fin-safar/mobile_app/ios/Pods
    
    Using response file: /Users/vivek/Library/Developer/Xcode/DerivedData/FinSafarMobile-crxdngiqgpzuzzgywsfulnakvumi/Build/Intermediates.noindex/Pods.build/Debug-iphonesimulator/react-native-safe-area-context.build/Objects-normal/x86_64/af3fcb34312c57c0f52879cdce924b91-common-args.resp
    
    /Applications/Xcode.app/Contents/Developer/Toolchains/XcodeDefault.xctoolchain/usr/bin/clang -x objective-c++ -ivfsstatcache /Users/vivek/Library/Developer/Xcode/DerivedData/SDKStatCaches.noindex/iphonesimulator18.5-22F76-d5fc8ad4295d2ef488fb7d0f804ce0c4.sdkstatcache -fmessage-length\=0 -fdiagnostics-show-note-include-stack -fmacro-backtrace-limit\=0 -fno-color-diagnostics -fmodules-prune-interval\=86400 -fmodules-prune-after\=345600 -fbuild-session-file\=/Users/vivek/Library/Developer/Xcode/DerivedData/ModuleCache.noindex/Session.modulevalidation -fmodules-validate-once-per-build-session -Wnon-modular-include-in-framework-module -Werror\=non-modular-include-in-framework-module -Wno-trigraphs -Wno-missing-field-initializers -Wno-missing-prototypes -Werror\=return-type -Wdocumentation -Wunreachable-code -Wno-implicit-atomic-properties -Werror\=deprecated-objc-isa-usage -Wno-objc-interface-ivars -Werror\=objc-root-class -Wno-arc-repeated-use-of-weak -Wimplicit-retain-self -Wno-non-virtual-dtor -Wno-overloaded-virtual -Wno-exit-time-destructors -Wduplicate-method-match -Wno-missing-braces -Wparentheses -Wswitch -Wunused-function -Wno-unused-label -Wno-unused-parameter -Wunused-variable -Wunused-value -Wempty-body -Wuninitialized -Wconditional-uninitialized -Wno-unknown-pragmas -Wno-shadow -Wno-four-char-constants -Wno-conversion -Wconstant-conversion -Wint-conversion -Wbool-conversion -Wenum-conversion -Wno-float-conversion -Wnon-literal-null-conversion -Wobjc-literal-conversion -Wshorten-64-to-32 -Wno-newline-eof -Wno-selector -Wno-strict-selector-match -Wundeclared-selector -Wdeprecated-implementations -Wno-c++11-extensions -Wno-implicit-fallthrough -fstrict-aliasing -Wprotocol -Wdeprecated-declarations -Winvalid-offsetof -Wno-sign-conversion -Winfinite-recursion -Wmove -Wcomma -Wblock-capture-autoreleasing -Wstrict-prototypes -Wrange-loop-analysis -Wno-semicolon-before-method-body -Wunguarded-availability -index-store-path /Users/vivek/Library/Developer/Xcode/DerivedData/FinSafarMobile-crxdngiqgpzuzzgywsfulnakvumi/Index.noindex/DataStore @/Users/vivek/Library/Developer/Xcode/DerivedData/FinSafarMobile-crxdngiqgpzuzzgywsfulnakvumi/Build/Intermediates.noindex/Pods.build/Debug-iphonesimulator/react-native-safe-area-context.build/Objects-normal/x86_64/af3fcb34312c57c0f52879cdce924b91-common-args.resp -DRCT_NEW_ARCH_ENABLED\=1 -include /Users/vivek/Documents/projects/fin-safar/mobile_app/ios/Pods/Target\ Support\ Files/react-native-safe-area-context/react-native-safe-area-context-prefix.pch -MMD -MT dependencies -MF /Users/vivek/Library/Developer/Xcode/DerivedData/FinSafarMobile-crxdngiqgpzuzzgywsfulnakvumi/Build/Intermediates.noindex/Pods.build/Debug-iphonesimulator/react-native-safe-area-context.build/Objects-normal/x86_64/RNCSafeAreaViewComponentView.d --serialize-diagnostics /Users/vivek/Library/Developer/Xcode/DerivedData/FinSafarMobile-crxdngiqgpzuzzgywsfulnakvumi/Build/Intermediates.noindex/Pods.build/Debug-iphonesimulator/react-native-safe-area-context.build/Objects-normal/x86_64/RNCSafeAreaViewComponentView.dia -c /Users/vivek/Documents/projects/fin-safar/mobile_app/node_modules/react-native-safe-area-context/ios/Fabric/RNCSafeAreaViewComponentView.mm -o /Users/vivek/Library/Developer/Xcode/DerivedData/FinSafarMobile-crxdngiqgpzuzzgywsfulnakvumi/Build/Intermediates.noindex/Pods.build/Debug-iphonesimulator/react-native-safe-area-context.build/Objects-normal/x86_64/RNCSafeAreaViewComponentView.o -index-unit-output-path /Pods.build/Debug-iphonesimulator/react-native-safe-area-context.build/Objects-normal/x86_64/RNCSafeAreaViewComponentView.o

CompileC /Users/vivek/Library/Developer/Xcode/DerivedData/FinSafarMobile-crxdngiqgpzuzzgywsfulnakvumi/Build/Intermediates.noindex/Pods.build/Debug-iphonesimulator/react-native-safe-area-context.build/Objects-normal/x86_64/RNCSafeAreaViewShadowNode.o /Users/vivek/Documents/projects/fin-safar/mobile_app/node_modules/react-native-safe-area-context/common/cpp/react/renderer/components/safeareacontext/RNCSafeAreaViewShadowNode.cpp normal x86_64 c++ com.apple.compilers.llvm.clang.1_0.compiler (in target 'react-native-safe-area-context' from project 'Pods')
    cd /Users/vivek/Documents/projects/fin-safar/mobile_app/ios/Pods
    
    Using response file: /Users/vivek/Library/Developer/Xcode/DerivedData/FinSafarMobile-crxdngiqgpzuzzgywsfulnakvumi/Build/Intermediates.noindex/Pods.build/Debug-iphonesimulator/react-native-safe-area-context.build/Objects-normal/x86_64/82b82416624d2658e5098eb0a28c15c5-common-args.resp
    
    /Applications/Xcode.app/Contents/Developer/Toolchains/XcodeDefault.xctoolchain/usr/bin/clang -x c++ -ivfsstatcache /Users/vivek/Library/Developer/Xcode/DerivedData/SDKStatCaches.noindex/iphonesimulator18.5-22F76-d5fc8ad4295d2ef488fb7d0f804ce0c4.sdkstatcache -fmessage-length\=0 -fdiagnostics-show-note-include-stack -fmacro-backtrace-limit\=0 -fno-color-diagnostics -fmodules-prune-interval\=86400 -fmodules-prune-after\=345600 -fbuild-session-file\=/Users/vivek/Library/Developer/Xcode/DerivedData/ModuleCache.noindex/Session.modulevalidation -fmodules-validate-once-per-build-session -Wnon-modular-include-in-framework-module -Werror\=non-modular-include-in-framework-module -Wno-trigraphs -Wno-missing-field-initializers -Wno-missing-prototypes -Werror\=return-type -Wdocumentation -Wunreachable-code -Werror\=deprecated-objc-isa-usage -Werror\=objc-root-class -Wno-non-virtual-dtor -Wno-overloaded-virtual -Wno-exit-time-destructors -Wno-missing-braces -Wparentheses -Wswitch -Wunused-function -Wno-unused-label -Wno-unused-parameter -Wunused-variable -Wunused-value -Wempty-body -Wuninitialized -Wconditional-uninitialized -Wno-unknown-pragmas -Wno-shadow -Wno-four-char-constants -Wno-conversion -Wconstant-conversion -Wint-conversion -Wbool-conversion -Wenum-conversion -Wno-float-conversion -Wnon-literal-null-conversion -Wobjc-literal-conversion -Wshorten-64-to-32 -Wno-newline-eof -Wno-c++11-extensions -Wno-implicit-fallthrough -fstrict-aliasing -Wdeprecated-declarations -Winvalid-offsetof -Wno-sign-conversion -Winfinite-recursion -Wmove -Wcomma -Wblock-capture-autoreleasing -Wstrict-prototypes -Wrange-loop-analysis -Wno-semicolon-before-method-body -Wunguarded-availability -index-store-path /Users/vivek/Library/Developer/Xcode/DerivedData/FinSafarMobile-crxdngiqgpzuzzgywsfulnakvumi/Index.noindex/DataStore @/Users/vivek/Library/Developer/Xcode/DerivedData/FinSafarMobile-crxdngiqgpzuzzgywsfulnakvumi/Build/Intermediates.noindex/Pods.build/Debug-iphonesimulator/react-native-safe-area-context.build/Objects-normal/x86_64/82b82416624d2658e5098eb0a28c15c5-common-args.resp -DRCT_NEW_ARCH_ENABLED\=1 -include /Users/vivek/Documents/projects/fin-safar/mobile_app/ios/Pods/Target\ Support\ Files/react-native-safe-area-context/react-native-safe-area-context-prefix.pch -MMD -MT dependencies -MF /Users/vivek/Library/Developer/Xcode/DerivedData/FinSafarMobile-crxdngiqgpzuzzgywsfulnakvumi/Build/Intermediates.noindex/Pods.build/Debug-iphonesimulator/react-native-safe-area-context.build/Objects-normal/x86_64/RNCSafeAreaViewShadowNode.d --serialize-diagnostics /Users/vivek/Library/Developer/Xcode/DerivedData/FinSafarMobile-crxdngiqgpzuzzgywsfulnakvumi/Build/Intermediates.noindex/Pods.build/Debug-iphonesimulator/react-native-safe-area-context.build/Objects-normal/x86_64/RNCSafeAreaViewShadowNode.dia -c /Users/vivek/Documents/projects/fin-safar/mobile_app/node_modules/react-native-safe-area-context/common/cpp/react/renderer/components/safeareacontext/RNCSafeAreaViewShadowNode.cpp -o /Users/vivek/Library/Developer/Xcode/DerivedData/FinSafarMobile-crxdngiqgpzuzzgywsfulnakvumi/Build/Intermediates.noindex/Pods.build/Debug-iphonesimulator/react-native-safe-area-context.build/Objects-normal/x86_64/RNCSafeAreaViewShadowNode.o -index-unit-output-path /Pods.build/Debug-iphonesimulator/react-native-safe-area-context.build/Objects-normal/x86_64/RNCSafeAreaViewShadowNode.o

CompileC /Users/vivek/Library/Developer/Xcode/DerivedData/FinSafarMobile-crxdngiqgpzuzzgywsfulnakvumi/Build/Intermediates.noindex/Pods.build/Debug-iphonesimulator/react-native-safe-area-context.build/Objects-normal/x86_64/RNCSafeAreaContext.o /Users/vivek/Documents/projects/fin-safar/mobile_app/node_modules/react-native-safe-area-context/ios/RNCSafeAreaContext.mm normal x86_64 objective-c++ com.apple.compilers.llvm.clang.1_0.compiler (in target 'react-native-safe-area-context' from project 'Pods')
    cd /Users/vivek/Documents/projects/fin-safar/mobile_app/ios/Pods
    
    Using response file: /Users/vivek/Library/Developer/Xcode/DerivedData/FinSafarMobile-crxdngiqgpzuzzgywsfulnakvumi/Build/Intermediates.noindex/Pods.build/Debug-iphonesimulator/react-native-safe-area-context.build/Objects-normal/x86_64/af3fcb34312c57c0f52879cdce924b91-common-args.resp
    
    /Applications/Xcode.app/Contents/Developer/Toolchains/XcodeDefault.xctoolchain/usr/bin/clang -x objective-c++ -ivfsstatcache /Users/vivek/Library/Developer/Xcode/DerivedData/SDKStatCaches.noindex/iphonesimulator18.5-22F76-d5fc8ad4295d2ef488fb7d0f804ce0c4.sdkstatcache -fmessage-length\=0 -fdiagnostics-show-note-include-stack -fmacro-backtrace-limit\=0 -fno-color-diagnostics -fmodules-prune-interval\=86400 -fmodules-prune-after\=345600 -fbuild-session-file\=/Users/vivek/Library/Developer/Xcode/DerivedData/ModuleCache.noindex/Session.modulevalidation -fmodules-validate-once-per-build-session -Wnon-modular-include-in-framework-module -Werror\=non-modular-include-in-framework-module -Wno-trigraphs -Wno-missing-field-initializers -Wno-missing-prototypes -Werror\=return-type -Wdocumentation -Wunreachable-code -Wno-implicit-atomic-properties -Werror\=deprecated-objc-isa-usage -Wno-objc-interface-ivars -Werror\=objc-root-class -Wno-arc-repeated-use-of-weak -Wimplicit-retain-self -Wno-non-virtual-dtor -Wno-overloaded-virtual -Wno-exit-time-destructors -Wduplicate-method-match -Wno-missing-braces -Wparentheses -Wswitch -Wunused-function -Wno-unused-label -Wno-unused-parameter -Wunused-variable -Wunused-value -Wempty-body -Wuninitialized -Wconditional-uninitialized -Wno-unknown-pragmas -Wno-shadow -Wno-four-char-constants -Wno-conversion -Wconstant-conversion -Wint-conversion -Wbool-conversion -Wenum-conversion -Wno-float-conversion -Wnon-literal-null-conversion -Wobjc-literal-conversion -Wshorten-64-to-32 -Wno-newline-eof -Wno-selector -Wno-strict-selector-match -Wundeclared-selector -Wdeprecated-implementations -Wno-c++11-extensions -Wno-implicit-fallthrough -fstrict-aliasing -Wprotocol -Wdeprecated-declarations -Winvalid-offsetof -Wno-sign-conversion -Winfinite-recursion -Wmove -Wcomma -Wblock-capture-autoreleasing -Wstrict-prototypes -Wrange-loop-analysis -Wno-semicolon-before-method-body -Wunguarded-availability -index-store-path /Users/vivek/Library/Developer/Xcode/DerivedData/FinSafarMobile-crxdngiqgpzuzzgywsfulnakvumi/Index.noindex/DataStore @/Users/vivek/Library/Developer/Xcode/DerivedData/FinSafarMobile-crxdngiqgpzuzzgywsfulnakvumi/Build/Intermediates.noindex/Pods.build/Debug-iphonesimulator/react-native-safe-area-context.build/Objects-normal/x86_64/af3fcb34312c57c0f52879cdce924b91-common-args.resp -DRCT_NEW_ARCH_ENABLED\=1 -include /Users/vivek/Documents/projects/fin-safar/mobile_app/ios/Pods/Target\ Support\ Files/react-native-safe-area-context/react-native-safe-area-context-prefix.pch -MMD -MT dependencies -MF /Users/vivek/Library/Developer/Xcode/DerivedData/FinSafarMobile-crxdngiqgpzuzzgywsfulnakvumi/Build/Intermediates.noindex/Pods.build/Debug-iphonesimulator/react-native-safe-area-context.build/Objects-normal/x86_64/RNCSafeAreaContext.d --serialize-diagnostics /Users/vivek/Library/Developer/Xcode/DerivedData/FinSafarMobile-crxdngiqgpzuzzgywsfulnakvumi/Build/Intermediates.noindex/Pods.build/Debug-iphonesimulator/react-native-safe-area-context.build/Objects-normal/x86_64/RNCSafeAreaContext.dia -c /Users/vivek/Documents/projects/fin-safar/mobile_app/node_modules/react-native-safe-area-context/ios/RNCSafeAreaContext.mm -o /Users/vivek/Library/Developer/Xcode/DerivedData/FinSafarMobile-crxdngiqgpzuzzgywsfulnakvumi/Build/Intermediates.noindex/Pods.build/Debug-iphonesimulator/react-native-safe-area-context.build/Objects-normal/x86_64/RNCSafeAreaContext.o -index-unit-output-path /Pods.build/Debug-iphonesimulator/react-native-safe-area-context.build/Objects-normal/x86_64/RNCSafeAreaContext.o

CompileC /Users/vivek/Library/Developer/Xcode/DerivedData/FinSafarMobile-crxdngiqgpzuzzgywsfulnakvumi/Build/Intermediates.noindex/Pods.build/Debug-iphonesimulator/react-native-safe-area-context.build/Objects-normal/x86_64/RNCSafeAreaProviderComponentView.o /Users/vivek/Documents/projects/fin-safar/mobile_app/node_modules/react-native-safe-area-context/ios/Fabric/RNCSafeAreaProviderComponentView.mm normal x86_64 objective-c++ com.apple.compilers.llvm.clang.1_0.compiler (in target 'react-native-safe-area-context' from project 'Pods')
    cd /Users/vivek/Documents/projects/fin-safar/mobile_app/ios/Pods
    
    Using response file: /Users/vivek/Library/Developer/Xcode/DerivedData/FinSafarMobile-crxdngiqgpzuzzgywsfulnakvumi/Build/Intermediates.noindex/Pods.build/Debug-iphonesimulator/react-native-safe-area-context.build/Objects-normal/x86_64/af3fcb34312c57c0f52879cdce924b91-common-args.resp
    
    /Applications/Xcode.app/Contents/Developer/Toolchains/XcodeDefault.xctoolchain/usr/bin/clang -x objective-c++ -ivfsstatcache /Users/vivek/Library/Developer/Xcode/DerivedData/SDKStatCaches.noindex/iphonesimulator18.5-22F76-d5fc8ad4295d2ef488fb7d0f804ce0c4.sdkstatcache -fmessage-length\=0 -fdiagnostics-show-note-include-stack -fmacro-backtrace-limit\=0 -fno-color-diagnostics -fmodules-prune-interval\=86400 -fmodules-prune-after\=345600 -fbuild-session-file\=/Users/vivek/Library/Developer/Xcode/DerivedData/ModuleCache.noindex/Session.modulevalidation -fmodules-validate-once-per-build-session -Wnon-modular-include-in-framework-module -Werror\=non-modular-include-in-framework-module -Wno-trigraphs -Wno-missing-field-initializers -Wno-missing-prototypes -Werror\=return-type -Wdocumentation -Wunreachable-code -Wno-implicit-atomic-properties -Werror\=deprecated-objc-isa-usage -Wno-objc-interface-ivars -Werror\=objc-root-class -Wno-arc-repeated-use-of-weak -Wimplicit-retain-self -Wno-non-virtual-dtor -Wno-overloaded-virtual -Wno-exit-time-destructors -Wduplicate-method-match -Wno-missing-braces -Wparentheses -Wswitch -Wunused-function -Wno-unused-label -Wno-unused-parameter -Wunused-variable -Wunused-value -Wempty-body -Wuninitialized -Wconditional-uninitialized -Wno-unknown-pragmas -Wno-shadow -Wno-four-char-constants -Wno-conversion -Wconstant-conversion -Wint-conversion -Wbool-conversion -Wenum-conversion -Wno-float-conversion -Wnon-literal-null-conversion -Wobjc-literal-conversion -Wshorten-64-to-32 -Wno-newline-eof -Wno-selector -Wno-strict-selector-match -Wundeclared-selector -Wdeprecated-implementations -Wno-c++11-extensions -Wno-implicit-fallthrough -fstrict-aliasing -Wprotocol -Wdeprecated-declarations -Winvalid-offsetof -Wno-sign-conversion -Winfinite-recursion -Wmove -Wcomma -Wblock-capture-autoreleasing -Wstrict-prototypes -Wrange-loop-analysis -Wno-semicolon-before-method-body -Wunguarded-availability -index-store-path /Users/vivek/Library/Developer/Xcode/DerivedData/FinSafarMobile-crxdngiqgpzuzzgywsfulnakvumi/Index.noindex/DataStore @/Users/vivek/Library/Developer/Xcode/DerivedData/FinSafarMobile-crxdngiqgpzuzzgywsfulnakvumi/Build/Intermediates.noindex/Pods.build/Debug-iphonesimulator/react-native-safe-area-context.build/Objects-normal/x86_64/af3fcb34312c57c0f52879cdce924b91-common-args.resp -DRCT_NEW_ARCH_ENABLED\=1 -include /Users/vivek/Documents/projects/fin-safar/mobile_app/ios/Pods/Target\ Support\ Files/react-native-safe-area-context/react-native-safe-area-context-prefix.pch -MMD -MT dependencies -MF /Users/vivek/Library/Developer/Xcode/DerivedData/FinSafarMobile-crxdngiqgpzuzzgywsfulnakvumi/Build/Intermediates.noindex/Pods.build/Debug-iphonesimulator/react-native-safe-area-context.build/Objects-normal/x86_64/RNCSafeAreaProviderComponentView.d --serialize-diagnostics /Users/vivek/Library/Developer/Xcode/DerivedData/FinSafarMobile-crxdngiqgpzuzzgywsfulnakvumi/Build/Intermediates.noindex/Pods.build/Debug-iphonesimulator/react-native-safe-area-context.build/Objects-normal/x86_64/RNCSafeAreaProviderComponentView.dia -c /Users/vivek/Documents/projects/fin-safar/mobile_app/node_modules/react-native-safe-area-context/ios/Fabric/RNCSafeAreaProviderComponentView.mm -o /Users/vivek/Library/Developer/Xcode/DerivedData/FinSafarMobile-crxdngiqgpzuzzgywsfulnakvumi/Build/Intermediates.noindex/Pods.build/Debug-iphonesimulator/react-native-safe-area-context.build/Objects-normal/x86_64/RNCSafeAreaProviderComponentView.o -index-unit-output-path /Pods.build/Debug-iphonesimulator/react-native-safe-area-context.build/Objects-normal/x86_64/RNCSafeAreaProviderComponentView.o

CompileC /Users/vivek/Library/Developer/Xcode/DerivedData/FinSafarMobile-crxdngiqgpzuzzgywsfulnakvumi/Build/Intermediates.noindex/Pods.build/Debug-iphonesimulator/ReactAppDependencyProvider.build/Objects-normal/x86_64/RCTAppDependencyProvider.o /Users/vivek/Documents/projects/fin-safar/mobile_app/ios/build/generated/ios/ReactAppDependencyProvider/RCTAppDependencyProvider.mm normal x86_64 objective-c++ com.apple.compilers.llvm.clang.1_0.compiler (in target 'ReactAppDependencyProvider' from project 'Pods')
    cd /Users/vivek/Documents/projects/fin-safar/mobile_app/ios/Pods
    
    Using response file: /Users/vivek/Library/Developer/Xcode/DerivedData/FinSafarMobile-crxdngiqgpzuzzgywsfulnakvumi/Build/Intermediates.noindex/Pods.build/Debug-iphonesimulator/ReactAppDependencyProvider.build/Objects-normal/x86_64/af3fcb34312c57c0f52879cdce924b91-common-args.resp
    
    /Applications/Xcode.app/Contents/Developer/Toolchains/XcodeDefault.xctoolchain/usr/bin/clang -x objective-c++ -ivfsstatcache /Users/vivek/Library/Developer/Xcode/DerivedData/SDKStatCaches.noindex/iphonesimulator18.5-22F76-d5fc8ad4295d2ef488fb7d0f804ce0c4.sdkstatcache -fmessage-length\=0 -fdiagnostics-show-note-include-stack -fmacro-backtrace-limit\=0 -fno-color-diagnostics -fmodules-prune-interval\=86400 -fmodules-prune-after\=345600 -fbuild-session-file\=/Users/vivek/Library/Developer/Xcode/DerivedData/ModuleCache.noindex/Session.modulevalidation -fmodules-validate-once-per-build-session -Wnon-modular-include-in-framework-module -Werror\=non-modular-include-in-framework-module -Wno-trigraphs -Wno-missing-field-initializers -Wno-missing-prototypes -Werror\=return-type -Wdocumentation -Wunreachable-code -Wno-implicit-atomic-properties -Werror\=deprecated-objc-isa-usage -Wno-objc-interface-ivars -Werror\=objc-root-class -Wno-arc-repeated-use-of-weak -Wimplicit-retain-self -Wno-non-virtual-dtor -Wno-overloaded-virtual -Wno-exit-time-destructors -Wduplicate-method-match -Wno-missing-braces -Wparentheses -Wswitch -Wunused-function -Wno-unused-label -Wno-unused-parameter -Wunused-variable -Wunused-value -Wempty-body -Wuninitialized -Wconditional-uninitialized -Wno-unknown-pragmas -Wno-shadow -Wno-four-char-constants -Wno-conversion -Wconstant-conversion -Wint-conversion -Wbool-conversion -Wenum-conversion -Wno-float-conversion -Wnon-literal-null-conversion -Wobjc-literal-conversion -Wshorten-64-to-32 -Wno-newline-eof -Wno-selector -Wno-strict-selector-match -Wundeclared-selector -Wdeprecated-implementations -Wno-c++11-extensions -Wno-implicit-fallthrough -fstrict-aliasing -Wprotocol -Wdeprecated-declarations -Winvalid-offsetof -Wno-sign-conversion -Winfinite-recursion -Wmove -Wcomma -Wblock-capture-autoreleasing -Wstrict-prototypes -Wrange-loop-analysis -Wno-semicolon-before-method-body -Wunguarded-availability -index-store-path /Users/vivek/Library/Developer/Xcode/DerivedData/FinSafarMobile-crxdngiqgpzuzzgywsfulnakvumi/Index.noindex/DataStore @/Users/vivek/Library/Developer/Xcode/DerivedData/FinSafarMobile-crxdngiqgpzuzzgywsfulnakvumi/Build/Intermediates.noindex/Pods.build/Debug-iphonesimulator/ReactAppDependencyProvider.build/Objects-normal/x86_64/af3fcb34312c57c0f52879cdce924b91-common-args.resp -include /Users/vivek/Documents/projects/fin-safar/mobile_app/ios/Pods/Target\ Support\ Files/ReactAppDependencyProvider/ReactAppDependencyProvider-prefix.pch -MMD -MT dependencies -MF /Users/vivek/Library/Developer/Xcode/DerivedData/FinSafarMobile-crxdngiqgpzuzzgywsfulnakvumi/Build/Intermediates.noindex/Pods.build/Debug-iphonesimulator/ReactAppDependencyProvider.build/Objects-normal/x86_64/RCTAppDependencyProvider.d --serialize-diagnostics /Users/vivek/Library/Developer/Xcode/DerivedData/FinSafarMobile-crxdngiqgpzuzzgywsfulnakvumi/Build/Intermediates.noindex/Pods.build/Debug-iphonesimulator/ReactAppDependencyProvider.build/Objects-normal/x86_64/RCTAppDependencyProvider.dia -c /Users/vivek/Documents/projects/fin-safar/mobile_app/ios/build/generated/ios/ReactAppDependencyProvider/RCTAppDependencyProvider.mm -o /Users/vivek/Library/Developer/Xcode/DerivedData/FinSafarMobile-crxdngiqgpzuzzgywsfulnakvumi/Build/Intermediates.noindex/Pods.build/Debug-iphonesimulator/ReactAppDependencyProvider.build/Objects-normal/x86_64/RCTAppDependencyProvider.o -index-unit-output-path /Pods.build/Debug-iphonesimulator/ReactAppDependencyProvider.build/Objects-normal/x86_64/RCTAppDependencyProvider.o

CompileC /Users/vivek/Library/Developer/Xcode/DerivedData/FinSafarMobile-crxdngiqgpzuzzgywsfulnakvumi/Build/Intermediates.noindex/Pods.build/Debug-iphonesimulator/RNCAsyncStorage.build/Objects-normal/x86_64/RNCAsyncStorage.o /Users/vivek/Documents/projects/fin-safar/mobile_app/node_modules/@react-native-async-storage/async-storage/ios/RNCAsyncStorage.mm normal x86_64 objective-c++ com.apple.compilers.llvm.clang.1_0.compiler (in target 'RNCAsyncStorage' from project 'Pods')
    cd /Users/vivek/Documents/projects/fin-safar/mobile_app/ios/Pods
    
    Using response file: /Users/vivek/Library/Developer/Xcode/DerivedData/FinSafarMobile-crxdngiqgpzuzzgywsfulnakvumi/Build/Intermediates.noindex/Pods.build/Debug-iphonesimulator/RNCAsyncStorage.build/Objects-normal/x86_64/af3fcb34312c57c0f52879cdce924b91-common-args.resp
    
    /Applications/Xcode.app/Contents/Developer/Toolchains/XcodeDefault.xctoolchain/usr/bin/clang -x objective-c++ -ivfsstatcache /Users/vivek/Library/Developer/Xcode/DerivedData/SDKStatCaches.noindex/iphonesimulator18.5-22F76-d5fc8ad4295d2ef488fb7d0f804ce0c4.sdkstatcache -fmessage-length\=0 -fdiagnostics-show-note-include-stack -fmacro-backtrace-limit\=0 -fno-color-diagnostics -fmodules-prune-interval\=86400 -fmodules-prune-after\=345600 -fbuild-session-file\=/Users/vivek/Library/Developer/Xcode/DerivedData/ModuleCache.noindex/Session.modulevalidation -fmodules-validate-once-per-build-session -Wnon-modular-include-in-framework-module -Werror\=non-modular-include-in-framework-module -Wno-trigraphs -Wno-missing-field-initializers -Wno-missing-prototypes -Werror\=return-type -Wdocumentation -Wunreachable-code -Wno-implicit-atomic-properties -Werror\=deprecated-objc-isa-usage -Wno-objc-interface-ivars -Werror\=objc-root-class -Wno-arc-repeated-use-of-weak -Wimplicit-retain-self -Wno-non-virtual-dtor -Wno-overloaded-virtual -Wno-exit-time-destructors -Wduplicate-method-match -Wno-missing-braces -Wparentheses -Wswitch -Wunused-function -Wno-unused-label -Wno-unused-parameter -Wunused-variable -Wunused-value -Wempty-body -Wuninitialized -Wconditional-uninitialized -Wno-unknown-pragmas -Wno-shadow -Wno-four-char-constants -Wno-conversion -Wconstant-conversion -Wint-conversion -Wbool-conversion -Wenum-conversion -Wno-float-conversion -Wnon-literal-null-conversion -Wobjc-literal-conversion -Wshorten-64-to-32 -Wno-newline-eof -Wno-selector -Wno-strict-selector-match -Wundeclared-selector -Wdeprecated-implementations -Wno-c++11-extensions -Wno-implicit-fallthrough -fstrict-aliasing -Wprotocol -Wdeprecated-declarations -Winvalid-offsetof -Wno-sign-conversion -Winfinite-recursion -Wmove -Wcomma -Wblock-capture-autoreleasing -Wstrict-prototypes -Wrange-loop-analysis -Wno-semicolon-before-method-body -Wunguarded-availability -index-store-path /Users/vivek/Library/Developer/Xcode/DerivedData/FinSafarMobile-crxdngiqgpzuzzgywsfulnakvumi/Index.noindex/DataStore @/Users/vivek/Library/Developer/Xcode/DerivedData/FinSafarMobile-crxdngiqgpzuzzgywsfulnakvumi/Build/Intermediates.noindex/Pods.build/Debug-iphonesimulator/RNCAsyncStorage.build/Objects-normal/x86_64/af3fcb34312c57c0f52879cdce924b91-common-args.resp -DFOLLY_NO_CONFIG -DFOLLY_MOBILE\=1 -DFOLLY_USE_LIBCPP\=1 -Wno-comma -Wno-shorten-64-to-32 -DRCT_NEW_ARCH_ENABLED\=1 -DRCT_NEW_ARCH_ENABLED\=1 -include /Users/vivek/Documents/projects/fin-safar/mobile_app/ios/Pods/Target\ Support\ Files/RNCAsyncStorage/RNCAsyncStorage-prefix.pch -MMD -MT dependencies -MF /Users/vivek/Library/Developer/Xcode/DerivedData/FinSafarMobile-crxdngiqgpzuzzgywsfulnakvumi/Build/Intermediates.noindex/Pods.build/Debug-iphonesimulator/RNCAsyncStorage.build/Objects-normal/x86_64/RNCAsyncStorage.d --serialize-diagnostics /Users/vivek/Library/Developer/Xcode/DerivedData/FinSafarMobile-crxdngiqgpzuzzgywsfulnakvumi/Build/Intermediates.noindex/Pods.build/Debug-iphonesimulator/RNCAsyncStorage.build/Objects-normal/x86_64/RNCAsyncStorage.dia -c /Users/vivek/Documents/projects/fin-safar/mobile_app/node_modules/@react-native-async-storage/async-storage/ios/RNCAsyncStorage.mm -o /Users/vivek/Library/Developer/Xcode/DerivedData/FinSafarMobile-crxdngiqgpzuzzgywsfulnakvumi/Build/Intermediates.noindex/Pods.build/Debug-iphonesimulator/RNCAsyncStorage.build/Objects-normal/x86_64/RNCAsyncStorage.o -index-unit-output-path /Pods.build/Debug-iphonesimulator/RNCAsyncStorage.build/Objects-normal/x86_64/RNCAsyncStorage.o

PrecompileModule /Users/vivek/Library/Developer/Xcode/DerivedData/FinSafarMobile-crxdngiqgpzuzzgywsfulnakvumi/Build/Intermediates.noindex/ExplicitPrecompiledModules/RNFBApp-DRRG8JWTUU6P4BAEU6UO2FSXX.scan
    cd /Users/vivek/Documents/projects/fin-safar/mobile_app/ios/Pods
    builtin-precompileModule /Users/vivek/Library/Developer/Xcode/DerivedData/FinSafarMobile-crxdngiqgpzuzzgywsfulnakvumi/Build/Intermediates.noindex/ExplicitPrecompiledModules/RNFBApp-DRRG8JWTUU6P4BAEU6UO2FSXX.scan
While building module 'RNFBApp':
In file included from <module-includes>:1:
In file included from /Users/vivek/Documents/projects/fin-safar/mobile_app/ios/Pods/Target Support Files/RNFBApp/RNFBApp-umbrella.h:13:
/Users/vivek/Documents/projects/fin-safar/mobile_app/node_modules/@react-native-firebase/app/ios/RNFBApp/RCTConvert+FIRApp.h:19:9: error: include of non-modular header inside framework module 'RNFBApp.RCTConvert_FIRApp': '/Users/vivek/Documents/projects/fin-safar/mobile_app/ios/Pods/Headers/Public/React-Core/React/RCTConvert.h' [-Werror,-Wnon-modular-include-in-framework-module]
   19 | #import <React/RCTConvert.h>
      |         ^
While building module 'RNFBApp':
In file included from <module-includes>:1:
In file included from /Users/vivek/Documents/projects/fin-safar/mobile_app/ios/Pods/Target Support Files/RNFBApp/RNFBApp-umbrella.h:14:
/Users/vivek/Documents/projects/fin-safar/mobile_app/node_modules/@react-native-firebase/app/ios/RNFBApp/RCTConvert+FIROptions.h:19:9: error: include of non-modular header inside framework module 'RNFBApp.RCTConvert_FIROptions': '/Users/vivek/Documents/projects/fin-safar/mobile_app/ios/Pods/Headers/Public/React-Core/React/RCTConvert.h' [-Werror,-Wnon-modular-include-in-framework-module]
   19 | #import <React/RCTConvert.h>
      |         ^
While building module 'RNFBApp':
In file included from <module-includes>:1:
In file included from /Users/vivek/Documents/projects/fin-safar/mobile_app/ios/Pods/Target Support Files/RNFBApp/RNFBApp-umbrella.h:15:
/Users/vivek/Documents/projects/fin-safar/mobile_app/node_modules/@react-native-firebase/app/ios/RNFBApp/RNFBAppModule.h:20:9: error: include of non-modular header inside framework module 'RNFBApp.RNFBAppModule': '/Users/vivek/Documents/projects/fin-safar/mobile_app/ios/Pods/Headers/Public/React-Core/React/RCTBridgeModule.h' [-Werror,-Wnon-modular-include-in-framework-module]
   20 | #import <React/RCTBridgeModule.h>
      |         ^
While building module 'RNFBApp':
In file included from <module-includes>:1:
In file included from /Users/vivek/Documents/projects/fin-safar/mobile_app/ios/Pods/Target Support Files/RNFBApp/RNFBApp-umbrella.h:20:
/Users/vivek/Documents/projects/fin-safar/mobile_app/node_modules/@react-native-firebase/app/ios/RNFBApp/RNFBRCTEventEmitter.h:19:9: error: include of non-modular header inside framework module 'RNFBApp.RNFBRCTEventEmitter': '/Users/vivek/Documents/projects/fin-safar/mobile_app/ios/Pods/Headers/Public/React-Core/React/RCTEventEmitter.h' [-Werror,-Wnon-modular-include-in-framework-module]
   19 | #import <React/RCTEventEmitter.h>
      |         ^
While building module 'RNFBApp':
In file included from <module-includes>:1:
In file included from /Users/vivek/Documents/projects/fin-safar/mobile_app/ios/Pods/Target Support Files/RNFBApp/RNFBApp-umbrella.h:21:
/Users/vivek/Documents/projects/fin-safar/mobile_app/node_modules/@react-native-firebase/app/ios/RNFBApp/RNFBSharedUtils.h:22:9: error: include of non-modular header inside framework module 'RNFBApp.RNFBSharedUtils': '/Users/vivek/Documents/projects/fin-safar/mobile_app/ios/Pods/Headers/Public/React-Core/React/RCTBridgeModule.h' [-Werror,-Wnon-modular-include-in-framework-module]
   22 | #import <React/RCTBridgeModule.h>
      |         ^
While building module 'RNFBApp':
In file included from <module-includes>:1:
In file included from /Users/vivek/Documents/projects/fin-safar/mobile_app/ios/Pods/Target Support Files/RNFBApp/RNFBApp-umbrella.h:22:
/Users/vivek/Documents/projects/fin-safar/mobile_app/node_modules/@react-native-firebase/app/ios/RNFBApp/RNFBUtilsModule.h:21:9: error: include of non-modular header inside framework module 'RNFBApp.RNFBUtilsModule': '/Users/vivek/Documents/projects/fin-safar/mobile_app/ios/Pods/Headers/Public/React-Core/React/RCTBridgeModule.h' [-Werror,-Wnon-modular-include-in-framework-module]
   21 | #import <React/RCTBridgeModule.h>
      |         ^
6 errors generated.
Failed frontend command:
/Applications/Xcode.app/Contents/Developer/Toolchains/XcodeDefault.xctoolchain/usr/bin/clang -cc1 -Wundef-prefix\=TARGET_OS_ -fdiagnostics-show-note-include-stack -fmacro-backtrace-limit\=0 -ferror-limit 19 -serialize-diagnostic-file /Users/vivek/Library/Developer/Xcode/DerivedData/FinSafarMobile-crxdngiqgpzuzzgywsfulnakvumi/Build/Intermediates.noindex/ExplicitPrecompiledModules/RNFBApp-DRRG8JWTUU6P4BAEU6UO2FSXX.dia -Wdeprecated-objc-isa-usage -Werror\=deprecated-objc-isa-usage -Werror\=implicit-function-declaration -Wnon-modular-include-in-framework-module -Werror\=non-modular-include-in-framework-module -Wno-trigraphs -Wno-missing-field-initializers -Wno-missing-prototypes -Werror\=return-type -Wdocumentation -Wunreachable-code -Wno-implicit-atomic-properties -Werror\=deprecated-objc-isa-usage -Wno-objc-interface-ivars -Werror\=objc-root-class -Wno-arc-repeated-use-of-weak -Wimplicit-retain-self -Wduplicate-method-match -Wno-missing-braces -Wparentheses -Wswitch -Wunused-function -Wno-unused-label -Wno-unused-parameter -Wunused-variable -Wunused-value -Wempty-body -Wuninitialized -Wconditional-uninitialized -Wno-unknown-pragmas -Wno-shadow -Wno-four-char-constants -Wno-conversion -Wconstant-conversion -Wint-conversion -Wbool-conversion -Wenum-conversion -Wno-float-conversion -Wnon-literal-null-conversion -Wobjc-literal-conversion -Wshorten-64-to-32 -Wpointer-sign -Wno-newline-eof -Wno-selector -Wno-strict-selector-match -Wundeclared-selector -Wdeprecated-implementations -Wno-implicit-fallthrough -Wprotocol -Wdeprecated-declarations -Wno-sign-conversion -Winfinite-recursion -Wcomma -Wblock-capture-autoreleasing -Wstrict-prototypes -Wno-semicolon-before-method-body -Wunguarded-availability -Wno-reorder-init-list -Wno-implicit-int-float-conversion -Wno-c99-designator -Wno-final-dtor-non-final-class -Wno-extra-semi-stmt -Wno-misleading-indentation -Wno-quoted-include-in-framework-header -Wno-implicit-fallthrough -Wno-enum-enum-conversion -Wno-enum-float-conversion -Wno-elaborated-enum-base -Wno-reserved-identifier -Wno-gnu-folding-constant -index-store-path /Users/vivek/Library/Developer/Xcode/DerivedData/FinSafarMobile-crxdngiqgpzuzzgywsfulnakvumi/Index.noindex/DataStore -fmodule-map-file\=/Users/vivek/Library/Developer/Xcode/DerivedData/FinSafarMobile-crxdngiqgpzuzzgywsfulnakvumi/Build/Products/Debug-iphonesimulator/FirebaseCore/FirebaseCore.framework/Modules/module.modulemap -fmodule-map-file\=/Applications/Xcode.app/Contents/Developer/Platforms/iPhoneSimulator.platform/Developer/SDKs/iPhoneSimulator18.5.sdk/System/Library/Frameworks/UIKit.framework/Modules/module.modulemap -fmodule-map-file\=/Applications/Xcode.app/Contents/Developer/Platforms/iPhoneSimulator.platform/Developer/SDKs/iPhoneSimulator18.5.sdk/System/Library/Frameworks/QuartzCore.framework/Modules/module.modulemap -fmodule-map-file\=/Applications/Xcode.app/Contents/Developer/Platforms/iPhoneSimulator.platform/Developer/SDKs/iPhoneSimulator18.5.sdk/System/Library/Frameworks/Foundation.framework/Modules/module.modulemap -fmodule-map-file\=/Applications/Xcode.app/Contents/Developer/Platforms/iPhoneSimulator.platform/Developer/SDKs/iPhoneSimulator18.5.sdk/System/Library/Frameworks/CoreGraphics.framework/Modules/module.modulemap -fmodule-map-file\=/Applications/Xcode.app/Contents/Developer/Toolchains/XcodeDefault.xctoolchain/usr/lib/clang/17/include/module.modulemap -fmodule-map-file\=/Applications/Xcode.app/Contents/Developer/Platforms/iPhoneSimulator.platform/Developer/SDKs/iPhoneSimulator18.5.sdk/usr/include/c_standard_library.modulemap -fmodule-map-file\=/Applications/Xcode.app/Contents/Developer/Platforms/iPhoneSimulator.platform/Developer/SDKs/iPhoneSimulator18.5.sdk/System/Library/Frameworks/Photos.framework/Modules/module.modulemap -o /Users/vivek/Library/Developer/Xcode/DerivedData/FinSafarMobile-crxdngiqgpzuzzgywsfulnakvumi/Build/Intermediates.noindex/ExplicitPrecompiledModules/RNFBApp-DRRG8JWTUU6P4BAEU6UO2FSXX.pcm -disable-free -emit-module -x objective-c /Users/vivek/Library/Developer/Xcode/DerivedData/FinSafarMobile-crxdngiqgpzuzzgywsfulnakvumi/Build/Products/Debug-iphonesimulator/RNFBApp/RNFBApp.framework/Modules/module.modulemap -tune-cpu generic -target-cpu core2 -triple x86_64-apple-ios15.1.0-simulator -target-linker-version 1167.5 -target-sdk-version\=18.5 -fmodules-validate-system-headers -fno-modules-prune-non-affecting-module-map-files -fno-modulemap-allow-subdirectory-search -isysroot /Applications/Xcode.app/Contents/Developer/Platforms/iPhoneSimulator.platform/Developer/SDKs/iPhoneSimulator18.5.sdk -resource-dir /Applications/Xcode.app/Contents/Developer/Toolchains/XcodeDefault.xctoolchain/usr/lib/clang/17 -fmodule-format\=obj -fmodule-file\=CoreGraphics\=/Users/vivek/Library/Developer/Xcode/DerivedData/FinSafarMobile-crxdngiqgpzuzzgywsfulnakvumi/Build/Intermediates.noindex/ExplicitPrecompiledModules/CoreGraphics-2YEQAU89H1XCSKN46D9LMC3B0.pcm -fmodule-file\=FirebaseCore\=/Users/vivek/Library/Developer/Xcode/DerivedData/FinSafarMobile-crxdngiqgpzuzzgywsfulnakvumi/Build/Intermediates.noindex/ExplicitPrecompiledModules/FirebaseCore-66ROSXOIF22BKSM3APTV16CU4.pcm -fmodule-file\=Foundation\=/Users/vivek/Library/Developer/Xcode/DerivedData/FinSafarMobile-crxdngiqgpzuzzgywsfulnakvumi/Build/Intermediates.noindex/ExplicitPrecompiledModules/Foundation-5P4P9GTNATPJNL3XFDNE01ZL6.pcm -fmodule-file\=Photos\=/Users/vivek/Library/Developer/Xcode/DerivedData/FinSafarMobile-crxdngiqgpzuzzgywsfulnakvumi/Build/Intermediates.noindex/ExplicitPrecompiledModules/Photos-9RLZQLGPUBM4KGVQ6272BP90V.pcm -fmodule-file\=QuartzCore\=/Users/vivek/Library/Developer/Xcode/DerivedData/FinSafarMobile-crxdngiqgpzuzzgywsfulnakvumi/Build/Intermediates.noindex/ExplicitPrecompiledModules/QuartzCore-AUXMFF0O9L272TUUJXGOIHJWK.pcm -fmodule-file\=UIKit\=/Users/vivek/Library/Developer/Xcode/DerivedData/FinSafarMobile-crxdngiqgpzuzzgywsfulnakvumi/Build/Intermediates.noindex/ExplicitPrecompiledModules/UIKit-5A0115QWU3UO5GMEDF59CIFF5.pcm -fmodule-file\=_Builtin_stdarg\=/Users/vivek/Library/Developer/Xcode/DerivedData/FinSafarMobile-crxdngiqgpzuzzgywsfulnakvumi/Build/Intermediates.noindex/ExplicitPrecompiledModules/_Builtin_stdarg-DQCKNXEXD8BW6D8B5UULRLVT2.pcm -fmodule-file\=_Builtin_stdbool\=/Users/vivek/Library/Developer/Xcode/DerivedData/FinSafarMobile-crxdngiqgpzuzzgywsfulnakvumi/Build/Intermediates.noindex/ExplicitPrecompiledModules/_Builtin_stdbool-D79IY6O3T3K5FSM5R1XHF2VBY.pcm -fmodule-file\=_Builtin_stddef\=/Users/vivek/Library/Developer/Xcode/DerivedData/FinSafarMobile-crxdngiqgpzuzzgywsfulnakvumi/Build/Intermediates.noindex/ExplicitPrecompiledModules/_Builtin_stddef-2M4O43BZEPQCFRB89FU48CY3P.pcm -fmodule-file\=_math\=/Users/vivek/Library/Developer/Xcode/DerivedData/FinSafarMobile-crxdngiqgpzuzzgywsfulnakvumi/Build/Intermediates.noindex/ExplicitPrecompiledModules/_math-A7KPG200X51OHRHJT2XFX9XQA.pcm -I /Users/vivek/Documents/projects/fin-safar/mobile_app/ios/Pods/Headers/Public -I /Users/vivek/Documents/projects/fin-safar/mobile_app/ios/Pods/Headers/Public/React-Core -I /Users/vivek/Documents/projects/fin-safar/mobile_app/ios/Pods/Headers/Public/React-Core-prebuilt -F /Users/vivek/Library/Developer/Xcode/DerivedData/FinSafarMobile-crxdngiqgpzuzzgywsfulnakvumi/Build/Products/Debug-iphonesimulator/FirebaseCore -isystem /Applications/Xcode.app/Contents/Developer/Toolchains/XcodeDefault.xctoolchain/usr/lib/clang/17/include -internal-externc-isystem /Applications/Xcode.app/Contents/Developer/Platforms/iPhoneSimulator.platform/Developer/SDKs/iPhoneSimulator18.5.sdk/usr/include -ivfsstatcache /Users/vivek/Library/Developer/Xcode/DerivedData/SDKStatCaches.noindex/iphonesimulator18.5-22F76-d5fc8ad4295d2ef488fb7d0f804ce0c4.sdkstatcache -ivfsoverlay /Users/vivek/Library/Developer/Xcode/DerivedData/FinSafarMobile-crxdngiqgpzuzzgywsfulnakvumi/Build/Intermediates.noindex/Pods.build/Debug-iphonesimulator/Pods-8699adb1dd336b26511df848a716bd42-VFS-iphonesimulator/all-product-headers.yaml -std\=gnu11 -fexceptions -fasm-blocks -fskip-odr-check-in-gmf -fmodules -fmodule-name\=RNFBApp -fmodules-search-all -fno-implicit-modules -fobjc-exceptions -fmax-type-align\=16 -mdarwin-stkchk-strong-link -fno-odr-hash-protocols -pic-level 2 -disable-objc-default-synthesize-properties -stack-protector 1 -fobjc-runtime\=ios-15.1.0 -fobjc-arc -fobjc-runtime-has-weak -fobjc-weak -fgnuc-version\=4.2.1 -fblocks -ffp-contract\=off -fclang-abi-compat\=4.0 -fno-experimental-relative-c++-abi-vtables -fno-file-reproducible -clang-vendor-feature\=+disableNonDependentMemberExprInCurrentInstantiation -clang-vendor-feature\=+enableAggressiveVLAFolding -clang-vendor-feature\=+revert09abecef7bbf -clang-vendor-feature\=+thisNoAlignAttr -clang-vendor-feature\=+thisNoNullAttr -clang-vendor-feature\=+disableAtImportPrivateFrameworkInImplementationError -O0 -fcommon -fno-sanitize-address-use-odr-indicator -fno-sanitize-memory-param-retval -fmerge-all-constants -fno-verbose-asm -fregister-global-dtors-with-atexit -fno-use-init-array -funique-basic-block-section-names -dwarf-version\=4 -debugger-tuning\=lldb -llvm-verify-each -dwarf-ext-refs -no-struct-path-tbaa -fexperimental-assignment-tracking\=disabled -no-enable-noundef-analysis -stack-protector-buffer-size 0 -debug-info-kind\=standalone -fdiagnostics-hotness-threshold\=0 -fdiagnostics-misexpect-tolerance\=0 -D COCOAPODS\=1 -D DEBUG\=1 -D OBJC_OLD_DISPATCH_PROTOTYPES\=0 -D POD_CONFIGURATION_DEBUG\=1 -D RCT_NEW_ARCH_ENABLED\=1 -D RCT_REMOVE_LEGACY_ARCH\=1 -D __GCC_HAVE_DWARF2_CFI_ASM\=1 -fdefine-target-os-macros -MT moduledependenciestarget -dependency-file /Users/vivek/Library/Developer/Xcode/DerivedData/FinSafarMobile-crxdngiqgpzuzzgywsfulnakvumi/Build/Intermediates.noindex/ExplicitPrecompiledModules/RNFBApp-DRRG8JWTUU6P4BAEU6UO2FSXX.d -skip-unused-modulemap-deps

CodeSign /Users/vivek/Library/Developer/Xcode/DerivedData/FinSafarMobile-crxdngiqgpzuzzgywsfulnakvumi/Build/Products/Debug-iphonesimulator/ReactCodegen/ReactCodegen.framework (in target 'ReactCodegen' from project 'Pods')
    cd /Users/vivek/Documents/projects/fin-safar/mobile_app/ios/Pods
    
    Signing Identity:     "Sign to Run Locally"
    
    /usr/bin/codesign --force --sign - --timestamp\=none --generate-entitlement-der /Users/vivek/Library/Developer/Xcode/DerivedData/FinSafarMobile-crxdngiqgpzuzzgywsfulnakvumi/Build/Products/Debug-iphonesimulator/ReactCodegen/ReactCodegen.framework
note: Signing static framework with --generate-pre-encrypt-hashes (in target 'ReactCodegen' from project 'Pods')
/Users/vivek/Library/Developer/Xcode/DerivedData/FinSafarMobile-crxdngiqgpzuzzgywsfulnakvumi/Build/Products/Debug-iphonesimulator/ReactCodegen/ReactCodegen.framework: replacing existing signature

CompileC /Users/vivek/Library/Developer/Xcode/DerivedData/FinSafarMobile-crxdngiqgpzuzzgywsfulnakvumi/Build/Intermediates.noindex/Pods.build/Debug-iphonesimulator/RNFBApp.build/Objects-normal/x86_64/RNFBAppModule.o /Users/vivek/Documents/projects/fin-safar/mobile_app/node_modules/@react-native-firebase/app/ios/RNFBApp/RNFBAppModule.m normal x86_64 objective-c com.apple.compilers.llvm.clang.1_0.compiler (in target 'RNFBApp' from project 'Pods')
    cd /Users/vivek/Documents/projects/fin-safar/mobile_app/ios/Pods
    
    Using response file: /Users/vivek/Library/Developer/Xcode/DerivedData/FinSafarMobile-crxdngiqgpzuzzgywsfulnakvumi/Build/Intermediates.noindex/Pods.build/Debug-iphonesimulator/RNFBApp.build/Objects-normal/x86_64/e6072d4f65d7061329687fe24e3d63a7-common-args.resp
    
    /Applications/Xcode.app/Contents/Developer/Toolchains/XcodeDefault.xctoolchain/usr/bin/clang -x objective-c -ivfsstatcache /Users/vivek/Library/Developer/Xcode/DerivedData/SDKStatCaches.noindex/iphonesimulator18.5-22F76-d5fc8ad4295d2ef488fb7d0f804ce0c4.sdkstatcache -fmessage-length\=0 -fdiagnostics-show-note-include-stack -fmacro-backtrace-limit\=0 -fno-color-diagnostics -fmodules-prune-interval\=86400 -fmodules-prune-after\=345600 -fbuild-session-file\=/Users/vivek/Library/Developer/Xcode/DerivedData/ModuleCache.noindex/Session.modulevalidation -fmodules-validate-once-per-build-session -Wnon-modular-include-in-framework-module -Werror\=non-modular-include-in-framework-module -Wno-trigraphs -Wno-missing-field-initializers -Wno-missing-prototypes -Werror\=return-type -Wdocumentation -Wunreachable-code -Wno-implicit-atomic-properties -Werror\=deprecated-objc-isa-usage -Wno-objc-interface-ivars -Werror\=objc-root-class -Wno-arc-repeated-use-of-weak -Wimplicit-retain-self -Wduplicate-method-match -Wno-missing-braces -Wparentheses -Wswitch -Wunused-function -Wno-unused-label -Wno-unused-parameter -Wunused-variable -Wunused-value -Wempty-body -Wuninitialized -Wconditional-uninitialized -Wno-unknown-pragmas -Wno-shadow -Wno-four-char-constants -Wno-conversion -Wconstant-conversion -Wint-conversion -Wbool-conversion -Wenum-conversion -Wno-float-conversion -Wnon-literal-null-conversion -Wobjc-literal-conversion -Wshorten-64-to-32 -Wpointer-sign -Wno-newline-eof -Wno-selector -Wno-strict-selector-match -Wundeclared-selector -Wdeprecated-implementations -Wno-implicit-fallthrough -fstrict-aliasing -Wprotocol -Wdeprecated-declarations -Wno-sign-conversion -Winfinite-recursion -Wcomma -Wblock-capture-autoreleasing -Wstrict-prototypes -Wno-semicolon-before-method-body -Wunguarded-availability -index-store-path /Users/vivek/Library/Developer/Xcode/DerivedData/FinSafarMobile-crxdngiqgpzuzzgywsfulnakvumi/Index.noindex/DataStore @/Users/vivek/Library/Developer/Xcode/DerivedData/FinSafarMobile-crxdngiqgpzuzzgywsfulnakvumi/Build/Intermediates.noindex/Pods.build/Debug-iphonesimulator/RNFBApp.build/Objects-normal/x86_64/e6072d4f65d7061329687fe24e3d63a7-common-args.resp -DRCT_NEW_ARCH_ENABLED\=1 -include /Users/vivek/Documents/projects/fin-safar/mobile_app/ios/Pods/Target\ Support\ Files/RNFBApp/RNFBApp-prefix.pch -MMD -MT dependencies -MF /Users/vivek/Library/Developer/Xcode/DerivedData/FinSafarMobile-crxdngiqgpzuzzgywsfulnakvumi/Build/Intermediates.noindex/Pods.build/Debug-iphonesimulator/RNFBApp.build/Objects-normal/x86_64/RNFBAppModule.d --serialize-diagnostics /Users/vivek/Library/Developer/Xcode/DerivedData/FinSafarMobile-crxdngiqgpzuzzgywsfulnakvumi/Build/Intermediates.noindex/Pods.build/Debug-iphonesimulator/RNFBApp.build/Objects-normal/x86_64/RNFBAppModule.dia -c /Users/vivek/Documents/projects/fin-safar/mobile_app/node_modules/@react-native-firebase/app/ios/RNFBApp/RNFBAppModule.m -o /Users/vivek/Library/Developer/Xcode/DerivedData/FinSafarMobile-crxdngiqgpzuzzgywsfulnakvumi/Build/Intermediates.noindex/Pods.build/Debug-iphonesimulator/RNFBApp.build/Objects-normal/x86_64/RNFBAppModule.o -index-unit-output-path /Pods.build/Debug-iphonesimulator/RNFBApp.build/Objects-normal/x86_64/RNFBAppModule.o
Failed frontend command:
/Applications/Xcode.app/Contents/Developer/Toolchains/XcodeDefault.xctoolchain/usr/bin/clang -cc1 -Wundef-prefix\=TARGET_OS_ -fdiagnostics-show-note-include-stack -fmacro-backtrace-limit\=0 -ferror-limit 19 -serialize-diagnostic-file /Users/vivek/Library/Developer/Xcode/DerivedData/FinSafarMobile-crxdngiqgpzuzzgywsfulnakvumi/Build/Intermediates.noindex/Pods.build/Debug-iphonesimulator/RNFBApp.build/Objects-normal/x86_64/RNFBAppModule.dia -Wdeprecated-objc-isa-usage -Werror\=deprecated-objc-isa-usage -Werror\=implicit-function-declaration -Wnon-modular-include-in-framework-module -Werror\=non-modular-include-in-framework-module -Wno-trigraphs -Wno-missing-field-initializers -Wno-missing-prototypes -Werror\=return-type -Wdocumentation -Wunreachable-code -Wno-implicit-atomic-properties -Werror\=deprecated-objc-isa-usage -Wno-objc-interface-ivars -Werror\=objc-root-class -Wno-arc-repeated-use-of-weak -Wimplicit-retain-self -Wduplicate-method-match -Wno-missing-braces -Wparentheses -Wswitch -Wunused-function -Wno-unused-label -Wno-unused-parameter -Wunused-variable -Wunused-value -Wempty-body -Wuninitialized -Wconditional-uninitialized -Wno-unknown-pragmas -Wno-shadow -Wno-four-char-constants -Wno-conversion -Wconstant-conversion -Wint-conversion -Wbool-conversion -Wenum-conversion -Wno-float-conversion -Wnon-literal-null-conversion -Wobjc-literal-conversion -Wshorten-64-to-32 -Wpointer-sign -Wno-newline-eof -Wno-selector -Wno-strict-selector-match -Wundeclared-selector -Wdeprecated-implementations -Wno-implicit-fallthrough -Wprotocol -Wdeprecated-declarations -Wno-sign-conversion -Winfinite-recursion -Wcomma -Wblock-capture-autoreleasing -Wstrict-prototypes -Wno-semicolon-before-method-body -Wunguarded-availability -Wno-reorder-init-list -Wno-implicit-int-float-conversion -Wno-c99-designator -Wno-final-dtor-non-final-class -Wno-extra-semi-stmt -Wno-misleading-indentation -Wno-quoted-include-in-framework-header -Wno-implicit-fallthrough -Wno-enum-enum-conversion -Wno-enum-float-conversion -Wno-elaborated-enum-base -Wno-reserved-identifier -Wno-gnu-folding-constant -index-store-path /Users/vivek/Library/Developer/Xcode/DerivedData/FinSafarMobile-crxdngiqgpzuzzgywsfulnakvumi/Index.noindex/DataStore -index-unit-output-path /Pods.build/Debug-iphonesimulator/RNFBApp.build/Objects-normal/x86_64/RNFBAppModule.o -fmodule-map-file\=/Users/vivek/Library/Developer/Xcode/DerivedData/FinSafarMobile-crxdngiqgpzuzzgywsfulnakvumi/Build/Products/Debug-iphonesimulator/RNFBApp/RNFBApp.framework/Modules/module.modulemap -fmodule-map-file\=/Applications/Xcode.app/Contents/Developer/Platforms/iPhoneSimulator.platform/Developer/SDKs/iPhoneSimulator.sdk/System/Library/Frameworks/Foundation.framework/Modules/module.modulemap -fmodule-map-file\=/Applications/Xcode.app/Contents/Developer/Platforms/iPhoneSimulator.platform/Developer/SDKs/iPhoneSimulator.sdk/System/Library/Frameworks/CoreGraphics.framework/Modules/module.modulemap -fmodule-map-file\=/Applications/Xcode.app/Contents/Developer/Platforms/iPhoneSimulator.platform/Developer/SDKs/iPhoneSimulator.sdk/System/Library/Frameworks/UIKit.framework/Modules/module.modulemap -fmodule-map-file\=/Users/vivek/Library/Developer/Xcode/DerivedData/FinSafarMobile-crxdngiqgpzuzzgywsfulnakvumi/Build/Products/Debug-iphonesimulator/FirebaseCore/FirebaseCore.framework/Modules/module.modulemap -fmodule-map-file\=/Users/vivek/Library/Developer/Xcode/DerivedData/FinSafarMobile-crxdngiqgpzuzzgywsfulnakvumi/Build/Products/Debug-iphonesimulator/FirebaseInstallations/FirebaseInstallations.framework/Modules/module.modulemap -fmodule-map-file\=/Users/vivek/Library/Developer/Xcode/DerivedData/FinSafarMobile-crxdngiqgpzuzzgywsfulnakvumi/Build/Products/Debug-iphonesimulator/FirebaseMessaging/FirebaseMessaging.framework/Modules/module.modulemap -o /Users/vivek/Library/Developer/Xcode/DerivedData/FinSafarMobile-crxdngiqgpzuzzgywsfulnakvumi/Build/Intermediates.noindex/Pods.build/Debug-iphonesimulator/RNFBApp.build/Objects-normal/x86_64/RNFBAppModule.o -disable-free -emit-obj -x objective-c /Users/vivek/Documents/projects/fin-safar/mobile_app/node_modules/@react-native-firebase/app/ios/RNFBApp/RNFBAppModule.m -tune-cpu generic -target-cpu core2 -triple x86_64-apple-ios15.1.0-simulator -target-linker-version 1167.5 -target-sdk-version\=18.5 -fmodules-validate-system-headers -fno-modulemap-allow-subdirectory-search -isysroot /Applications/Xcode.app/Contents/Developer/Platforms/iPhoneSimulator.platform/Developer/SDKs/iPhoneSimulator18.5.sdk -resource-dir /Applications/Xcode.app/Contents/Developer/Toolchains/XcodeDefault.xctoolchain/usr/lib/clang/17 -fmodule-format\=obj -fmodule-file\=CoreGraphics\=/Users/vivek/Library/Developer/Xcode/DerivedData/FinSafarMobile-crxdngiqgpzuzzgywsfulnakvumi/Build/Intermediates.noindex/ExplicitPrecompiledModules/CoreGraphics-2YEQAU89H1XCSKN46D9LMC3B0.pcm -fmodule-file\=FirebaseCore\=/Users/vivek/Library/Developer/Xcode/DerivedData/FinSafarMobile-crxdngiqgpzuzzgywsfulnakvumi/Build/Intermediates.noindex/ExplicitPrecompiledModules/FirebaseCore-66ROSXOIF22BKSM3APTV16CU4.pcm -fmodule-file\=FirebaseInstallations\=/Users/vivek/Library/Developer/Xcode/DerivedData/FinSafarMobile-crxdngiqgpzuzzgywsfulnakvumi/Build/Intermediates.noindex/ExplicitPrecompiledModules/FirebaseInstallations-3B0X17DK2B2NZJ192EKO89SN8.pcm -fmodule-file\=FirebaseMessaging\=/Users/vivek/Library/Developer/Xcode/DerivedData/FinSafarMobile-crxdngiqgpzuzzgywsfulnakvumi/Build/Intermediates.noindex/ExplicitPrecompiledModules/FirebaseMessaging-2HIJGVEYUGUHHF3AIUMAXV8ZD.pcm -fmodule-file\=Foundation\=/Users/vivek/Library/Developer/Xcode/DerivedData/FinSafarMobile-crxdngiqgpzuzzgywsfulnakvumi/Build/Intermediates.noindex/ExplicitPrecompiledModules/Foundation-5P4P9GTNATPJNL3XFDNE01ZL6.pcm -fmodule-file\=UIKit\=/Users/vivek/Library/Developer/Xcode/DerivedData/FinSafarMobile-crxdngiqgpzuzzgywsfulnakvumi/Build/Intermediates.noindex/ExplicitPrecompiledModules/UIKit-5A0115QWU3UO5GMEDF59CIFF5.pcm -I /Users/vivek/Library/Developer/Xcode/DerivedData/FinSafarMobile-crxdngiqgpzuzzgywsfulnakvumi/Build/Intermediates.noindex/Pods.build/Debug-iphonesimulator/RNFBApp.build/RNFBApp-own-target-headers.hmap -I /Users/vivek/Library/Developer/Xcode/DerivedData/FinSafarMobile-crxdngiqgpzuzzgywsfulnakvumi/Build/Intermediates.noindex/Pods.build/Debug-iphonesimulator/RNFBApp.build/RNFBApp-all-non-framework-target-headers.hmap -I /Users/vivek/Library/Developer/Xcode/DerivedData/FinSafarMobile-crxdngiqgpzuzzgywsfulnakvumi/Build/Products/Debug-iphonesimulator/RNFBApp/include -I /Users/vivek/Documents/projects/fin-safar/mobile_app/ios/Pods/ReactCommon -I /Users/vivek/Documents/projects/fin-safar/mobile_app/ios/Pods/ReactCommon/react/nativemodule/core -I /Users/vivek/Documents/projects/fin-safar/mobile_app/ios/Pods/React-runtimeexecutor -I /Users/vivek/Documents/projects/fin-safar/mobile_app/ios/Pods/React-runtimeexecutor/platform/ios -I /Users/vivek/Documents/projects/fin-safar/mobile_app/ios/Pods/ReactCommon-Samples -I /Users/vivek/Documents/projects/fin-safar/mobile_app/ios/Pods/ReactCommon-Samples/platform/ios -I /Users/vivek/Documents/projects/fin-safar/mobile_app/ios/Pods/React-Fabric/react/renderer/components/view/platform/cxx -I /Users/vivek/Documents/projects/fin-safar/mobile_app/ios/Pods/React-NativeModulesApple -I /Users/vivek/Documents/projects/fin-safar/mobile_app/ios/Pods/React-graphics -I /Users/vivek/Documents/projects/fin-safar/mobile_app/ios/Pods/React-graphics/react/renderer/graphics/platform/ios -I /Users/vivek/Documents/projects/fin-safar/mobile_app/ios/Pods/Headers/Public -I /Users/vivek/Documents/projects/fin-safar/mobile_app/ios/Pods/Headers/Public/FBLazyVector -I /Users/vivek/Documents/projects/fin-safar/mobile_app/ios/Pods/Headers/Public/RCTRequired -I /Users/vivek/Documents/projects/fin-safar/mobile_app/ios/Pods/Headers/Public/RCTTypeSafety -I /Users/vivek/Documents/projects/fin-safar/mobile_app/ios/Pods/Headers/Public/React-Core -I /Users/vivek/Documents/projects/fin-safar/mobile_app/ios/Pods/Headers/Public/React-Core-prebuilt -I /Users/vivek/Documents/projects/fin-safar/mobile_app/ios/Pods/Headers/Public/React-CoreModules -I /Users/vivek/Documents/projects/fin-safar/mobile_app/ios/Pods/Headers/Public/React-Fabric -I /Users/vivek/Documents/projects/fin-safar/mobile_app/ios/Pods/Headers/Public/React-FabricComponents -I /Users/vivek/Documents/projects/fin-safar/mobile_app/ios/Pods/Headers/Public/React-FabricImage -I /Users/vivek/Documents/projects/fin-safar/mobile_app/ios/Pods/Headers/Public/React-ImageManager -I /Users/vivek/Documents/projects/fin-safar/mobile_app/ios/Pods/Headers/Public/React-Mapbuffer -I /Users/vivek/Documents/projects/fin-safar/mobile_app/ios/Pods/Headers/Public/React-NativeModulesApple -I /Users/vivek/Documents/projects/fin-safar/mobile_app/ios/Pods/Headers/Public/React-RCTAnimation -I /Users/vivek/Documents/projects/fin-safar/mobile_app/ios/Pods/Headers/Public/React-RCTBlob -I /Users/vivek/Documents/projects/fin-safar/mobile_app/ios/Pods/Headers/Public/React-RCTFBReactNativeSpec -I /Users/vivek/Documents/projects/fin-safar/mobile_app/ios/Pods/Headers/Public/React-RCTFabric -I /Users/vivek/Documents/projects/fin-safar/mobile_app/ios/Pods/Headers/Public/React-RCTImage -I /Users/vivek/Documents/projects/fin-safar/mobile_app/ios/Pods/Headers/Public/React-RCTRuntime -I /Users/vivek/Documents/projects/fin-safar/mobile_app/ios/Pods/Headers/Public/React-RCTText -I /Users/vivek/Documents/projects/fin-safar/mobile_app/ios/Pods/Headers/Public/React-RuntimeApple -I /Users/vivek/Documents/projects/fin-safar/mobile_app/ios/Pods/Headers/Public/React-RuntimeCore -I /Users/vivek/Documents/projects/fin-safar/mobile_app/ios/Pods/Headers/Public/React-RuntimeHermes -I /Users/vivek/Documents/projects/fin-safar/mobile_app/ios/Pods/Headers/Public/React-callinvoker -I /Users/vivek/Documents/projects/fin-safar/mobile_app/ios/Pods/Headers/Public/React-cxxreact -I /Users/vivek/Documents/projects/fin-safar/mobile_app/ios/Pods/Headers/Public/React-debug -I /Users/vivek/Documents/projects/fin-safar/mobile_app/ios/Pods/Headers/Public/React-defaultsnativemodule -I /Users/vivek/Documents/projects/fin-safar/mobile_app/ios/Pods/Headers/Public/React-domnativemodule -I /Users/vivek/Documents/projects/fin-safar/mobile_app/ios/Pods/Headers/Public/React-featureflags -I /Users/vivek/Documents/projects/fin-safar/mobile_app/ios/Pods/Headers/Public/React-featureflagsnativemodule -I /Users/vivek/Documents/projects/fin-safar/mobile_app/ios/Pods/Headers/Public/React-graphics -I /Users/vivek/Documents/projects/fin-safar/mobile_app/ios/Pods/Headers/Public/React-hermes -I /Users/vivek/Documents/projects/fin-safar/mobile_app/ios/Pods/Headers/Public/React-idlecallbacksnativemodule -I /Users/vivek/Documents/projects/fin-safar/mobile_app/ios/Pods/Headers/Public/React-intersectionobservernativemodule -I /Users/vivek/Documents/projects/fin-safar/mobile_app/ios/Pods/Headers/Public/React-jserrorhandler -I /Users/vivek/Documents/projects/fin-safar/mobile_app/ios/Pods/Headers/Public/React-jsi -I /Users/vivek/Documents/projects/fin-safar/mobile_app/ios/Pods/Headers/Public/React-jsiexecutor -I /Users/vivek/Documents/projects/fin-safar/mobile_app/ios/Pods/Headers/Public/React-jsinspector -I /Users/vivek/Documents/projects/fin-safar/mobile_app/ios/Pods/Headers/Public/React-jsinspectorcdp -I /Users/vivek/Documents/projects/fin-safar/mobile_app/ios/Pods/Headers/Public/React-jsinspectornetwork -I /Users/vivek/Documents/projects/fin-safar/mobile_app/ios/Pods/Headers/Public/React-jsinspectortracing -I /Users/vivek/Documents/projects/fin-safar/mobile_app/ios/Pods/Headers/Public/React-jsitooling -I /Users/vivek/Documents/projects/fin-safar/mobile_app/ios/Pods/Headers/Public/React-logger -I /Users/vivek/Documents/projects/fin-safar/mobile_app/ios/Pods/Headers/Public/React-microtasksnativemodule -I /Users/vivek/Documents/projects/fin-safar/mobile_app/ios/Pods/Headers/Public/React-networking -I /Users/vivek/Documents/projects/fin-safar/mobile_app/ios/Pods/Headers/Public/React-oscompat -I /Users/vivek/Documents/projects/fin-safar/mobile_app/ios/Pods/Headers/Public/React-perflogger -I /Users/vivek/Documents/projects/fin-safar/mobile_app/ios/Pods/Headers/Public/React-performancecdpmetrics -I /Users/vivek/Documents/projects/fin-safar/mobile_app/ios/Pods/Headers/Public/React-performancetimeline -I /Users/vivek/Documents/projects/fin-safar/mobile_app/ios/Pods/Headers/Public/React-rendererconsistency -I /Users/vivek/Documents/projects/fin-safar/mobile_app/ios/Pods/Headers/Public/React-renderercss -I /Users/vivek/Documents/projects/fin-safar/mobile_app/ios/Pods/Headers/Public/React-rendererdebug -I /Users/vivek/Documents/projects/fin-safar/mobile_app/ios/Pods/Headers/Public/React-runtimeexecutor -I /Users/vivek/Documents/projects/fin-safar/mobile_app/ios/Pods/Headers/Public/React-runtimescheduler -I /Users/vivek/Documents/projects/fin-safar/mobile_app/ios/Pods/Headers/Public/React-timing -I /Users/vivek/Documents/projects/fin-safar/mobile_app/ios/Pods/Headers/Public/React-utils -I /Users/vivek/Documents/projects/fin-safar/mobile_app/ios/Pods/Headers/Public/React-webperformancenativemodule -I /Users/vivek/Documents/projects/fin-safar/mobile_app/ios/Pods/Headers/Public/ReactCommon -I /Users/vivek/Documents/projects/fin-safar/mobile_app/ios/Pods/Headers/Public/ReactNativeDependencies -I /Users/vivek/Documents/projects/fin-safar/mobile_app/ios/Pods/Headers/Public/Yoga -I /Users/vivek/Documents/projects/fin-safar/mobile_app/ios/Pods/Headers/Public/hermes-engine -I /Users/vivek/Documents/projects/fin-safar/mobile_app/ios/Pods/Headers/Private/Yoga -I /Users/vivek/Documents/projects/fin-safar/mobile_app/ios/Pods/React-graphics -I /Users/vivek/Documents/projects/fin-safar/mobile_app/ios/Pods/React-graphics/react/renderer/graphics/platform/ios -I /Users/vivek/Documents/projects/fin-safar/mobile_app/ios/Pods/React-Fabric -I /Users/vivek/Documents/projects/fin-safar/mobile_app/ios/Pods/React-Fabric/react/renderer/components/view/platform/cxx -I /Users/vivek/Documents/projects/fin-safar/mobile_app/ios/Pods/React-FabricImage -I /Users/vivek/Documents/projects/fin-safar/mobile_app/ios/Pods/ReactCommon -I /Users/vivek/Documents/projects/fin-safar/mobile_app/ios/Pods/ReactCommon/react/nativemodule/core -I /Users/vivek/Documents/projects/fin-safar/mobile_app/ios/Pods/React-runtimeexecutor -I /Users/vivek/Documents/projects/fin-safar/mobile_app/ios/Pods/React-runtimeexecutor/platform/ios -I /Users/vivek/Documents/projects/fin-safar/mobile_app/ios/Pods/React-NativeModulesApple -I /Users/vivek/Documents/projects/fin-safar/mobile_app/ios/Pods/React-RCTFabric -I /Users/vivek/Documents/projects/fin-safar/mobile_app/ios/Pods/React-utils -I /Users/vivek/Documents/projects/fin-safar/mobile_app/ios/Pods/React-featureflags -I /Users/vivek/Documents/projects/fin-safar/mobile_app/ios/Pods/React-debug -I /Users/vivek/Documents/projects/fin-safar/mobile_app/ios/Pods/React-ImageManager -I /Users/vivek/Documents/projects/fin-safar/mobile_app/ios/Pods/React-rendererdebug -I /Users/vivek/Documents/projects/fin-safar/mobile_app/ios/Pods/React-renderercss -I /Users/vivek/Library/Developer/Xcode/DerivedData/FinSafarMobile-crxdngiqgpzuzzgywsfulnakvumi/Build/Products/Debug-iphonesimulator/ReactCodegen/ReactCodegen.framework/Headers -I /Users/vivek/Documents/projects/fin-safar/mobile_app/ios/Pods/ReactCommon -I /Users/vivek/Documents/projects/fin-safar/mobile_app/ios/Pods/ReactCommon/react/nativemodule/core -I /Users/vivek/Documents/projects/fin-safar/mobile_app/ios/Pods/React-runtimeexecutor -I /Users/vivek/Documents/projects/fin-safar/mobile_app/ios/Pods/React-runtimeexecutor/platform/ios -I /Users/vivek/Documents/projects/fin-safar/mobile_app/ios/Pods/React-RCTFabric -I /Users/vivek/Documents/projects/fin-safar/mobile_app/ios/Pods/React-Fabric -I /Users/vivek/Documents/projects/fin-safar/mobile_app/ios/Pods/React-Fabric/react/renderer/components/view/platform/cxx -I /Users/vivek/Documents/projects/fin-safar/mobile_app/ios/Pods/React-FabricImage -I /Users/vivek/Documents/projects/fin-safar/mobile_app/ios/Pods/React-Graphics -I /Users/vivek/Documents/projects/fin-safar/mobile_app/ios/Pods/React-Graphics/react/renderer/graphics/platform/ios -I /Users/vivek/Documents/projects/fin-safar/mobile_app/ios/Pods/React-Fabric/react/renderer/imagemanager/platform/ios -I /Users/vivek/Library/Developer/Xcode/DerivedData/FinSafarMobile-crxdngiqgpzuzzgywsfulnakvumi/Build/Intermediates.noindex/Pods.build/Debug-iphonesimulator/RNFBApp.build/DerivedSources-normal/x86_64 -I /Users/vivek/Library/Developer/Xcode/DerivedData/FinSafarMobile-crxdngiqgpzuzzgywsfulnakvumi/Build/Intermediates.noindex/Pods.build/Debug-iphonesimulator/RNFBApp.build/DerivedSources/x86_64 -I /Users/vivek/Library/Developer/Xcode/DerivedData/FinSafarMobile-crxdngiqgpzuzzgywsfulnakvumi/Build/Intermediates.noindex/Pods.build/Debug-iphonesimulator/RNFBApp.build/DerivedSources -F /Users/vivek/Library/Developer/Xcode/DerivedData/FinSafarMobile-crxdngiqgpzuzzgywsfulnakvumi/Build/Products/Debug-iphonesimulator/RNFBApp -F /Users/vivek/Library/Developer/Xcode/DerivedData/FinSafarMobile-crxdngiqgpzuzzgywsfulnakvumi/Build/Products/Debug-iphonesimulator/FirebaseCore -F /Users/vivek/Library/Developer/Xcode/DerivedData/FinSafarMobile-crxdngiqgpzuzzgywsfulnakvumi/Build/Products/Debug-iphonesimulator/FirebaseCoreInternal -F /Users/vivek/Library/Developer/Xcode/DerivedData/FinSafarMobile-crxdngiqgpzuzzgywsfulnakvumi/Build/Products/Debug-iphonesimulator/FirebaseInstallations -F /Users/vivek/Library/Developer/Xcode/DerivedData/FinSafarMobile-crxdngiqgpzuzzgywsfulnakvumi/Build/Products/Debug-iphonesimulator/FirebaseMessaging -F /Users/vivek/Library/Developer/Xcode/DerivedData/FinSafarMobile-crxdngiqgpzuzzgywsfulnakvumi/Build/Products/Debug-iphonesimulator/GoogleDataTransport -F /Users/vivek/Library/Developer/Xcode/DerivedData/FinSafarMobile-crxdngiqgpzuzzgywsfulnakvumi/Build/Products/Debug-iphonesimulator/GoogleUtilities -F /Users/vivek/Library/Developer/Xcode/DerivedData/FinSafarMobile-crxdngiqgpzuzzgywsfulnakvumi/Build/Products/Debug-iphonesimulator/PromisesObjC -F /Users/vivek/Library/Developer/Xcode/DerivedData/FinSafarMobile-crxdngiqgpzuzzgywsfulnakvumi/Build/Products/Debug-iphonesimulator/RCTSwiftUI -F /Users/vivek/Library/Developer/Xcode/DerivedData/FinSafarMobile-crxdngiqgpzuzzgywsfulnakvumi/Build/Products/Debug-iphonesimulator/RCTSwiftUIWrapper -F /Users/vivek/Library/Developer/Xcode/DerivedData/FinSafarMobile-crxdngiqgpzuzzgywsfulnakvumi/Build/Products/Debug-iphonesimulator/ReactCodegen -F /Users/vivek/Library/Developer/Xcode/DerivedData/FinSafarMobile-crxdngiqgpzuzzgywsfulnakvumi/Build/Products/Debug-iphonesimulator/nanopb -F /Users/vivek/Documents/projects/fin-safar/mobile_app/ios/Pods/React-Core-prebuilt -F /Users/vivek/Documents/projects/fin-safar/mobile_app/ios/Pods/ReactNativeDependencies/framework/packages/react-native -F /Users/vivek/Documents/projects/fin-safar/mobile_app/ios/Pods/hermes-engine/destroot/Library/Frameworks/universal -F /Users/vivek/Library/Developer/Xcode/DerivedData/FinSafarMobile-crxdngiqgpzuzzgywsfulnakvumi/Build/Products/Debug-iphonesimulator/XCFrameworkIntermediates/React-Core-prebuilt -F /Users/vivek/Library/Developer/Xcode/DerivedData/FinSafarMobile-crxdngiqgpzuzzgywsfulnakvumi/Build/Products/Debug-iphonesimulator/XCFrameworkIntermediates/ReactNativeDependencies -F /Users/vivek/Library/Developer/Xcode/DerivedData/FinSafarMobile-crxdngiqgpzuzzgywsfulnakvumi/Build/Products/Debug-iphonesimulator/XCFrameworkIntermediates/hermes-engine/Pre-built -iquote /Users/vivek/Library/Developer/Xcode/DerivedData/FinSafarMobile-crxdngiqgpzuzzgywsfulnakvumi/Build/Intermediates.noindex/Pods.build/Debug-iphonesimulator/RNFBApp.build/RNFBApp-generated-files.hmap -iquote /Users/vivek/Library/Developer/Xcode/DerivedData/FinSafarMobile-crxdngiqgpzuzzgywsfulnakvumi/Build/Intermediates.noindex/Pods.build/Debug-iphonesimulator/RNFBApp.build/RNFBApp-project-headers.hmap -isystem /Applications/Xcode.app/Contents/Developer/Platforms/iPhoneSimulator.platform/Developer/SDKs/iPhoneSimulator18.5.sdk/usr/local/include -isystem /Applications/Xcode.app/Contents/Developer/Toolchains/XcodeDefault.xctoolchain/usr/lib/clang/17/include -internal-externc-isystem /Applications/Xcode.app/Contents/Developer/Platforms/iPhoneSimulator.platform/Developer/SDKs/iPhoneSimulator18.5.sdk/usr/include -internal-externc-isystem /Applications/Xcode.app/Contents/Developer/Toolchains/XcodeDefault.xctoolchain/usr/include -ivfsstatcache /Users/vivek/Library/Developer/Xcode/DerivedData/SDKStatCaches.noindex/iphonesimulator18.5-22F76-d5fc8ad4295d2ef488fb7d0f804ce0c4.sdkstatcache -ivfsoverlay /Users/vivek/Library/Developer/Xcode/DerivedData/FinSafarMobile-crxdngiqgpzuzzgywsfulnakvumi/Build/Intermediates.noindex/Pods.build/Debug-iphonesimulator/Pods-8699adb1dd336b26511df848a716bd42-VFS-iphonesimulator/all-product-headers.yaml -std\=gnu11 -fexceptions -fasm-blocks -fskip-odr-check-in-gmf -fmodules -fmodule-name\=RNFBApp -fno-implicit-modules -fobjc-exceptions -fmax-type-align\=16 -fpascal-strings -fvisibility-inlines-hidden-static-local-var -mdarwin-stkchk-strong-link -fno-odr-hash-protocols -pic-level 2 -fencode-extended-block-signature -stack-protector 1 -fobjc-runtime\=ios-15.1.0 -fobjc-arc -fobjc-runtime-has-weak -fobjc-weak -fgnuc-version\=4.2.1 -fblocks -ffp-contract\=on -fclang-abi-compat\=4.0 -fno-experimental-relative-c++-abi-vtables -fno-file-reproducible -clang-vendor-feature\=+disableNonDependentMemberExprInCurrentInstantiation -clang-vendor-feature\=+enableAggressiveVLAFolding -clang-vendor-feature\=+revert09abecef7bbf -clang-vendor-feature\=+thisNoAlignAttr -clang-vendor-feature\=+thisNoNullAttr -clang-vendor-feature\=+disableAtImportPrivateFrameworkInImplementationError -O0 -fno-assume-unique-vtables -fdebug-compilation-dir\=/Users/vivek/Documents/projects/fin-safar/mobile_app/ios/Pods -fcoverage-compilation-dir\=/Users/vivek/Documents/projects/fin-safar/mobile_app/ios/Pods -fregister-global-dtors-with-atexit -fno-strict-return -dwarf-version\=4 -debugger-tuning\=lldb -disable-llvm-verifier -dwarf-ext-refs -funwind-tables\=2 -clear-ast-before-backend -discard-value-names -main-file-name RNFBAppModule.m -mframe-pointer\=all -debug-info-kind\=standalone -fdiagnostics-hotness-threshold\=0 -fdiagnostics-misexpect-tolerance\=0 -D COCOAPODS\=1 -D DEBUG\=1 -D OBJC_OLD_DISPATCH_PROTOTYPES\=0 -D POD_CONFIGURATION_DEBUG\=1 -D RCT_NEW_ARCH_ENABLED\=1 -D RCT_REMOVE_LEGACY_ARCH\=1 -D __GCC_HAVE_DWARF2_CFI_ASM\=1 -include /Users/vivek/Documents/projects/fin-safar/mobile_app/ios/Pods/Target\ Support\ Files/RNFBApp/RNFBApp-prefix.pch -fdefine-target-os-macros -MT dependencies -dependency-file /Users/vivek/Library/Developer/Xcode/DerivedData/FinSafarMobile-crxdngiqgpzuzzgywsfulnakvumi/Build/Intermediates.noindex/Pods.build/Debug-iphonesimulator/RNFBApp.build/Objects-normal/x86_64/RNFBAppModule.d -skip-unused-modulemap-deps

warning: Run script build phase 'Bundle React Native code and images' will be run during every build because it does not specify any outputs. To address this issue, either add output dependencies to the script phase, or configure it to run in every build by unchecking "Based on dependency analysis" in the script phase. (in target 'FinSafarMobile' from project 'FinSafarMobile')
warning: Run script build phase '[CP-User] [RNFB] Core Configuration' will be run during every build because it does not specify any outputs. To address this issue, either add output dependencies to the script phase, or configure it to run in every build by unchecking "Based on dependency analysis" in the script phase. (in target 'FinSafarMobile' from project 'FinSafarMobile')
/Users/vivek/Documents/projects/fin-safar/mobile_app/ios/Pods/Pods.xcodeproj: warning: The iOS Simulator deployment target 'IPHONEOS_DEPLOYMENT_TARGET' is set to 9.0, but the range of supported deployment target versions is 12.0 to 18.5.99. (in target 'PromisesObjC-FBLPromises_Privacy' from project 'Pods')
note: Run script build phase '[CP-User] [RNDeps] Replace React Native Dependencies for the right configuration, if needed' will be run during every build because the option to run the script phase "Based on dependency analysis" is unchecked. (in target 'ReactNativeDependencies' from project 'Pods')
